method,algorithm,reward,seed,scenario_seed,success,crash,timeout,propulsion_energy_J,harvested_energy_uJ,flight_time_s,path_length_m,straight_line_distance_m,energy_per_m_J,mean_rotor_rpm
SAC-energy,SAC,energy,0,100000,1,0,0,995.043,0.80645,6.65,10.55,9.237,107.721,5123.3
SAC-energy,SAC,energy,0,100001,1,0,0,718.876,0.57497,4.9,10.141,9.015,79.742,5087.1
SAC-energy,SAC,energy,0,100002,0,1,0,482.27,0.38308,3.35,6.198,7.502,64.288,5050.3
SAC-energy,SAC,energy,0,100003,0,1,0,394.601,0.33385,2.5,3.815,8.219,48.011,5220.0
SAC-energy,SAC,energy,0,100004,1,0,0,950.188,0.78564,6.15,10.674,9.385,101.24,5183.9
SAC-energy,SAC,energy,0,100005,1,0,0,683.223,0.5616,4.55,8.83,8.165,83.673,5125.3
SAC-energy,SAC,energy,0,100006,1,0,0,774.974,0.64046,5.05,8.825,8.278,93.617,5169.7
SAC-energy,SAC,energy,0,100007,1,0,0,947.501,0.76023,6.35,11.683,10.155,93.305,5122.0
SAC-energy,SAC,energy,0,100008,1,0,0,524.787,0.40995,3.75,7.955,7.34,71.498,4999.3
SAC-energy,SAC,energy,0,100009,1,0,0,689.1,0.55106,4.7,8.295,7.79,88.465,5085.7
SAC-energy,SAC,energy,0,100010,0,1,0,508.182,0.41278,3.4,5.314,7.373,68.923,5120.1
SAC-energy,SAC,energy,0,100011,1,0,0,624.669,0.51232,4.25,8.759,7.931,78.76,5081.2
SAC-energy,SAC,energy,0,100012,0,1,0,248.032,0.21507,1.5,1.846,9.32,26.612,5311.9
SAC-energy,SAC,energy,0,100013,1,0,0,537.276,0.41764,3.85,7.7,7.38,72.802,4995.1
SAC-energy,SAC,energy,0,100014,0,1,0,885.49,0.72196,5.8,4.578,8.825,100.334,5164.1
SAC-energy,SAC,energy,0,100015,1,0,0,797.03,0.62699,5.55,10.686,9.791,81.407,5049.4
SAC-energy,SAC,energy,0,100016,1,0,0,736.24,0.58658,5.05,10.088,8.596,85.654,5076.1
SAC-energy,SAC,energy,0,100017,1,0,0,853.036,0.69626,5.65,8.903,7.793,109.462,5139.7
SAC-energy,SAC,energy,0,100018,1,0,0,685.288,0.53172,4.95,10.031,9.017,75.999,4980.3
SAC-energy,SAC,energy,0,100019,1,0,0,733.403,0.5754,5.15,10.218,9.673,75.822,5033.0
SAC-energy,SAC,energy,0,100020,1,0,0,575.48,0.45588,4.1,8.806,7.819,73.601,4998.9
SAC-energy,SAC,energy,0,100021,0,1,0,181.185,0.18102,0.95,1.093,8.23,22.016,5582.5
SAC-energy,SAC,energy,0,100022,1,0,0,849.237,0.69374,5.75,9.782,8.664,98.017,5092.5
SAC-energy,SAC,energy,0,100023,1,0,0,822.701,0.671,5.45,9.262,8.437,97.51,5138.8
SAC-energy,SAC,energy,0,100024,1,0,0,863.696,0.68856,5.8,10.462,9.114,94.762,5120.3
SAC-energy,SAC,energy,0,100025,1,0,0,827.101,0.69271,5.35,11.265,9.6,86.152,5180.1
SAC-energy,SAC,energy,0,100026,1,0,0,747.655,0.58935,5.25,10.492,9.501,78.692,5030.9
SAC-energy,SAC,energy,0,100027,1,0,0,787.739,0.63493,5.45,12.423,9.666,81.497,5054.6
SAC-energy,SAC,energy,0,100028,1,0,0,613.246,0.49105,4.2,8.218,7.748,79.146,5076.9
SAC-energy,SAC,energy,0,100029,1,0,0,1181.422,0.9667,7.7,10.454,9.057,130.445,5173.2
SAC-energy,SAC,energy,0,100030,1,0,0,700.196,0.57025,4.7,9.934,9.276,75.486,5110.8
SAC-energy,SAC,energy,0,100031,1,0,0,701.078,0.57974,4.7,9.712,8.038,87.223,5107.2
SAC-energy,SAC,energy,0,100032,1,0,0,677.306,0.54528,4.6,8.936,7.982,84.856,5092.6
SAC-energy,SAC,energy,0,100033,0,1,0,596.477,0.47721,4.05,6.826,8.528,69.946,5094.8
SAC-energy,SAC,energy,0,100034,1,0,0,707.062,0.57865,4.65,9.127,7.85,90.066,5153.3
SAC-energy,SAC,energy,0,100035,0,1,0,221.161,0.17526,1.55,1.84,8.919,24.796,5031.1
SAC-energy,SAC,energy,0,100036,0,0,1,2974.302,2.35842,20.0,12.846,10.5,283.272,5120.0
SAC-energy,SAC,energy,0,100037,0,1,0,419.882,0.34052,2.9,5.626,8.231,51.014,5054.5
SAC-energy,SAC,energy,0,100038,1,0,0,872.796,0.69543,5.95,11.19,9.882,88.324,5088.1
SAC-energy,SAC,energy,0,100039,1,0,0,719.999,0.59472,4.8,9.136,8.568,84.03,5119.5
SAC-energy,SAC,energy,0,100040,1,0,0,886.251,0.69417,6.2,12.531,10.951,80.929,5042.0
SAC-energy,SAC,energy,0,100041,1,0,0,655.514,0.52947,4.45,8.195,7.696,85.174,5092.3
SAC-energy,SAC,energy,0,100042,1,0,0,783.974,0.64038,5.15,9.132,7.881,99.473,5157.0
SAC-energy,SAC,energy,0,100043,1,0,0,612.381,0.48848,4.2,8.029,7.344,83.38,5075.6
SAC-energy,SAC,energy,0,100044,1,0,0,927.527,0.74847,6.3,11.316,10.63,87.256,5090.8
SAC-energy,SAC,energy,0,100045,1,0,0,676.19,0.56207,4.55,9.392,8.206,82.398,5097.6
SAC-energy,SAC,energy,0,100046,1,0,0,535.897,0.41862,3.85,7.683,7.34,73.015,4987.6
SAC-energy,SAC,energy,0,100047,1,0,0,1050.81,0.84964,6.9,10.352,8.979,117.034,5162.0
SAC-energy,SAC,energy,0,100048,1,0,0,732.765,0.62418,4.8,9.303,8.494,86.268,5145.8
SAC-energy,SAC,energy,0,100049,1,0,0,651.842,0.53374,4.35,8.259,7.661,85.087,5121.9
SAC-energy,SAC,energy,0,100050,1,0,0,931.96,0.76519,6.15,10.124,9.061,102.852,5145.0
SAC-energy,SAC,energy,0,100051,1,0,0,920.351,0.74116,6.2,11.405,10.669,86.264,5108.6
SAC-energy,SAC,energy,0,100052,1,0,0,593.891,0.48842,4.0,8.142,7.616,77.976,5101.4
SAC-energy,SAC,energy,0,100053,1,0,0,720.101,0.55849,5.1,10.032,9.208,78.207,5019.0
SAC-energy,SAC,energy,0,100054,1,0,0,737.423,0.6024,4.85,8.662,7.938,92.896,5153.3
SAC-energy,SAC,energy,0,100055,1,0,0,680.46,0.55992,4.7,9.858,8.521,79.855,5046.8
SAC-energy,SAC,energy,0,100056,1,0,0,747.006,0.61679,4.85,9.387,8.489,87.993,5177.1
SAC-energy,SAC,energy,0,100057,1,0,0,956.244,0.76669,6.35,9.132,7.79,122.757,5142.0
SAC-energy,SAC,energy,0,100058,1,0,0,675.429,0.56575,4.45,8.253,7.642,88.387,5140.8
SAC-energy,SAC,energy,0,100059,0,1,0,514.241,0.42347,3.35,5.78,8.522,60.343,5171.9
SAC-energy,SAC,energy,0,100060,1,0,0,794.986,0.62095,5.55,10.695,10.335,76.925,5047.6
SAC-energy,SAC,energy,0,100061,1,0,0,596.016,0.46441,4.25,8.886,8.108,73.509,5003.8
SAC-energy,SAC,energy,0,100062,1,0,0,1121.242,0.9109,7.4,9.766,7.732,145.004,5149.6
SAC-energy,SAC,energy,0,100063,1,0,0,575.923,0.49171,3.9,8.613,7.751,74.299,5071.1
SAC-energy,SAC,energy,0,100064,1,0,0,862.039,0.70656,5.6,9.699,8.763,98.373,5178.9
SAC-energy,SAC,energy,0,100065,1,0,0,673.596,0.55234,4.45,8.023,7.861,85.69,5143.8
SAC-energy,SAC,energy,0,100066,1,0,0,719.792,0.57117,4.95,10.017,9.127,78.868,5071.6
SAC-energy,SAC,energy,0,100067,1,0,0,647.043,0.51018,4.7,10.135,8.907,72.647,4962.1
SAC-energy,SAC,energy,0,100068,1,0,0,704.393,0.56077,4.9,10.221,8.563,82.26,5045.8
SAC-energy,SAC,energy,0,100069,1,0,0,673.254,0.52687,4.75,9.778,9.012,74.703,5025.0
SAC-energy,SAC,energy,0,100070,0,1,0,435.078,0.38643,2.6,4.39,9.473,45.926,5329.1
SAC-energy,SAC,energy,0,100071,1,0,0,719.127,0.57239,4.9,8.892,8.226,87.422,5089.8
SAC-energy,SAC,energy,0,100072,1,0,0,575.603,0.44986,4.1,8.745,7.937,72.517,5004.8
SAC-energy,SAC,energy,0,100073,1,0,0,1087.366,0.86873,7.25,10.068,8.545,127.247,5134.8
SAC-energy,SAC,energy,0,100074,1,0,0,758.117,0.59336,5.35,11.449,10.228,74.119,5023.7
SAC-energy,SAC,energy,0,100075,1,0,0,676.19,0.56091,4.65,9.654,8.097,83.514,5054.3
SAC-energy,SAC,energy,0,100076,0,1,0,296.798,0.26293,1.8,2.36,7.909,37.525,5294.7
SAC-energy,SAC,energy,0,100077,1,0,0,640.491,0.49982,4.55,8.624,7.922,80.852,5011.9
SAC-energy,SAC,energy,0,100078,1,0,0,1233.287,1.06131,7.8,14.901,10.244,120.389,5217.4
SAC-energy,SAC,energy,0,100079,1,0,0,746.128,0.58755,5.25,10.302,9.43,79.12,5026.8
SAC-energy,SAC,energy,0,100080,0,1,0,470.044,0.38186,3.15,6.637,8.957,52.475,5115.9
SAC-energy,SAC,energy,0,100081,1,0,0,700.376,0.55249,4.9,10.606,9.618,72.821,5037.9
SAC-energy,SAC,energy,0,100082,1,0,0,725.204,0.60439,4.85,9.307,8.391,86.422,5108.8
SAC-energy,SAC,energy,0,100083,1,0,0,818.336,0.68482,5.3,8.448,7.864,104.057,5177.2
SAC-energy,SAC,energy,0,100084,0,1,0,613.786,0.49851,4.0,6.398,10.165,60.38,5176.2
SAC-energy,SAC,energy,0,100085,1,0,0,705.397,0.57558,4.65,8.388,8.176,86.277,5149.7
SAC-energy,SAC,energy,0,100086,1,0,0,701.683,0.56025,4.75,8.775,7.735,90.718,5102.9
SAC-energy,SAC,energy,0,100087,1,0,0,747.604,0.58229,5.25,9.576,8.731,85.629,5036.7
SAC-energy,SAC,energy,0,100088,1,0,0,1006.32,0.84512,6.6,10.367,9.119,110.348,5148.7
SAC-energy,SAC,energy,0,100089,1,0,0,699.616,0.53687,5.1,9.893,9.071,77.125,4966.9
SAC-energy,SAC,energy,0,100090,0,1,0,302.273,0.26221,1.9,2.77,8.879,34.042,5225.4
SAC-energy,SAC,energy,0,100091,0,1,0,467.035,0.36752,3.3,6.211,7.545,61.9,5017.9
SAC-energy,SAC,energy,0,100092,1,0,0,678.057,0.56005,4.55,9.074,8.325,81.45,5106.3
SAC-energy,SAC,energy,0,100093,1,0,0,915.792,0.74317,6.05,10.845,9.047,101.222,5147.6
SAC-energy,SAC,energy,0,100094,1,0,0,663.536,0.54518,4.6,9.222,7.539,88.011,5041.1
SAC-energy,SAC,energy,0,100095,0,1,0,457.245,0.40594,2.75,5.254,7.532,60.707,5314.2
SAC-energy,SAC,energy,0,100096,1,0,0,781.157,0.61448,5.45,10.488,9.195,84.957,5045.9
SAC-energy,SAC,energy,0,100097,1,0,0,638.999,0.52813,4.3,9.095,8.155,78.36,5099.3
SAC-energy,SAC,energy,0,100098,1,0,0,658.718,0.52316,4.6,8.418,7.811,84.331,5038.3
SAC-energy,SAC,energy,0,100099,0,1,0,823.04,0.678,5.5,5.952,8.321,98.917,5115.9
SAC-energy,SAC,energy,0,100100,1,0,0,643.715,0.50997,4.5,9.068,7.98,80.67,5038.4
SAC-energy,SAC,energy,0,100101,0,1,0,664.84,0.54721,4.3,6.902,9.617,69.131,5187.1
SAC-energy,SAC,energy,0,100102,1,0,0,868.422,0.68162,6.05,11.932,10.819,80.268,5050.2
SAC-energy,SAC,energy,0,100103,1,0,0,781.225,0.61717,5.5,10.2,9.007,86.739,5025.0
SAC-energy,SAC,energy,0,100104,1,0,0,822.518,0.68634,5.45,10.174,9.087,90.516,5128.7
SAC-energy,SAC,energy,0,100105,0,1,0,421.509,0.34336,2.75,3.838,9.044,46.604,5172.4
SAC-energy,SAC,energy,0,100106,0,1,0,525.928,0.42846,3.4,4.345,10.656,49.355,5192.3
SAC-energy,SAC,energy,0,100107,1,0,0,769.745,0.6229,5.25,10.07,8.604,89.464,5081.1
SAC-energy,SAC,energy,0,100108,1,0,0,831.627,0.6855,5.45,9.385,8.316,100.008,5158.2
SAC-energy,SAC,energy,0,100109,1,0,0,1142.492,0.99385,7.15,14.578,10.199,112.023,5235.9
SAC-energy,SAC,energy,0,100110,1,0,0,674.903,0.53086,4.65,8.765,8.27,81.605,5071.7
SAC-energy,SAC,energy,0,100111,1,0,0,807.983,0.66034,5.5,10.885,10.062,80.304,5081.6
SAC-energy,SAC,energy,0,100112,1,0,0,777.213,0.63236,5.2,9.173,8.496,91.477,5119.9
SAC-energy,SAC,energy,0,100113,1,0,0,578.016,0.47053,4.0,8.606,7.613,75.929,5048.8
SAC-energy,SAC,energy,0,100114,1,0,0,577.116,0.44913,4.2,9.182,8.18,70.549,4963.9
SAC-energy,SAC,energy,0,100115,1,0,0,669.487,0.52499,4.8,10.157,8.766,76.372,4989.5
SAC-energy,SAC,energy,0,100116,1,0,0,856.322,0.69245,5.65,9.816,9.065,94.463,5151.6
SAC-energy,SAC,energy,0,100117,0,1,0,538.652,0.43011,3.65,6.56,8.733,61.679,5100.6
SAC-energy,SAC,energy,0,100118,1,0,0,722.86,0.5802,5.05,10.047,8.486,85.181,5033.4
SAC-energy,SAC,energy,0,100119,1,0,0,674.929,0.57212,4.45,8.988,7.886,85.59,5133.0
SAC-energy,SAC,energy,0,100120,1,0,0,762.779,0.62518,5.0,9.172,8.456,90.205,5160.4
SAC-energy,SAC,energy,0,100121,1,0,0,579.527,0.45673,4.15,8.926,8.116,71.404,4992.2
SAC-energy,SAC,energy,0,100122,1,0,0,650.161,0.50758,4.6,9.243,8.641,75.238,5019.8
SAC-energy,SAC,energy,0,100123,1,0,0,961.529,0.78161,6.5,10.527,9.053,106.21,5097.0
SAC-energy,SAC,energy,0,100124,0,1,0,616.546,0.50077,4.05,5.979,9.122,67.589,5159.4
SAC-energy,SAC,energy,0,100125,1,0,0,883.006,0.71413,6.1,11.291,8.265,106.843,5053.8
SAC-energy,SAC,energy,0,100126,1,0,0,781.271,0.63097,5.3,9.279,8.626,90.566,5093.5
SAC-energy,SAC,energy,0,100127,0,1,0,457.0,0.36615,3.15,6.843,8.644,52.869,5061.5
SAC-energy,SAC,energy,0,100128,0,1,0,1090.917,0.88488,7.25,6.834,8.526,127.952,5135.7
SAC-energy,SAC,energy,0,100129,0,1,0,399.912,0.32591,2.65,5.376,9.076,44.061,5138.3
SAC-energy,SAC,energy,0,100130,1,0,0,562.035,0.42991,4.1,8.764,8.1,69.391,4964.9
SAC-energy,SAC,energy,0,100131,1,0,0,834.308,0.69087,5.45,9.393,8.285,100.707,5163.7
SAC-energy,SAC,energy,0,100132,0,1,0,603.555,0.48153,4.1,7.483,8.666,69.644,5095.4
SAC-energy,SAC,energy,0,100133,1,0,0,611.311,0.49284,4.3,9.133,7.926,77.124,5019.4
SAC-energy,SAC,energy,0,100134,1,0,0,780.752,0.62892,5.4,11.703,9.972,78.293,5053.9
SAC-energy,SAC,energy,0,100135,1,0,0,629.19,0.51262,4.3,8.557,7.889,79.759,5073.9
SAC-energy,SAC,energy,0,100136,0,1,0,434.572,0.3551,2.9,3.544,10.838,40.096,5121.9
SAC-energy,SAC,energy,0,100137,1,0,0,875.511,0.68065,6.15,12.416,11.395,76.833,5036.9
SAC-energy,SAC,energy,0,100138,0,1,0,301.784,0.28067,1.75,2.719,8.268,36.502,5376.3
SAC-energy,SAC,energy,0,100139,1,0,0,694.484,0.5557,4.9,9.717,8.537,81.353,5014.0
SAC-energy,SAC,energy,0,100140,1,0,0,658.737,0.54822,4.4,8.672,7.88,83.6,5113.7
SAC-energy,SAC,energy,0,100141,1,0,0,899.375,0.71748,6.15,9.894,8.995,99.987,5081.3
SAC-energy,SAC,energy,0,100142,1,0,0,627.532,0.51042,4.4,9.303,8.179,76.725,5021.5
SAC-energy,SAC,energy,0,100143,1,0,0,808.43,0.65392,5.4,8.612,7.809,103.528,5124.9
SAC-energy,SAC,energy,0,100144,1,0,0,634.896,0.51959,4.25,8.182,7.597,83.57,5115.2
SAC-energy,SAC,energy,0,100145,1,0,0,854.243,0.69083,5.7,9.862,8.422,101.434,5127.0
SAC-energy,SAC,energy,0,100146,1,0,0,670.952,0.55353,4.55,9.324,8.28,81.037,5084.7
SAC-energy,SAC,energy,0,100147,1,0,0,810.642,0.65596,5.4,10.405,9.371,86.501,5131.1
SAC-energy,SAC,energy,0,100148,1,0,0,1001.388,0.82583,6.5,10.312,8.724,114.791,5178.7
SAC-energy,SAC,energy,0,100149,0,1,0,678.126,0.55153,4.5,5.756,8.832,76.781,5136.9
SAC-energy,SAC,energy,0,100150,1,0,0,731.574,0.58315,5.1,9.517,9.058,80.768,5040.6
SAC-energy,SAC,energy,0,100151,1,0,0,687.968,0.55343,4.6,8.718,8.246,83.434,5125.7
SAC-energy,SAC,energy,0,100152,0,1,0,184.628,0.1883,0.95,1.27,7.9,23.37,5619.3
SAC-energy,SAC,energy,0,100153,1,0,0,741.17,0.59762,4.9,9.547,8.949,82.822,5148.7
SAC-energy,SAC,energy,0,100154,1,0,0,530.257,0.40017,3.95,8.944,8.276,64.074,4928.8
SAC-energy,SAC,energy,0,100155,1,0,0,838.629,0.68038,5.55,8.704,8.362,100.294,5143.2
SAC-energy,SAC,energy,0,100156,1,0,0,768.811,0.625,5.2,9.608,8.31,92.521,5097.5
SAC-energy,SAC,energy,0,100157,1,0,0,810.833,0.65005,5.6,10.949,9.876,82.1,5058.0
SAC-energy,SAC,energy,0,100158,1,0,0,958.562,0.76699,6.45,9.504,8.77,109.304,5114.6
SAC-energy,SAC,energy,0,100159,1,0,0,651.829,0.52259,4.55,9.533,8.307,78.47,5037.5
SAC-energy,SAC,energy,0,100160,1,0,0,754.886,0.5936,5.3,9.88,8.584,87.939,5032.4
SAC-energy,SAC,energy,0,100161,1,0,0,748.762,0.59174,5.15,9.945,9.016,83.049,5073.3
SAC-energy,SAC,energy,0,100162,1,0,0,890.889,0.71586,6.0,9.882,9.181,97.033,5110.7
SAC-energy,SAC,energy,0,100163,1,0,0,703.19,0.55569,4.8,9.716,9.207,76.373,5089.7
SAC-energy,SAC,energy,0,100164,1,0,0,731.053,0.56981,5.2,11.273,9.548,76.567,5009.5
SAC-energy,SAC,energy,0,100165,1,0,0,636.754,0.5386,4.25,8.8,7.827,81.351,5107.0
SAC-energy,SAC,energy,0,100166,1,0,0,615.202,0.4909,4.35,9.819,8.452,72.786,5012.5
SAC-energy,SAC,energy,0,100167,1,0,0,1438.668,1.14433,9.6,10.459,8.696,165.446,5135.1
SAC-energy,SAC,energy,0,100168,1,0,0,1170.637,0.97152,7.65,11.841,8.828,132.611,5159.7
SAC-energy,SAC,energy,0,100169,1,0,0,680.299,0.55619,4.6,8.742,8.158,83.386,5094.7
SAC-energy,SAC,energy,0,100170,1,0,0,603.462,0.46129,4.4,8.794,7.95,75.909,4966.7
SAC-energy,SAC,energy,0,100171,1,0,0,590.38,0.45046,4.35,9.129,8.252,71.545,4946.4
SAC-energy,SAC,energy,0,100172,1,0,0,748.246,0.60983,5.15,10.493,8.797,85.055,5059.5
SAC-energy,SAC,energy,0,100173,1,0,0,852.539,0.70387,5.55,10.152,9.102,93.667,5171.6
SAC-energy,SAC,energy,0,100174,1,0,0,707.173,0.55787,4.9,8.51,7.649,92.449,5058.3
SAC-energy,SAC,energy,0,100175,0,1,0,414.411,0.33794,2.7,3.926,9.783,42.358,5175.0
SAC-energy,SAC,energy,0,100176,1,0,0,601.922,0.52002,3.85,9.071,8.567,70.264,5188.9
SAC-energy,SAC,energy,0,100177,1,0,0,679.716,0.56161,4.55,8.645,8.088,84.043,5112.4
SAC-energy,SAC,energy,0,100178,0,1,0,878.81,0.71451,5.8,4.856,7.551,116.391,5149.3
SAC-energy,SAC,energy,0,100179,1,0,0,809.809,0.6304,5.7,11.129,10.152,79.771,5031.6
SAC-energy,SAC,energy,0,100180,1,0,0,604.082,0.48393,4.15,8.614,7.932,76.155,5070.5
SAC-energy,SAC,energy,0,100181,1,0,0,676.633,0.53906,4.75,9.715,8.764,77.202,5026.5
SAC-energy,SAC,energy,0,100182,1,0,0,561.121,0.43075,4.15,8.85,8.323,67.42,4936.8
SAC-energy,SAC,energy,0,100183,1,0,0,881.783,0.70327,6.15,12.246,10.261,85.937,5040.9
SAC-energy,SAC,energy,0,100184,1,0,0,768.703,0.63827,5.0,9.649,8.328,92.3,5171.1
SAC-energy,SAC,energy,0,100185,1,0,0,652.598,0.527,4.55,9.62,8.052,81.046,5035.1
SAC-energy,SAC,energy,0,100186,1,0,0,755.737,0.60607,5.2,9.776,8.821,85.673,5066.3
SAC-energy,SAC,energy,0,100187,1,0,0,681.057,0.52872,4.85,10.064,9.124,74.646,5008.4
SAC-energy,SAC,energy,0,100188,1,0,0,564.945,0.46664,3.7,7.369,7.177,78.714,5157.6
SAC-energy,SAC,energy,0,100189,1,0,0,737.16,0.60744,4.8,8.698,7.6,96.992,5172.2
SAC-energy,SAC,energy,0,100190,1,0,0,702.031,0.56902,4.75,8.575,7.866,89.25,5096.8
SAC-energy,SAC,energy,0,100191,1,0,0,847.28,0.68728,5.8,9.605,7.798,108.66,5070.9
SAC-energy,SAC,energy,0,100192,1,0,0,690.824,0.59726,4.35,9.476,8.535,80.944,5223.5
SAC-energy,SAC,energy,0,100193,1,0,0,672.498,0.53919,4.6,9.529,8.356,80.482,5077.4
SAC-energy,SAC,energy,0,100194,1,0,0,955.812,0.78354,6.2,11.023,10.109,94.555,5182.3
SAC-energy,SAC,energy,0,100195,1,0,0,649.347,0.51663,4.6,9.249,7.92,81.983,5008.6
SAC-energy,SAC,energy,0,100196,1,0,0,784.368,0.60696,5.6,11.747,10.254,76.491,5004.3
SAC-energy,SAC,energy,0,100197,0,1,0,447.139,0.35953,3.05,4.374,7.744,57.744,5083.3
SAC-energy,SAC,energy,0,100198,1,0,0,775.177,0.62338,5.15,10.067,9.256,83.749,5139.5
SAC-energy,SAC,energy,0,100199,1,0,0,883.185,0.73528,5.8,8.872,7.993,110.5,5149.6
SAC-energy,SAC,energy,1,100000,1,0,0,819.241,0.69785,5.3,11.574,9.237,88.689,5170.0
SAC-energy,SAC,energy,1,100001,1,0,0,748.928,0.60861,4.9,10.422,9.015,83.076,5167.4
SAC-energy,SAC,energy,1,100002,1,0,0,639.042,0.5136,4.25,8.781,7.502,85.186,5137.3
SAC-energy,SAC,energy,1,100003,1,0,0,647.719,0.54227,4.2,9.518,8.219,78.807,5172.5
SAC-energy,SAC,energy,1,100004,1,0,0,835.595,0.69457,5.4,10.863,9.385,89.03,5183.1
SAC-energy,SAC,energy,1,100005,1,0,0,677.98,0.57165,4.3,9.294,8.165,83.031,5219.2
SAC-energy,SAC,energy,1,100006,1,0,0,799.083,0.68208,5.1,9.804,8.278,96.529,5198.2
SAC-energy,SAC,energy,1,100007,1,0,0,771.15,0.62895,5.0,11.082,10.155,75.939,5185.3
SAC-energy,SAC,energy,1,100008,1,0,0,589.443,0.4842,3.85,8.153,7.34,80.307,5167.0
SAC-energy,SAC,energy,1,100009,1,0,0,638.958,0.53208,4.1,8.831,7.79,82.028,5198.9
SAC-energy,SAC,energy,1,100010,1,0,0,620.992,0.50591,4.1,9.018,7.373,84.223,5146.0
SAC-energy,SAC,energy,1,100011,1,0,0,758.847,0.63977,4.85,10.129,7.931,95.678,5201.5
SAC-energy,SAC,energy,1,100012,0,1,0,259.296,0.24098,1.45,2.019,9.32,27.821,5460.2
SAC-energy,SAC,energy,1,100013,1,0,0,607.417,0.50325,3.95,8.799,7.38,82.306,5171.9
SAC-energy,SAC,energy,1,100014,1,0,0,779.475,0.65224,5.1,10.426,8.825,88.322,5153.3
SAC-energy,SAC,energy,1,100015,1,0,0,796.713,0.6631,5.2,10.291,9.791,81.374,5161.6
SAC-energy,SAC,energy,1,100016,1,0,0,696.105,0.56824,4.55,9.807,8.596,80.984,5167.5
SAC-energy,SAC,energy,1,100017,1,0,0,607.238,0.51582,3.95,9.018,7.793,77.921,5158.7
SAC-energy,SAC,energy,1,100018,1,0,0,678.133,0.55917,4.5,9.682,9.017,75.206,5129.8
SAC-energy,SAC,energy,1,100019,1,0,0,737.101,0.60869,4.85,10.466,9.673,76.204,5148.3
SAC-energy,SAC,energy,1,100020,1,0,0,816.189,0.67075,5.4,10.087,7.819,104.387,5138.7
SAC-energy,SAC,energy,1,100021,1,0,0,683.166,0.59155,4.3,9.433,8.23,83.011,5222.7
SAC-energy,SAC,energy,1,100022,1,0,0,645.475,0.52551,4.35,9.746,8.664,74.5,5101.9
SAC-energy,SAC,energy,1,100023,1,0,0,706.4,0.5975,4.6,10.15,8.437,83.725,5157.9
SAC-energy,SAC,energy,1,100024,1,0,0,754.654,0.61529,4.95,10.776,9.114,82.799,5159.7
SAC-energy,SAC,energy,1,100025,1,0,0,679.237,0.61293,4.1,10.775,9.6,70.751,5298.1
SAC-energy,SAC,energy,1,100026,1,0,0,749.15,0.5994,5.05,9.813,9.501,78.849,5111.1
SAC-energy,SAC,energy,1,100027,0,1,0,1042.38,0.83945,6.9,8.42,9.666,107.841,5146.4
SAC-energy,SAC,energy,1,100028,1,0,0,659.379,0.55201,4.25,8.945,7.748,85.1,5186.4
SAC-energy,SAC,energy,1,100029,1,0,0,827.551,0.70611,5.25,10.202,9.057,91.373,5213.3
SAC-energy,SAC,energy,1,100030,1,0,0,753.421,0.6587,4.75,11.158,9.276,81.224,5214.7
SAC-energy,SAC,energy,1,100031,1,0,0,717.345,0.61559,4.5,9.73,8.038,89.246,5233.8
SAC-energy,SAC,energy,1,100032,1,0,0,597.015,0.48385,4.0,9.174,7.982,74.797,5117.2
SAC-energy,SAC,energy,1,100033,1,0,0,725.763,0.62455,4.6,10.261,8.528,85.107,5211.8
SAC-energy,SAC,energy,1,100034,1,0,0,693.646,0.59062,4.45,9.252,7.85,88.357,5188.9
SAC-energy,SAC,energy,1,100035,1,0,0,787.625,0.66954,5.1,10.972,8.919,88.305,5168.7
SAC-energy,SAC,energy,1,100036,0,1,0,649.238,0.5384,4.25,5.504,10.5,61.833,5159.2
SAC-energy,SAC,energy,1,100037,1,0,0,725.845,0.59934,4.8,10.243,8.231,88.187,5137.4
SAC-energy,SAC,energy,1,100038,1,0,0,870.917,0.75401,5.55,12.278,9.882,88.133,5196.2
SAC-energy,SAC,energy,1,100039,1,0,0,657.509,0.56932,4.15,9.812,8.568,76.737,5216.3
SAC-energy,SAC,energy,1,100040,1,0,0,840.056,0.69712,5.5,12.414,10.951,76.711,5156.6
SAC-energy,SAC,energy,1,100041,0,1,0,544.638,0.48251,3.35,7.333,7.696,70.767,5263.5
SAC-energy,SAC,energy,1,100042,0,1,0,316.326,0.25614,2.15,4.028,7.881,40.137,5085.7
SAC-energy,SAC,energy,1,100043,1,0,0,699.522,0.58636,4.5,8.351,7.344,95.245,5190.6
SAC-energy,SAC,energy,1,100044,0,1,0,399.997,0.33395,2.55,5.476,10.63,37.629,5212.1
SAC-energy,SAC,energy,1,100045,0,1,0,468.884,0.3881,3.05,5.533,8.206,57.137,5171.9
SAC-energy,SAC,energy,1,100046,1,0,0,659.783,0.53853,4.35,8.998,7.34,89.894,5148.8
SAC-energy,SAC,energy,1,100047,1,0,0,870.763,0.75528,5.45,11.28,8.979,96.981,5235.9
SAC-energy,SAC,energy,1,100048,1,0,0,643.999,0.5685,3.95,9.426,8.494,75.817,5271.3
SAC-energy,SAC,energy,1,100049,1,0,0,636.828,0.54569,4.05,8.745,7.661,83.127,5204.3
SAC-energy,SAC,energy,1,100050,1,0,0,746.057,0.61055,5.0,10.955,9.061,82.335,5112.2
SAC-energy,SAC,energy,1,100051,1,0,0,880.59,0.74607,5.7,13.005,10.669,82.537,5172.1
SAC-energy,SAC,energy,1,100052,1,0,0,642.469,0.55874,4.0,8.815,7.616,84.354,5244.9
SAC-energy,SAC,energy,1,100053,1,0,0,715.231,0.56211,4.95,10.493,9.208,77.678,5063.8
SAC-energy,SAC,energy,1,100054,1,0,0,790.83,0.67522,5.05,10.853,7.938,99.624,5197.9
SAC-energy,SAC,energy,1,100055,1,0,0,774.832,0.65139,4.95,10.364,8.521,90.93,5203.5
SAC-energy,SAC,energy,1,100056,1,0,0,693.335,0.58375,4.45,9.596,8.489,81.671,5193.0
SAC-energy,SAC,energy,1,100057,1,0,0,592.291,0.53029,3.6,8.717,7.79,76.035,5285.6
SAC-energy,SAC,energy,1,100058,1,0,0,632.663,0.54485,4.0,8.995,7.642,82.79,5215.2
SAC-energy,SAC,energy,1,100059,0,1,0,471.035,0.40103,3.0,5.933,8.522,55.273,5204.0
SAC-energy,SAC,energy,1,100060,1,0,0,786.219,0.6623,5.1,11.593,10.335,76.076,5169.8
SAC-energy,SAC,energy,1,100061,1,0,0,614.874,0.52996,3.9,8.76,8.108,75.835,5207.8
SAC-energy,SAC,energy,1,100062,1,0,0,647.411,0.55616,4.05,8.921,7.732,83.726,5240.3
SAC-energy,SAC,energy,1,100063,1,0,0,729.619,0.62816,4.55,9.57,7.751,94.127,5246.5
SAC-energy,SAC,energy,1,100064,1,0,0,723.139,0.603,4.65,9.946,8.763,82.522,5193.8
SAC-energy,SAC,energy,1,100065,0,1,0,535.186,0.4722,3.3,7.17,7.861,68.082,5259.4
SAC-energy,SAC,energy,1,100066,1,0,0,724.227,0.59906,4.7,10.487,9.127,79.353,5176.7
SAC-energy,SAC,energy,1,100067,1,0,0,848.079,0.6656,5.9,12.05,8.907,95.219,5053.1
SAC-energy,SAC,energy,1,100068,0,1,0,347.736,0.27373,2.45,5.288,8.563,40.609,5025.0
SAC-energy,SAC,energy,1,100069,1,0,0,701.942,0.57555,4.6,9.808,9.012,77.886,5159.4
SAC-energy,SAC,energy,1,100070,1,0,0,772.697,0.63755,5.05,10.669,9.473,81.565,5162.2
SAC-energy,SAC,energy,1,100071,1,0,0,717.134,0.62423,4.45,9.55,8.226,87.18,5251.6
SAC-energy,SAC,energy,1,100072,1,0,0,666.027,0.5263,4.55,8.963,7.937,83.91,5087.7
SAC-energy,SAC,energy,1,100073,1,0,0,754.314,0.66124,4.7,10.715,8.545,88.272,5240.3
SAC-energy,SAC,energy,1,100074,1,0,0,798.847,0.65605,5.25,11.158,10.228,78.101,5152.7
SAC-energy,SAC,energy,1,100075,1,0,0,629.116,0.55014,3.85,8.83,8.097,77.7,5281.0
SAC-energy,SAC,energy,1,100076,1,0,0,557.483,0.48207,3.5,8.256,7.909,70.484,5228.3
SAC-energy,SAC,energy,1,100077,1,0,0,684.581,0.53959,4.75,9.954,7.922,86.418,5057.0
SAC-energy,SAC,energy,1,100078,1,0,0,715.2,0.62998,4.4,11.237,10.244,69.815,5266.8
SAC-energy,SAC,energy,1,100079,1,0,0,718.255,0.56457,4.95,10.589,9.43,76.165,5072.0
SAC-energy,SAC,energy,1,100080,1,0,0,690.495,0.57212,4.55,9.93,8.957,77.086,5142.9
SAC-energy,SAC,energy,1,100081,1,0,0,736.073,0.59398,4.85,10.612,9.618,76.532,5155.4
SAC-energy,SAC,energy,1,100082,1,0,0,739.652,0.64647,4.65,10.784,8.391,88.144,5221.3
SAC-energy,SAC,energy,1,100083,0,1,0,468.344,0.40485,2.9,5.854,7.864,59.553,5259.5
SAC-energy,SAC,energy,1,100084,1,0,0,764.431,0.65731,4.8,11.061,10.165,75.2,5231.5
SAC-energy,SAC,energy,1,100085,1,0,0,643.845,0.53113,4.25,9.304,8.176,78.749,5141.0
SAC-energy,SAC,energy,1,100086,1,0,0,678.104,0.56658,4.4,9.157,7.735,87.669,5172.9
SAC-energy,SAC,energy,1,100087,1,0,0,709.444,0.61178,4.5,10.052,8.731,81.258,5207.5
SAC-energy,SAC,energy,1,100088,0,1,0,316.84,0.24932,2.25,4.727,9.119,34.743,5009.9
SAC-energy,SAC,energy,1,100089,0,1,0,223.795,0.15597,1.85,3.546,9.071,24.671,4762.6
SAC-energy,SAC,energy,1,100090,1,0,0,725.291,0.60013,4.7,10.19,8.879,81.682,5179.5
SAC-energy,SAC,energy,1,100091,1,0,0,635.9,0.52445,4.25,9.135,7.545,84.281,5115.4
SAC-energy,SAC,energy,1,100092,1,0,0,685.179,0.596,4.3,9.63,8.325,82.305,5226.7
SAC-energy,SAC,energy,1,100093,0,1,0,452.714,0.38341,2.9,6.274,9.047,50.038,5193.8
SAC-energy,SAC,energy,1,100094,1,0,0,624.775,0.52786,3.95,8.554,7.539,82.87,5224.8
SAC-energy,SAC,energy,1,100095,0,1,0,112.393,0.08204,0.85,0.97,7.532,14.922,4915.6
SAC-energy,SAC,energy,1,100096,0,1,0,449.111,0.35007,3.2,6.641,9.195,48.844,5005.3
SAC-energy,SAC,energy,1,100097,1,0,0,687.788,0.58209,4.35,9.383,8.155,84.343,5222.9
SAC-energy,SAC,energy,1,100098,1,0,0,695.625,0.57184,4.6,9.33,7.811,89.056,5139.0
SAC-energy,SAC,energy,1,100099,1,0,0,612.386,0.49296,4.15,9.168,8.321,73.599,5096.3
SAC-energy,SAC,energy,1,100100,1,0,0,626.54,0.52362,4.05,8.925,7.98,78.517,5180.9
SAC-energy,SAC,energy,1,100101,1,0,0,798.344,0.65586,5.25,11.077,9.617,83.013,5151.1
SAC-energy,SAC,energy,1,100102,1,0,0,932.898,0.78438,6.0,12.95,10.819,86.228,5189.2
SAC-energy,SAC,energy,1,100103,1,0,0,703.065,0.54396,4.95,10.399,9.007,78.061,5034.5
SAC-energy,SAC,energy,1,100104,1,0,0,654.894,0.57881,4.05,10.064,9.087,72.069,5251.8
SAC-energy,SAC,energy,1,100105,0,1,0,575.397,0.48706,3.75,7.189,9.044,63.619,5156.2
SAC-energy,SAC,energy,1,100106,1,0,0,851.854,0.7302,5.35,11.892,10.656,79.941,5232.6
SAC-energy,SAC,energy,1,100107,1,0,0,592.757,0.53347,3.6,9.363,8.604,68.893,5284.9
SAC-energy,SAC,energy,1,100108,1,0,0,652.612,0.55757,4.2,9.36,8.316,78.481,5179.5
SAC-energy,SAC,energy,1,100109,0,1,0,434.261,0.39141,2.65,6.459,10.199,42.58,5274.3
SAC-energy,SAC,energy,1,100110,1,0,0,700.581,0.56911,4.6,9.746,8.27,84.71,5160.2
SAC-energy,SAC,energy,1,100111,1,0,0,678.384,0.59047,4.25,10.483,10.062,67.423,5231.5
SAC-energy,SAC,energy,1,100112,1,0,0,693.221,0.58132,4.4,9.507,8.496,81.591,5219.1
SAC-energy,SAC,energy,1,100113,1,0,0,678.837,0.58565,4.25,9.207,7.613,89.173,5237.3
SAC-energy,SAC,energy,1,100114,1,0,0,641.164,0.53351,4.2,9.5,8.18,78.378,5154.3
SAC-energy,SAC,energy,1,100115,1,0,0,728.231,0.6028,4.85,10.73,8.766,83.073,5122.7
SAC-energy,SAC,energy,1,100116,1,0,0,804.124,0.69776,5.05,11.516,9.065,88.704,5227.1
SAC-energy,SAC,energy,1,100117,0,1,0,278.259,0.21313,2.0,3.585,8.733,31.862,4995.4
SAC-energy,SAC,energy,1,100118,0,1,0,295.26,0.23848,2.0,3.442,8.486,34.793,5095.7
SAC-energy,SAC,energy,1,100119,0,1,0,288.036,0.23408,1.9,2.793,7.886,36.527,5151.3
SAC-energy,SAC,energy,1,100120,1,0,0,683.872,0.58102,4.4,9.451,8.456,80.874,5183.4
SAC-energy,SAC,energy,1,100121,1,0,0,627.092,0.51917,4.1,9.062,8.116,77.264,5160.3
SAC-energy,SAC,energy,1,100122,0,1,0,380.052,0.30251,2.65,5.476,8.641,43.98,5041.1
SAC-energy,SAC,energy,1,100123,0,1,0,467.975,0.40446,2.95,5.24,9.053,51.692,5220.7
SAC-energy,SAC,energy,1,100124,1,0,0,695.837,0.57344,4.55,10.498,9.122,76.282,5161.8
SAC-energy,SAC,energy,1,100125,1,0,0,721.062,0.58357,4.8,9.379,8.265,87.248,5132.7
SAC-energy,SAC,energy,1,100126,1,0,0,736.324,0.60814,4.75,9.984,8.626,85.356,5190.4
SAC-energy,SAC,energy,1,100127,1,0,0,679.098,0.55623,4.55,9.942,8.644,78.564,5114.6
SAC-energy,SAC,energy,1,100128,1,0,0,686.584,0.54821,4.65,9.427,8.526,80.528,5103.0
SAC-energy,SAC,energy,1,100129,1,0,0,732.028,0.58074,5.1,11.711,9.076,80.653,5043.8
SAC-energy,SAC,energy,1,100130,1,0,0,585.322,0.45701,4.1,9.394,8.1,72.266,5040.4
SAC-energy,SAC,energy,1,100131,1,0,0,684.325,0.57811,4.35,9.481,8.285,82.603,5212.9
SAC-energy,SAC,energy,1,100132,1,0,0,734.032,0.63134,4.65,9.874,8.666,84.7,5211.3
SAC-energy,SAC,energy,1,100133,1,0,0,750.967,0.63036,4.85,9.193,7.926,94.743,5182.0
SAC-energy,SAC,energy,1,100134,0,1,0,475.246,0.37543,3.3,5.498,9.972,47.657,5054.0
SAC-energy,SAC,energy,1,100135,1,0,0,661.829,0.57646,4.1,9.254,7.889,83.896,5254.6
SAC-energy,SAC,energy,1,100136,1,0,0,867.64,0.68476,6.0,12.079,10.838,80.052,5063.2
SAC-energy,SAC,energy,1,100137,1,0,0,879.981,0.70963,5.9,12.47,11.395,77.225,5118.2
SAC-energy,SAC,energy,1,100138,1,0,0,1028.297,0.83749,6.8,10.849,8.268,124.376,5143.5
SAC-energy,SAC,energy,1,100139,1,0,0,633.524,0.5343,4.15,9.449,8.537,74.212,5146.0
SAC-energy,SAC,energy,1,100140,0,1,0,491.571,0.40484,3.2,6.092,7.88,62.385,5173.2
SAC-energy,SAC,energy,1,100141,1,0,0,721.2,0.58192,4.85,10.58,8.995,80.178,5111.7
SAC-energy,SAC,energy,1,100142,1,0,0,590.555,0.52175,3.65,8.895,8.179,72.204,5253.3
SAC-energy,SAC,energy,1,100143,0,1,0,342.698,0.2759,2.35,4.867,7.809,43.886,5070.8
SAC-energy,SAC,energy,1,100144,1,0,0,653.907,0.56654,4.1,8.864,7.597,86.072,5230.6
SAC-energy,SAC,energy,1,100145,1,0,0,763.11,0.63485,5.0,10.716,8.422,90.613,5152.8
SAC-energy,SAC,energy,1,100146,0,1,0,339.233,0.28793,2.15,3.853,8.28,40.972,5217.0
SAC-energy,SAC,energy,1,100147,1,0,0,742.05,0.64331,4.7,11.087,9.371,79.182,5208.3
SAC-energy,SAC,energy,1,100148,1,0,0,758.049,0.64352,4.85,10.549,8.724,86.897,5195.8
SAC-energy,SAC,energy,1,100149,1,0,0,664.611,0.53371,4.45,9.911,8.832,75.251,5123.0
SAC-energy,SAC,energy,1,100150,1,0,0,737.718,0.62965,4.7,10.12,9.058,81.446,5203.3
SAC-energy,SAC,energy,1,100151,1,0,0,703.41,0.58528,4.55,9.655,8.246,85.307,5181.2
SAC-energy,SAC,energy,1,100152,1,0,0,658.271,0.57452,4.05,9.021,7.9,83.325,5270.2
SAC-energy,SAC,energy,1,100153,1,0,0,712.386,0.61898,4.5,10.549,8.949,79.605,5213.3
SAC-energy,SAC,energy,1,100154,1,0,0,680.594,0.53796,4.7,10.423,8.276,82.24,5065.0
SAC-energy,SAC,energy,1,100155,0,1,0,454.746,0.38088,2.95,6.359,8.362,54.385,5172.5
SAC-energy,SAC,energy,1,100156,1,0,0,685.454,0.5753,4.35,9.577,8.31,82.49,5219.4
SAC-energy,SAC,energy,1,100157,1,0,0,771.624,0.6121,5.3,10.924,9.876,78.13,5074.8
SAC-energy,SAC,energy,1,100158,1,0,0,706.766,0.58039,4.7,10.357,8.77,80.592,5128.3
SAC-energy,SAC,energy,1,100159,1,0,0,901.902,0.73814,5.95,11.223,8.307,108.575,5147.7
SAC-energy,SAC,energy,1,100160,1,0,0,623.685,0.53619,3.95,9.072,8.584,72.655,5213.6
SAC-energy,SAC,energy,1,100161,1,0,0,686.702,0.56215,4.5,9.902,9.016,76.165,5160.4
SAC-energy,SAC,energy,1,100162,1,0,0,782.062,0.64252,5.15,11.11,9.181,85.18,5148.8
SAC-energy,SAC,energy,1,100163,1,0,0,803.068,0.68479,5.15,11.016,9.207,87.22,5188.6
SAC-energy,SAC,energy,1,100164,1,0,0,936.328,0.74539,6.4,11.955,9.548,98.066,5082.6
SAC-energy,SAC,energy,1,100165,1,0,0,633.66,0.5369,4.05,8.629,7.827,80.956,5199.8
SAC-energy,SAC,energy,1,100166,1,0,0,658.057,0.54622,4.3,9.283,8.452,77.856,5161.4
SAC-energy,SAC,energy,1,100167,1,0,0,693.671,0.5997,4.4,10.532,8.696,79.772,5206.8
SAC-energy,SAC,energy,1,100168,0,1,0,511.386,0.43167,3.3,7.466,8.828,57.93,5179.4
SAC-energy,SAC,energy,1,100169,1,0,0,680.022,0.59059,4.3,9.665,8.158,83.352,5210.2
SAC-energy,SAC,energy,1,100170,1,0,0,628.469,0.49078,4.35,9.071,7.95,79.055,5065.5
SAC-energy,SAC,energy,1,100171,1,0,0,754.85,0.60877,5.1,11.051,8.252,91.476,5101.2
SAC-energy,SAC,energy,1,100172,0,1,0,475.298,0.40451,3.1,6.214,8.797,54.029,5154.0
SAC-energy,SAC,energy,1,100173,0,1,0,138.332,0.10782,1.0,1.147,9.102,15.198,4976.9
SAC-energy,SAC,energy,1,100174,1,0,0,608.578,0.49535,4.05,9.181,7.649,79.559,5130.4
SAC-energy,SAC,energy,1,100175,1,0,0,749.192,0.61541,4.9,10.778,9.783,76.578,5162.7
SAC-energy,SAC,energy,1,100176,1,0,0,735.943,0.63988,4.5,9.812,8.567,85.909,5286.4
SAC-energy,SAC,energy,1,100177,1,0,0,706.864,0.59972,4.45,9.493,8.088,87.399,5231.6
SAC-energy,SAC,energy,1,100178,1,0,0,671.102,0.54251,4.5,8.638,7.551,88.882,5116.2
SAC-energy,SAC,energy,1,100179,1,0,0,767.945,0.62964,5.1,11.048,10.152,75.647,5130.3
SAC-energy,SAC,energy,1,100180,1,0,0,644.501,0.55429,4.05,8.87,7.932,81.25,5229.8
SAC-energy,SAC,energy,1,100181,0,1,0,380.672,0.32082,2.5,5.765,8.764,43.434,5143.0
SAC-energy,SAC,energy,1,100182,1,0,0,807.555,0.67793,5.25,9.868,8.323,97.029,5165.6
SAC-energy,SAC,energy,1,100183,1,0,0,939.172,0.74636,6.45,11.881,10.261,91.53,5074.4
SAC-energy,SAC,energy,1,100184,1,0,0,656.398,0.58196,4.05,9.874,8.328,78.815,5256.4
SAC-energy,SAC,energy,1,100185,1,0,0,674.11,0.55899,4.4,9.291,8.052,83.717,5163.5
SAC-energy,SAC,energy,1,100186,1,0,0,755.084,0.6281,4.95,10.699,8.821,85.599,5152.6
SAC-energy,SAC,energy,1,100187,1,0,0,700.304,0.55354,4.9,11.49,9.124,76.756,5036.9
SAC-energy,SAC,energy,1,100188,0,1,0,362.416,0.30878,2.35,4.756,7.177,50.495,5163.2
SAC-energy,SAC,energy,1,100189,1,0,0,639.45,0.55417,4.05,8.844,7.6,84.136,5207.9
SAC-energy,SAC,energy,1,100190,1,0,0,645.414,0.57489,3.95,9.283,7.866,82.052,5271.6
SAC-energy,SAC,energy,1,100191,1,0,0,633.589,0.5375,4.0,8.639,7.798,81.255,5225.9
SAC-energy,SAC,energy,1,100192,1,0,0,770.279,0.65923,4.8,10.031,8.535,90.253,5251.3
SAC-energy,SAC,energy,1,100193,0,1,0,201.839,0.15833,1.45,2.329,8.356,24.155,4989.3
SAC-energy,SAC,energy,1,100194,1,0,0,781.312,0.67596,4.85,11.29,10.109,77.292,5254.9
SAC-energy,SAC,energy,1,100195,1,0,0,724.666,0.59027,4.8,9.77,7.92,91.493,5140.6
SAC-energy,SAC,energy,1,100196,1,0,0,966.672,0.77001,6.6,11.862,10.254,94.27,5086.4
SAC-energy,SAC,energy,1,100197,1,0,0,658.093,0.59021,4.0,9.499,7.744,84.986,5283.8
SAC-energy,SAC,energy,1,100198,1,0,0,720.053,0.62589,4.6,10.783,9.256,77.793,5188.2
SAC-energy,SAC,energy,1,100199,1,0,0,656.886,0.58477,3.95,9.225,7.993,82.187,5312.9
SAC-energy,SAC,energy,2,100000,0,1,0,268.329,0.23454,1.65,2.881,9.237,29.049,5272.9
SAC-energy,SAC,energy,2,100001,1,0,0,801.539,0.66453,5.15,11.29,9.015,88.912,5197.8
SAC-energy,SAC,energy,2,100002,1,0,0,822.958,0.67365,5.6,8.82,7.502,109.702,5082.1
SAC-energy,SAC,energy,2,100003,1,0,0,709.224,0.58075,4.85,10.782,8.219,86.29,5071.6
SAC-energy,SAC,energy,2,100004,1,0,0,854.485,0.73035,5.55,10.725,9.385,91.043,5161.6
SAC-energy,SAC,energy,2,100005,1,0,0,655.279,0.55014,4.35,9.485,8.165,80.251,5124.0
SAC-energy,SAC,energy,2,100006,1,0,0,649.164,0.5424,4.35,9.724,8.278,78.419,5106.9
SAC-energy,SAC,energy,2,100007,1,0,0,1020.053,0.86127,6.6,12.165,10.155,100.45,5176.2
SAC-energy,SAC,energy,2,100008,1,0,0,606.284,0.48972,4.2,8.99,7.34,82.602,5049.8
SAC-energy,SAC,energy,2,100009,0,1,0,276.042,0.25367,1.65,3.178,7.79,35.438,5314.6
SAC-energy,SAC,energy,2,100010,1,0,0,773.567,0.60767,5.4,10.258,7.373,104.916,5046.3
SAC-energy,SAC,energy,2,100011,0,1,0,492.498,0.43046,3.1,7.001,7.931,62.096,5221.8
SAC-energy,SAC,energy,2,100012,1,0,0,680.517,0.54754,4.7,10.81,9.32,73.015,5058.6
SAC-energy,SAC,energy,2,100013,0,1,0,176.753,0.15934,1.05,1.275,7.38,23.95,5336.7
SAC-energy,SAC,energy,2,100014,1,0,0,670.416,0.52815,4.75,10.054,8.825,75.964,5015.9
SAC-energy,SAC,energy,2,100015,0,1,0,217.765,0.17198,1.55,2.099,9.791,22.242,5002.8
SAC-energy,SAC,energy,2,100016,1,0,0,906.206,0.74599,5.95,11.814,8.596,105.427,5154.6
SAC-energy,SAC,energy,2,100017,0,1,0,358.239,0.30577,2.25,2.845,7.793,45.969,5235.4
SAC-energy,SAC,energy,2,100018,1,0,0,869.935,0.6908,6.0,11.537,9.017,96.477,5066.9
SAC-energy,SAC,energy,2,100019,1,0,0,735.404,0.58459,5.1,11.378,9.673,76.028,5055.6
SAC-energy,SAC,energy,2,100020,1,0,0,773.21,0.62459,5.35,10.283,7.819,98.89,5051.9
SAC-energy,SAC,energy,2,100021,1,0,0,703.849,0.59278,4.6,9.82,8.23,85.524,5155.5
SAC-energy,SAC,energy,2,100022,1,0,0,834.245,0.65328,5.8,11.544,8.664,96.287,5055.9
SAC-energy,SAC,energy,2,100023,1,0,0,696.804,0.57959,4.7,10.34,8.437,82.588,5093.8
SAC-energy,SAC,energy,2,100024,1,0,0,974.358,0.78244,6.5,13.152,9.114,106.904,5130.5
SAC-energy,SAC,energy,2,100025,1,0,0,737.68,0.61937,4.8,10.537,9.6,76.838,5167.0
SAC-energy,SAC,energy,2,100026,1,0,0,753.502,0.60421,5.2,11.271,9.501,79.307,5061.1
SAC-energy,SAC,energy,2,100027,1,0,0,711.295,0.57941,4.85,11.677,9.666,73.588,5080.2
SAC-energy,SAC,energy,2,100028,1,0,0,560.273,0.46067,3.8,8.801,7.748,72.309,5088.6
SAC-energy,SAC,energy,2,100029,1,0,0,721.796,0.60809,4.8,10.745,9.057,79.696,5118.4
SAC-energy,SAC,energy,2,100030,0,1,0,254.074,0.22542,1.55,2.549,9.276,27.391,5284.8
SAC-energy,SAC,energy,2,100031,0,1,0,257.514,0.24093,1.5,2.505,8.038,32.038,5364.5
SAC-energy,SAC,energy,2,100032,1,0,0,665.853,0.51823,4.7,9.657,7.982,83.422,5027.4
SAC-energy,SAC,energy,2,100033,0,1,0,446.841,0.3812,2.8,5.807,8.528,52.399,5241.8
SAC-energy,SAC,energy,2,100034,1,0,0,676.57,0.55155,4.65,9.431,7.85,86.182,5063.3
SAC-energy,SAC,energy,2,100035,0,1,0,309.662,0.26386,1.95,3.551,8.919,34.718,5231.2
SAC-energy,SAC,energy,2,100036,0,1,0,372.01,0.34059,2.25,3.481,10.5,35.43,5287.8
SAC-energy,SAC,energy,2,100037,1,0,0,861.683,0.67821,6.05,10.969,8.231,104.691,5033.3
SAC-energy,SAC,energy,2,100038,0,1,0,270.348,0.24023,1.65,2.788,9.882,27.358,5283.3
SAC-energy,SAC,energy,2,100039,0,1,0,371.116,0.34305,2.2,3.894,8.568,43.312,5326.7
SAC-energy,SAC,energy,2,100040,0,1,0,343.265,0.30685,2.1,4.098,10.951,31.346,5274.5
SAC-energy,SAC,energy,2,100041,1,0,0,575.575,0.4694,3.9,8.798,7.696,74.787,5092.7
SAC-energy,SAC,energy,2,100042,1,0,0,644.63,0.52326,4.4,9.327,7.881,81.793,5080.0
SAC-energy,SAC,energy,2,100043,1,0,0,696.016,0.56223,4.8,9.184,7.344,94.768,5058.1
SAC-energy,SAC,energy,2,100044,1,0,0,717.509,0.58883,4.85,11.596,10.63,67.498,5094.0
SAC-energy,SAC,energy,2,100045,1,0,0,971.878,0.79351,6.6,11.254,8.206,118.43,5085.9
SAC-energy,SAC,energy,2,100046,1,0,0,573.992,0.45899,4.0,8.233,7.34,78.206,5042.3
SAC-energy,SAC,energy,2,100047,1,0,0,751.964,0.62648,5.0,11.265,8.979,83.75,5122.7
SAC-energy,SAC,energy,2,100048,1,0,0,671.045,0.56409,4.45,10.368,8.494,79.002,5126.3
SAC-energy,SAC,energy,2,100049,1,0,0,582.464,0.48089,3.95,8.856,7.661,76.031,5086.8
SAC-energy,SAC,energy,2,100050,1,0,0,812.682,0.68585,5.25,11.084,9.061,89.688,5178.4
SAC-energy,SAC,energy,2,100051,0,1,0,274.466,0.24196,1.7,2.598,10.669,25.726,5254.3
SAC-energy,SAC,energy,2,100052,1,0,0,642.951,0.52382,4.4,9.438,7.616,84.417,5072.2
SAC-energy,SAC,energy,2,100053,0,1,0,574.548,0.49223,3.65,7.995,9.208,62.399,5208.5
SAC-energy,SAC,energy,2,100054,0,1,0,477.937,0.41098,3.05,6.086,7.938,60.207,5197.6
SAC-energy,SAC,energy,2,100055,1,0,0,728.99,0.5975,4.95,10.903,8.521,85.55,5085.7
SAC-energy,SAC,energy,2,100056,1,0,0,743.531,0.61954,5.0,11.062,8.489,87.584,5098.8
SAC-energy,SAC,energy,2,100057,1,0,0,548.98,0.44717,3.75,8.33,7.79,70.475,5077.3
SAC-energy,SAC,energy,2,100058,1,0,0,587.905,0.49375,3.95,9.131,7.642,76.933,5097.8
SAC-energy,SAC,energy,2,100059,1,0,0,744.186,0.60395,5.1,10.8,8.522,87.326,5072.1
SAC-energy,SAC,energy,2,100060,0,1,0,359.478,0.3108,2.25,4.045,10.335,34.784,5239.5
SAC-energy,SAC,energy,2,100061,1,0,0,709.542,0.56173,4.95,9.797,8.108,87.511,5043.3
SAC-energy,SAC,energy,2,100062,1,0,0,857.934,0.74251,5.45,10.848,7.732,110.952,5203.8
SAC-energy,SAC,energy,2,100063,1,0,0,690.199,0.57551,4.65,9.629,7.751,89.042,5093.7
SAC-energy,SAC,energy,2,100064,1,0,0,768.277,0.65581,4.85,10.133,8.763,87.673,5224.1
SAC-energy,SAC,energy,2,100065,1,0,0,657.054,0.54412,4.45,9.873,7.861,83.585,5087.2
SAC-energy,SAC,energy,2,100066,1,0,0,787.207,0.64611,5.35,10.688,9.127,86.254,5085.0
SAC-energy,SAC,energy,2,100067,1,0,0,908.674,0.72825,6.35,11.397,8.907,102.022,5033.6
SAC-energy,SAC,energy,2,100068,1,0,0,710.189,0.5779,4.9,10.319,8.563,82.936,5054.2
SAC-energy,SAC,energy,2,100069,1,0,0,618.247,0.50209,4.3,9.872,9.012,68.6,5040.5
SAC-energy,SAC,energy,2,100070,1,0,0,791.68,0.64641,5.4,11.169,9.473,83.569,5079.2
SAC-energy,SAC,energy,2,100071,1,0,0,686.031,0.57114,4.6,8.907,8.226,83.398,5105.9
SAC-energy,SAC,energy,2,100072,1,0,0,701.781,0.55487,4.9,9.238,7.937,88.414,5043.4
SAC-energy,SAC,energy,2,100073,1,0,0,653.561,0.5308,4.45,9.838,8.545,76.482,5084.3
SAC-energy,SAC,energy,2,100074,1,0,0,717.716,0.58857,4.95,11.571,10.228,70.169,5053.2
SAC-energy,SAC,energy,2,100075,1,0,0,634.581,0.52656,4.3,9.601,8.097,78.375,5083.6
SAC-energy,SAC,energy,2,100076,0,1,0,264.076,0.25261,1.5,2.379,7.909,33.388,5409.7
SAC-energy,SAC,energy,2,100077,1,0,0,944.942,0.73652,6.65,10.892,7.922,119.284,5032.4
SAC-energy,SAC,energy,2,100078,1,0,0,711.429,0.5898,4.7,11.282,10.244,69.447,5140.1
SAC-energy,SAC,energy,2,100079,0,1,0,385.137,0.32114,2.45,4.561,9.43,40.84,5217.8
SAC-energy,SAC,energy,2,100080,0,1,0,477.548,0.40162,3.05,6.549,8.957,53.313,5204.9
SAC-energy,SAC,energy,2,100081,1,0,0,683.557,0.56598,4.6,10.545,9.618,71.072,5102.0
SAC-energy,SAC,energy,2,100082,1,0,0,797.553,0.65988,5.3,10.721,8.391,95.044,5127.3
SAC-energy,SAC,energy,2,100083,1,0,0,788.182,0.65628,5.3,10.079,7.864,100.223,5099.5
SAC-energy,SAC,energy,2,100084,1,0,0,626.437,0.52021,4.25,10.649,10.165,61.625,5084.0
SAC-energy,SAC,energy,2,100085,1,0,0,626.795,0.50388,4.35,9.463,8.176,76.663,5049.6
SAC-energy,SAC,energy,2,100086,1,0,0,610.948,0.50157,4.2,9.012,7.735,78.987,5060.0
SAC-energy,SAC,energy,2,100087,1,0,0,705.457,0.56287,4.9,10.065,8.731,80.801,5051.0
SAC-energy,SAC,energy,2,100088,1,0,0,707.432,0.58203,4.7,10.85,9.119,77.574,5131.6
SAC-energy,SAC,energy,2,100089,1,0,0,747.384,0.58698,5.3,10.906,9.071,82.391,5014.5
SAC-energy,SAC,energy,2,100090,1,0,0,883.648,0.75079,5.6,11.781,8.879,99.516,5217.9
SAC-energy,SAC,energy,2,100091,0,1,0,557.919,0.45965,3.6,6.436,7.545,73.946,5191.4
SAC-energy,SAC,energy,2,100092,1,0,0,669.951,0.55165,4.55,9.888,8.325,80.476,5084.7
SAC-energy,SAC,energy,2,100093,1,0,0,729.5,0.58099,5.0,10.188,9.047,80.631,5077.7
SAC-energy,SAC,energy,2,100094,1,0,0,636.832,0.52376,4.3,9.235,7.539,84.469,5095.3
SAC-energy,SAC,energy,2,100095,1,0,0,958.441,0.78013,6.5,10.896,7.532,127.25,5090.1
SAC-energy,SAC,energy,2,100096,0,1,0,328.204,0.2788,2.1,3.954,9.195,35.695,5198.3
SAC-energy,SAC,energy,2,100097,0,1,0,481.338,0.42662,2.95,5.323,8.155,59.026,5273.2
SAC-energy,SAC,energy,2,100098,1,0,0,635.603,0.51286,4.4,9.477,7.811,81.372,5051.9
SAC-energy,SAC,energy,2,100099,1,0,0,742.317,0.57682,5.2,10.235,8.321,89.215,5043.1
SAC-energy,SAC,energy,2,100100,1,0,0,642.71,0.52375,4.45,9.844,7.98,80.544,5048.6
SAC-energy,SAC,energy,2,100101,1,0,0,924.62,0.78436,6.0,13.164,9.617,96.144,5165.3
SAC-energy,SAC,energy,2,100102,1,0,0,814.361,0.66396,5.55,12.238,10.819,75.272,5081.3
SAC-energy,SAC,energy,2,100103,1,0,0,748.374,0.58227,5.25,11.355,9.007,83.092,5039.3
SAC-energy,SAC,energy,2,100104,1,0,0,728.119,0.60638,4.85,10.915,9.087,80.127,5121.1
SAC-energy,SAC,energy,2,100105,1,0,0,675.653,0.54235,4.65,9.799,9.044,74.704,5066.9
SAC-energy,SAC,energy,2,100106,1,0,0,663.094,0.55182,4.45,11.134,10.656,62.227,5106.1
SAC-energy,SAC,energy,2,100107,1,0,0,587.48,0.48518,3.95,9.231,8.604,68.28,5104.4
SAC-energy,SAC,energy,2,100108,1,0,0,683.681,0.56527,4.6,10.106,8.316,82.217,5101.6
SAC-energy,SAC,energy,2,100109,1,0,0,730.846,0.60824,4.8,11.879,10.199,71.66,5151.4
SAC-energy,SAC,energy,2,100110,1,0,0,686.569,0.56178,4.65,9.779,8.27,83.016,5091.3
SAC-energy,SAC,energy,2,100111,1,0,0,788.758,0.64808,5.35,12.602,10.062,78.393,5087.9
SAC-energy,SAC,energy,2,100112,0,1,0,687.598,0.60984,4.35,8.257,8.496,80.93,5202.5
SAC-energy,SAC,energy,2,100113,0,1,0,460.845,0.38485,3.05,6.394,7.613,60.537,5133.4
SAC-energy,SAC,energy,2,100114,1,0,0,857.499,0.68096,6.0,11.013,8.18,104.824,5036.1
SAC-energy,SAC,energy,2,100115,1,0,0,878.05,0.70448,6.1,11.733,8.766,100.164,5047.5
SAC-energy,SAC,energy,2,100116,1,0,0,976.581,0.80997,6.4,12.043,9.065,107.728,5155.6
SAC-energy,SAC,energy,2,100117,1,0,0,649.45,0.51797,4.6,10.102,8.733,74.366,5010.5
SAC-energy,SAC,energy,2,100118,0,1,0,411.572,0.35714,2.6,5.609,8.486,48.499,5216.5
SAC-energy,SAC,energy,2,100119,1,0,0,619.304,0.51572,4.2,9.338,7.886,78.536,5082.3
SAC-energy,SAC,energy,2,100120,1,0,0,691.103,0.55595,4.75,9.969,8.456,81.729,5069.3
SAC-energy,SAC,energy,2,100121,1,0,0,692.059,0.55448,4.8,10.286,8.116,85.269,5051.6
SAC-energy,SAC,energy,2,100122,0,1,0,390.584,0.32864,2.5,5.149,8.641,45.199,5201.5
SAC-energy,SAC,energy,2,100123,1,0,0,810.892,0.67578,5.4,11.93,9.053,89.571,5119.8
SAC-energy,SAC,energy,2,100124,1,0,0,901.676,0.73384,5.95,12.133,9.122,98.847,5148.1
SAC-energy,SAC,energy,2,100125,1,0,0,606.791,0.49084,4.2,9.718,8.265,73.421,5052.4
SAC-energy,SAC,energy,2,100126,1,0,0,705.547,0.5863,4.75,10.007,8.626,81.788,5097.9
SAC-energy,SAC,energy,2,100127,1,0,0,754.558,0.59545,5.3,11.098,8.644,87.293,5031.8
SAC-energy,SAC,energy,2,100128,0,1,0,260.798,0.24442,1.5,2.552,8.526,30.589,5391.9
SAC-energy,SAC,energy,2,100129,1,0,0,934.133,0.73949,6.5,12.259,9.076,102.921,5049.6
SAC-energy,SAC,energy,2,100130,1,0,0,837.154,0.65468,5.85,10.522,8.1,103.358,5044.3
SAC-energy,SAC,energy,2,100131,1,0,0,634.932,0.53288,4.25,9.873,8.285,76.641,5105.3
SAC-energy,SAC,energy,2,100132,1,0,0,686.254,0.56212,4.75,9.988,8.666,79.187,5046.2
SAC-energy,SAC,energy,2,100133,1,0,0,572.155,0.4671,3.95,9.203,7.926,72.184,5053.9
SAC-energy,SAC,energy,2,100134,0,1,0,223.781,0.20899,1.25,1.858,9.972,22.44,5461.3
SAC-energy,SAC,energy,2,100135,1,0,0,791.204,0.63702,5.45,9.83,7.889,100.296,5062.3
SAC-energy,SAC,energy,2,100136,0,1,0,284.757,0.24434,1.75,2.823,10.838,26.273,5280.8
SAC-energy,SAC,energy,2,100137,0,1,0,314.072,0.2753,1.95,3.449,11.395,27.562,5251.0
SAC-energy,SAC,energy,2,100138,1,0,0,769.234,0.63406,5.2,10.921,8.268,93.041,5093.0
SAC-energy,SAC,energy,2,100139,1,0,0,779.799,0.62916,5.4,11.405,8.537,91.347,5051.8
SAC-energy,SAC,energy,2,100140,1,0,0,633.549,0.52551,4.3,9.517,7.88,80.403,5081.4
SAC-energy,SAC,energy,2,100141,0,1,0,347.456,0.29024,2.2,3.857,8.995,38.628,5227.1
SAC-energy,SAC,energy,2,100142,0,1,0,508.859,0.44312,3.2,6.043,8.179,62.215,5224.1
SAC-energy,SAC,energy,2,100143,1,0,0,601.18,0.47909,4.15,9.171,7.809,76.988,5063.0
SAC-energy,SAC,energy,2,100144,1,0,0,605.272,0.49891,4.1,8.846,7.597,79.671,5089.7
SAC-energy,SAC,energy,2,100145,0,1,0,430.513,0.36811,2.75,5.738,8.422,51.12,5199.7
SAC-energy,SAC,energy,2,100146,0,1,0,299.053,0.27967,1.7,2.811,8.28,36.119,5420.3
SAC-energy,SAC,energy,2,100147,0,1,0,382.066,0.331,2.4,5.077,9.371,40.769,5230.9
SAC-energy,SAC,energy,2,100148,1,0,0,658.387,0.56312,4.25,10.326,8.724,75.472,5176.3
SAC-energy,SAC,energy,2,100149,0,1,0,397.096,0.33498,2.5,4.95,8.832,44.961,5235.0
SAC-energy,SAC,energy,2,100150,1,0,0,598.091,0.47964,4.15,10.033,9.058,66.031,5051.0
SAC-energy,SAC,energy,2,100151,1,0,0,552.954,0.45623,3.75,8.667,8.246,67.06,5087.1
SAC-energy,SAC,energy,2,100152,1,0,0,608.968,0.4952,4.15,9.22,7.9,77.084,5081.5
SAC-energy,SAC,energy,2,100153,0,1,0,442.342,0.3764,2.8,4.935,8.949,49.429,5220.7
SAC-energy,SAC,energy,2,100154,1,0,0,727.362,0.56445,5.1,10.403,8.276,87.891,5041.3
SAC-energy,SAC,energy,2,100155,1,0,0,610.441,0.4878,4.2,9.665,8.362,73.005,5069.6
SAC-energy,SAC,energy,2,100156,1,0,0,561.204,0.45589,3.9,9.393,8.31,67.537,5042.8
SAC-energy,SAC,energy,2,100157,0,1,0,448.96,0.37676,2.9,6.529,9.876,45.459,5182.5
SAC-energy,SAC,energy,2,100158,1,0,0,647.017,0.51452,4.45,9.468,8.77,73.779,5071.6
SAC-energy,SAC,energy,2,100159,1,0,0,640.119,0.52612,4.4,9.846,8.307,77.06,5058.0
SAC-energy,SAC,energy,2,100160,1,0,0,752.955,0.61031,5.25,10.739,8.584,87.714,5035.5
SAC-energy,SAC,energy,2,100161,1,0,0,764.163,0.63348,5.1,9.67,9.016,84.757,5117.2
SAC-energy,SAC,energy,2,100162,1,0,0,715.484,0.5816,4.8,10.889,9.181,77.929,5115.5
SAC-energy,SAC,energy,2,100163,1,0,0,694.978,0.5648,4.75,10.323,9.207,75.481,5076.7
SAC-energy,SAC,energy,2,100164,1,0,0,716.368,0.57637,4.95,11.136,9.548,75.029,5057.2
SAC-energy,SAC,energy,2,100165,0,1,0,509.492,0.43646,3.25,5.672,7.827,65.092,5200.8
SAC-energy,SAC,energy,2,100166,1,0,0,793.982,0.64114,5.55,11.221,8.452,93.938,5031.4
SAC-energy,SAC,energy,2,100167,1,0,0,645.764,0.52456,4.4,9.412,8.696,74.263,5083.7
SAC-energy,SAC,energy,2,100168,0,1,0,326.169,0.28525,2.05,3.26,8.828,36.949,5221.8
SAC-energy,SAC,energy,2,100169,1,0,0,694.796,0.55669,4.8,9.779,8.158,85.163,5060.7
SAC-energy,SAC,energy,2,100170,1,0,0,722.035,0.57021,5.05,10.149,7.95,90.824,5039.5
SAC-energy,SAC,energy,2,100171,1,0,0,779.832,0.60487,5.5,10.204,8.252,94.503,5029.1
SAC-energy,SAC,energy,2,100172,1,0,0,597.822,0.49382,4.1,9.831,8.797,67.956,5062.3
SAC-energy,SAC,energy,2,100173,1,0,0,948.652,0.81267,6.05,12.39,9.102,104.227,5200.0
SAC-energy,SAC,energy,2,100174,1,0,0,697.08,0.54739,4.85,9.622,7.649,91.129,5051.6
SAC-energy,SAC,energy,2,100175,1,0,0,706.727,0.5853,4.75,10.969,9.783,72.237,5104.2
SAC-energy,SAC,energy,2,100176,1,0,0,705.915,0.5975,4.65,10.553,8.567,82.404,5136.8
SAC-energy,SAC,energy,2,100177,1,0,0,677.128,0.56117,4.55,9.14,8.088,83.723,5104.0
SAC-energy,SAC,energy,2,100178,1,0,0,688.08,0.55141,4.75,8.603,7.551,91.13,5061.6
SAC-energy,SAC,energy,2,100179,1,0,0,861.092,0.68768,6.0,12.538,10.152,84.822,5043.9
SAC-energy,SAC,energy,2,100180,1,0,0,642.324,0.51862,4.45,9.084,7.932,80.976,5049.9
SAC-energy,SAC,energy,2,100181,1,0,0,597.99,0.48516,4.15,9.639,8.764,68.229,5043.8
SAC-energy,SAC,energy,2,100182,1,0,0,706.179,0.54497,5.05,10.368,8.323,84.848,5003.4
SAC-energy,SAC,energy,2,100183,1,0,0,715.878,0.57345,4.95,11.792,10.261,69.768,5058.0
SAC-energy,SAC,energy,2,100184,1,0,0,692.23,0.56892,4.6,10.577,8.328,83.117,5131.8
SAC-energy,SAC,energy,2,100185,1,0,0,735.153,0.59854,5.0,9.537,8.052,91.298,5086.2
SAC-energy,SAC,energy,2,100186,1,0,0,802.489,0.64919,5.45,10.586,8.821,90.972,5091.2
SAC-energy,SAC,energy,2,100187,1,0,0,711.79,0.56047,5.0,10.874,9.124,78.015,5032.7
SAC-energy,SAC,energy,2,100188,1,0,0,594.884,0.48536,4.05,8.637,7.177,82.885,5082.4
SAC-energy,SAC,energy,2,100189,1,0,0,660.184,0.54677,4.45,9.728,7.6,86.864,5096.5
SAC-energy,SAC,energy,2,100190,1,0,0,592.097,0.48867,4.0,8.83,7.866,75.274,5094.6
SAC-energy,SAC,energy,2,100191,1,0,0,543.045,0.4424,3.75,8.533,7.798,69.643,5054.4
SAC-energy,SAC,energy,2,100192,1,0,0,698.177,0.59072,4.6,9.945,8.535,81.805,5136.0
SAC-energy,SAC,energy,2,100193,1,0,0,742.761,0.59113,5.15,10.452,8.356,88.891,5054.5
SAC-energy,SAC,energy,2,100194,1,0,0,658.012,0.54407,4.45,10.748,10.109,65.094,5091.9
SAC-energy,SAC,energy,2,100195,1,0,0,917.44,0.75415,6.15,9.948,7.92,115.831,5110.1
SAC-energy,SAC,energy,2,100196,1,0,0,913.235,0.71127,6.4,12.891,10.254,89.058,5041.8
SAC-energy,SAC,energy,2,100197,1,0,0,662.371,0.54554,4.4,8.39,7.744,85.539,5131.5
SAC-energy,SAC,energy,2,100198,0,1,0,419.89,0.35885,2.65,5.089,9.256,45.364,5225.4
SAC-energy,SAC,energy,2,100199,1,0,0,600.311,0.51284,3.9,9.098,7.993,75.108,5163.1
SAC-energy,SAC,energy,3,100000,1,0,0,1127.881,0.92745,7.4,12.48,9.237,122.101,5155.1
SAC-energy,SAC,energy,3,100001,1,0,0,691.018,0.58537,4.35,9.054,9.015,76.652,5233.0
SAC-energy,SAC,energy,3,100002,1,0,0,770.796,0.64138,5.05,9.863,7.502,102.749,5152.5
SAC-energy,SAC,energy,3,100003,1,0,0,810.023,0.68902,5.15,11.206,8.219,98.554,5208.3
SAC-energy,SAC,energy,3,100004,1,0,0,910.961,0.78785,5.6,11.697,9.385,97.061,5276.2
SAC-energy,SAC,energy,3,100005,1,0,0,729.446,0.60821,4.65,9.668,8.165,89.334,5212.7
SAC-energy,SAC,energy,3,100006,1,0,0,782.69,0.69649,4.75,9.635,8.278,94.549,5292.7
SAC-energy,SAC,energy,3,100007,1,0,0,768.774,0.66266,4.75,10.947,10.155,75.705,5267.6
SAC-energy,SAC,energy,3,100008,1,0,0,652.634,0.53957,4.3,8.885,7.34,88.917,5144.7
SAC-energy,SAC,energy,3,100009,1,0,0,726.81,0.60328,4.65,9.318,7.79,93.306,5206.4
SAC-energy,SAC,energy,3,100010,1,0,0,669.264,0.56144,4.35,9.123,7.373,90.77,5164.7
SAC-energy,SAC,energy,3,100011,1,0,0,730.309,0.62369,4.55,10.057,7.931,92.08,5252.1
SAC-energy,SAC,energy,3,100012,1,0,0,848.02,0.70849,5.45,11.13,9.32,90.987,5193.0
SAC-energy,SAC,energy,3,100013,1,0,0,734.105,0.6099,4.8,9.803,7.38,99.472,5157.9
SAC-energy,SAC,energy,3,100014,0,1,0,190.759,0.13598,1.55,2.619,8.825,21.615,4786.7
SAC-energy,SAC,energy,3,100015,0,1,0,746.394,0.60866,4.95,7.01,9.791,76.235,5136.3
SAC-energy,SAC,energy,3,100016,1,0,0,761.892,0.63129,4.9,9.286,8.596,88.638,5195.3
SAC-energy,SAC,energy,3,100017,1,0,0,701.915,0.59872,4.5,9.783,7.793,90.07,5187.8
SAC-energy,SAC,energy,3,100018,1,0,0,879.065,0.72323,5.85,12.007,9.017,97.49,5124.5
SAC-energy,SAC,energy,3,100019,0,1,0,423.011,0.33951,2.85,5.612,9.673,43.732,5109.0
SAC-energy,SAC,energy,3,100020,1,0,0,640.127,0.52999,4.15,8.907,7.819,81.869,5178.0
SAC-energy,SAC,energy,3,100021,1,0,0,722.873,0.63983,4.35,10.066,8.23,87.836,5314.4
SAC-energy,SAC,energy,3,100022,1,0,0,733.079,0.60542,4.8,10.214,8.664,84.611,5157.5
SAC-energy,SAC,energy,3,100023,1,0,0,805.064,0.69154,5.05,10.651,8.437,95.419,5233.2
SAC-energy,SAC,energy,3,100024,1,0,0,942.353,0.76921,6.2,11.781,9.114,103.392,5152.2
SAC-energy,SAC,energy,3,100025,0,1,0,503.212,0.42397,3.2,6.632,9.6,52.416,5212.0
SAC-energy,SAC,energy,3,100026,1,0,0,860.422,0.72159,5.6,12.183,9.501,90.56,5164.4
SAC-energy,SAC,energy,3,100027,1,0,0,734.779,0.5952,4.85,11.127,9.666,76.018,5149.4
SAC-energy,SAC,energy,3,100028,1,0,0,793.734,0.67344,5.0,9.307,7.748,102.44,5231.0
SAC-energy,SAC,energy,3,100029,1,0,0,896.048,0.77106,5.55,11.237,9.057,98.936,5261.9
SAC-energy,SAC,energy,3,100030,1,0,0,683.945,0.57117,4.45,10.26,9.276,73.734,5166.6
SAC-energy,SAC,energy,3,100031,1,0,0,720.776,0.61603,4.5,9.419,8.038,89.673,5246.7
SAC-energy,SAC,energy,3,100032,1,0,0,673.127,0.55055,4.55,9.559,7.982,84.333,5093.2
SAC-energy,SAC,energy,3,100033,1,0,0,715.527,0.61113,4.5,10.071,8.528,83.907,5230.3
SAC-energy,SAC,energy,3,100034,1,0,0,745.226,0.64776,4.65,9.787,7.85,94.928,5239.4
SAC-energy,SAC,energy,3,100035,1,0,0,772.465,0.66616,4.9,10.775,8.919,86.606,5207.2
SAC-energy,SAC,energy,3,100036,1,0,0,762.956,0.63166,4.9,11.547,10.5,72.664,5199.0
SAC-energy,SAC,energy,3,100037,1,0,0,1065.228,0.86094,7.15,12.642,8.231,129.421,5113.7
SAC-energy,SAC,energy,3,100038,1,0,0,945.549,0.80204,6.05,12.543,9.882,95.686,5196.7
SAC-energy,SAC,energy,3,100039,0,1,0,326.67,0.25935,2.25,3.944,8.568,38.125,5067.9
SAC-energy,SAC,energy,3,100040,1,0,0,811.055,0.67731,5.3,12.977,10.951,74.063,5157.8
SAC-energy,SAC,energy,3,100041,1,0,0,953.99,0.81656,6.0,10.224,7.696,123.957,5230.0
SAC-energy,SAC,energy,3,100042,0,1,0,562.936,0.47688,3.65,6.895,7.881,71.427,5166.7
SAC-energy,SAC,energy,3,100043,1,0,0,746.081,0.64382,4.7,8.773,7.344,101.584,5224.2
SAC-energy,SAC,energy,3,100044,1,0,0,850.693,0.71262,5.4,12.368,10.63,80.028,5219.3
SAC-energy,SAC,energy,3,100045,0,1,0,251.268,0.21138,1.65,2.723,8.206,30.619,5145.6
SAC-energy,SAC,energy,3,100046,1,0,0,972.173,0.80481,6.4,9.987,7.34,132.457,5145.5
SAC-energy,SAC,energy,3,100047,0,1,0,415.764,0.33448,2.85,4.895,8.979,46.306,5072.2
SAC-energy,SAC,energy,3,100048,1,0,0,759.217,0.66171,4.65,9.701,8.494,89.382,5280.8
SAC-energy,SAC,energy,3,100049,1,0,0,716.186,0.61293,4.5,9.077,7.661,93.486,5232.3
SAC-energy,SAC,energy,3,100050,1,0,0,837.867,0.71169,5.35,11.453,9.061,92.467,5198.6
SAC-energy,SAC,energy,3,100051,0,1,0,651.012,0.53628,4.3,9.842,10.669,61.019,5141.2
SAC-energy,SAC,energy,3,100052,1,0,0,773.468,0.65487,5.0,9.271,7.616,101.554,5174.8
SAC-energy,SAC,energy,3,100053,0,1,0,402.772,0.31946,2.75,4.882,9.208,43.743,5086.4
SAC-energy,SAC,energy,3,100054,1,0,0,665.094,0.58363,4.1,9.522,7.938,83.784,5263.1
SAC-energy,SAC,energy,3,100055,1,0,0,801.802,0.66602,5.15,11.169,8.521,94.095,5197.5
SAC-energy,SAC,energy,3,100056,1,0,0,787.057,0.66882,4.95,10.184,8.489,92.711,5232.7
SAC-energy,SAC,energy,3,100057,1,0,0,549.183,0.46708,3.45,8.212,7.79,70.501,5235.2
SAC-energy,SAC,energy,3,100058,1,0,0,812.235,0.7004,5.05,10.724,7.642,106.289,5250.9
SAC-energy,SAC,energy,3,100059,1,0,0,777.715,0.66098,4.95,10.477,8.522,91.26,5206.2
SAC-energy,SAC,energy,3,100060,1,0,0,1097.982,0.89479,7.3,13.044,10.335,106.243,5132.0
SAC-energy,SAC,energy,3,100061,1,0,0,655.434,0.53022,4.4,9.684,8.108,80.838,5114.2
SAC-energy,SAC,energy,3,100062,1,0,0,1069.463,0.91779,6.7,10.956,7.732,138.308,5237.1
SAC-energy,SAC,energy,3,100063,1,0,0,668.036,0.5837,4.1,9.148,7.751,86.183,5275.9
SAC-energy,SAC,energy,3,100064,0,1,0,185.771,0.14957,1.3,2.214,8.763,21.2,5031.1
SAC-energy,SAC,energy,3,100065,1,0,0,687.466,0.58552,4.35,8.989,7.861,87.454,5219.8
SAC-energy,SAC,energy,3,100066,1,0,0,837.179,0.69856,5.35,10.915,9.127,91.73,5205.5
SAC-energy,SAC,energy,3,100067,1,0,0,698.039,0.57025,4.65,9.917,8.907,78.373,5124.5
SAC-energy,SAC,energy,3,100068,1,0,0,645.362,0.53791,4.15,9.334,8.563,75.366,5191.9
SAC-energy,SAC,energy,3,100069,1,0,0,787.317,0.65993,5.05,10.426,9.012,87.359,5195.1
SAC-energy,SAC,energy,3,100070,1,0,0,836.816,0.71171,5.3,11.25,9.473,88.333,5215.5
SAC-energy,SAC,energy,3,100071,1,0,0,811.861,0.69609,5.1,10.335,8.226,98.695,5231.2
SAC-energy,SAC,energy,3,100072,1,0,0,702.189,0.56959,4.8,10.021,7.937,88.466,5074.8
SAC-energy,SAC,energy,3,100073,1,0,0,807.527,0.69937,5.05,11.222,8.545,94.5,5237.5
SAC-energy,SAC,energy,3,100074,1,0,0,896.058,0.74007,5.8,11.746,10.228,87.605,5182.9
SAC-energy,SAC,energy,3,100075,1,0,0,706.142,0.60082,4.4,9.927,8.097,87.213,5253.3
SAC-energy,SAC,energy,3,100076,1,0,0,637.176,0.54398,4.0,8.857,7.909,80.559,5234.5
SAC-energy,SAC,energy,3,100077,0,1,0,90.447,0.06055,0.8,0.736,7.922,11.417,4654.8
SAC-energy,SAC,energy,3,100078,1,0,0,827.966,0.69899,5.25,11.935,10.244,80.823,5217.5
SAC-energy,SAC,energy,3,100079,1,0,0,695.972,0.56878,4.65,10.988,9.43,73.802,5119.7
SAC-energy,SAC,energy,3,100080,1,0,0,691.347,0.56582,4.55,10.035,8.957,77.181,5150.6
SAC-energy,SAC,energy,3,100081,1,0,0,804.849,0.66768,5.15,10.383,9.618,83.683,5206.1
SAC-energy,SAC,energy,3,100082,1,0,0,814.213,0.69657,5.15,10.375,8.391,97.029,5217.6
SAC-energy,SAC,energy,3,100083,0,1,0,422.836,0.34678,2.75,5.324,7.864,53.766,5175.7
SAC-energy,SAC,energy,3,100084,1,0,0,763.18,0.65953,4.75,11.414,10.165,75.077,5247.9
SAC-energy,SAC,energy,3,100085,1,0,0,888.784,0.77263,5.6,11.091,8.176,108.707,5218.8
SAC-energy,SAC,energy,3,100086,1,0,0,731.996,0.61416,4.65,9.718,7.735,94.637,5216.6
SAC-energy,SAC,energy,3,100087,1,0,0,723.907,0.60111,4.75,10.674,8.731,82.914,5151.3
SAC-energy,SAC,energy,3,100088,1,0,0,885.312,0.75308,5.6,11.955,9.119,97.079,5220.1
SAC-energy,SAC,energy,3,100089,1,0,0,696.092,0.56598,4.7,9.651,9.071,76.737,5099.1
SAC-energy,SAC,energy,3,100090,1,0,0,825.868,0.68771,5.25,10.214,8.879,93.009,5218.9
SAC-energy,SAC,energy,3,100091,0,1,0,218.146,0.15738,1.75,2.957,7.545,28.913,4803.2
SAC-energy,SAC,energy,3,100092,1,0,0,757.618,0.64219,4.75,10.504,8.325,91.007,5241.0
SAC-energy,SAC,energy,3,100093,1,0,0,842.324,0.71714,5.35,11.289,9.047,93.102,5209.2
SAC-energy,SAC,energy,3,100094,1,0,0,730.174,0.61419,4.65,8.815,7.539,96.85,5210.8
SAC-energy,SAC,energy,3,100095,0,1,0,105.977,0.0809,0.8,0.941,7.532,14.07,4900.8
SAC-energy,SAC,energy,3,100096,0,1,0,652.687,0.53103,4.4,8.478,9.195,70.985,5102.9
SAC-energy,SAC,energy,3,100097,1,0,0,884.091,0.74996,5.6,11.952,8.155,108.416,5218.0
SAC-energy,SAC,energy,3,100098,1,0,0,738.964,0.62467,4.7,9.808,7.811,94.605,5210.1
SAC-energy,SAC,energy,3,100099,0,1,0,434.216,0.34229,3.0,5.955,8.321,52.186,5063.6
SAC-energy,SAC,energy,3,100100,1,0,0,850.768,0.71263,5.5,9.41,7.98,106.617,5179.4
SAC-energy,SAC,energy,3,100101,1,0,0,799.502,0.69636,4.95,11.346,9.617,83.134,5255.7
SAC-energy,SAC,energy,3,100102,1,0,0,1030.931,0.82925,6.95,12.67,10.819,95.289,5106.9
SAC-energy,SAC,energy,3,100103,1,0,0,689.887,0.56415,4.55,10.623,9.007,76.598,5146.8
SAC-energy,SAC,energy,3,100104,1,0,0,781.781,0.69135,4.75,10.235,9.087,86.033,5292.3
SAC-energy,SAC,energy,3,100105,1,0,0,813.583,0.68643,5.2,11.105,9.044,89.954,5199.9
SAC-energy,SAC,energy,3,100106,1,0,0,977.154,0.81878,6.3,12.668,10.656,91.7,5184.0
SAC-energy,SAC,energy,3,100107,1,0,0,714.976,0.61143,4.45,9.915,8.604,83.098,5253.1
SAC-energy,SAC,energy,3,100108,1,0,0,675.976,0.60348,4.1,9.746,8.316,81.29,5291.2
SAC-energy,SAC,energy,3,100109,1,0,0,820.113,0.7001,5.15,11.809,10.199,80.413,5234.4
SAC-energy,SAC,energy,3,100110,1,0,0,678.584,0.54975,4.55,9.692,8.27,82.05,5115.6
SAC-energy,SAC,energy,3,100111,1,0,0,793.295,0.6794,5.0,12.457,10.062,78.844,5224.9
SAC-energy,SAC,energy,3,100112,1,0,0,727.254,0.62167,4.5,10.159,8.496,85.597,5266.5
SAC-energy,SAC,energy,3,100113,1,0,0,649.104,0.54487,4.2,9.03,7.613,85.267,5176.6
SAC-energy,SAC,energy,3,100114,1,0,0,618.569,0.51045,4.1,8.793,8.18,75.616,5130.5
SAC-energy,SAC,energy,3,100115,1,0,0,709.061,0.58129,4.65,10.301,8.766,80.886,5157.7
SAC-energy,SAC,energy,3,100116,1,0,0,817.153,0.67999,5.25,10.771,9.065,90.142,5195.0
SAC-energy,SAC,energy,3,100117,1,0,0,949.444,0.77949,6.25,11.806,8.733,108.717,5149.1
SAC-energy,SAC,energy,3,100118,1,0,0,689.789,0.57439,4.4,9.624,8.486,81.284,5210.4
SAC-energy,SAC,energy,3,100119,1,0,0,775.058,0.65601,4.85,10.18,7.886,98.288,5246.2
SAC-energy,SAC,energy,3,100120,1,0,0,737.019,0.63545,4.65,9.432,8.456,87.159,5219.8
SAC-energy,SAC,energy,3,100121,1,0,0,683.099,0.55803,4.5,9.624,8.116,84.165,5149.4
SAC-energy,SAC,energy,3,100122,1,0,0,1025.911,0.86236,6.65,12.124,8.641,118.721,5171.4
SAC-energy,SAC,energy,3,100123,1,0,0,785.929,0.65201,5.1,11.213,9.053,86.813,5175.3
SAC-energy,SAC,energy,3,100124,1,0,0,835.044,0.69968,5.35,10.882,9.122,91.543,5197.6
SAC-energy,SAC,energy,3,100125,1,0,0,686.774,0.56298,4.45,9.544,8.265,83.099,5183.8
SAC-energy,SAC,energy,3,100126,1,0,0,876.978,0.73592,5.55,10.817,8.626,101.661,5225.4
SAC-energy,SAC,energy,3,100127,1,0,0,702.56,0.57358,4.65,10.29,8.644,81.278,5139.8
SAC-energy,SAC,energy,3,100128,1,0,0,718.855,0.58986,4.7,10.557,8.526,84.313,5165.0
SAC-energy,SAC,energy,3,100129,1,0,0,688.089,0.55439,4.6,10.666,9.076,75.812,5123.9
SAC-energy,SAC,energy,3,100130,1,0,0,718.157,0.61683,4.65,9.639,8.1,88.667,5163.0
SAC-energy,SAC,energy,3,100131,1,0,0,753.171,0.64028,4.7,10.362,8.285,90.913,5250.9
SAC-energy,SAC,energy,3,100132,1,0,0,765.189,0.65614,4.85,10.093,8.666,88.295,5211.6
SAC-energy,SAC,energy,3,100133,1,0,0,684.537,0.5592,4.45,9.76,7.926,86.362,5178.9
SAC-energy,SAC,energy,3,100134,1,0,0,743.77,0.59991,4.95,11.875,9.972,74.584,5133.6
SAC-energy,SAC,energy,3,100135,1,0,0,718.338,0.61324,4.5,9.896,7.889,91.06,5239.2
SAC-energy,SAC,energy,3,100136,1,0,0,790.789,0.64391,5.25,12.885,10.838,72.962,5135.2
SAC-energy,SAC,energy,3,100137,1,0,0,755.928,0.62232,4.95,12.505,11.395,66.338,5159.8
SAC-energy,SAC,energy,3,100138,1,0,0,748.079,0.62279,4.75,10.136,8.268,90.482,5221.4
SAC-energy,SAC,energy,3,100139,1,0,0,700.837,0.58004,4.55,9.808,8.537,82.097,5175.4
SAC-energy,SAC,energy,3,100140,1,0,0,766.511,0.63837,4.9,10.252,7.88,97.277,5207.2
SAC-energy,SAC,energy,3,100141,1,0,0,664.095,0.55023,4.3,10.236,8.995,73.83,5180.9
SAC-energy,SAC,energy,3,100142,1,0,0,681.912,0.58226,4.3,9.376,8.179,83.373,5225.0
SAC-energy,SAC,energy,3,100143,1,0,0,742.995,0.64347,4.65,10.222,7.809,95.149,5236.2
SAC-energy,SAC,energy,3,100144,1,0,0,704.391,0.60499,4.4,8.762,7.597,92.718,5244.1
SAC-energy,SAC,energy,3,100145,1,0,0,764.831,0.6776,4.7,11.197,8.422,90.817,5264.4
SAC-energy,SAC,energy,3,100146,1,0,0,704.041,0.60335,4.4,9.45,8.28,85.033,5243.3
SAC-energy,SAC,energy,3,100147,1,0,0,879.427,0.74846,5.6,11.64,9.371,93.841,5204.3
SAC-energy,SAC,energy,3,100148,1,0,0,1170.462,0.9884,7.4,11.88,8.724,134.172,5224.7
SAC-energy,SAC,energy,3,100149,1,0,0,738.552,0.63289,4.75,9.992,8.832,83.623,5180.3
SAC-energy,SAC,energy,3,100150,0,1,0,471.505,0.38591,3.1,6.179,9.058,52.055,5152.5
SAC-energy,SAC,energy,3,100151,1,0,0,790.482,0.67344,5.0,10.173,8.246,95.866,5218.7
SAC-energy,SAC,energy,3,100152,1,0,0,704.247,0.5892,4.45,9.44,7.9,89.145,5230.4
SAC-energy,SAC,energy,3,100153,1,0,0,855.077,0.72575,5.45,11.345,8.949,95.55,5203.9
SAC-energy,SAC,energy,3,100154,1,0,0,631.951,0.49955,4.35,9.389,8.276,76.362,5070.8
SAC-energy,SAC,energy,3,100155,1,0,0,868.597,0.7109,5.8,9.876,8.362,103.878,5120.5
SAC-energy,SAC,energy,3,100156,1,0,0,691.626,0.57848,4.4,9.581,8.31,83.233,5214.6
SAC-energy,SAC,energy,3,100157,1,0,0,793.394,0.66177,5.1,11.672,9.876,80.335,5193.7
SAC-energy,SAC,energy,3,100158,1,0,0,719.274,0.6111,4.6,9.956,8.77,82.018,5195.9
SAC-energy,SAC,energy,3,100159,1,0,0,727.375,0.59293,4.75,10.163,8.307,87.565,5169.8
SAC-energy,SAC,energy,3,100160,1,0,0,746.481,0.61725,4.85,10.024,8.584,86.96,5173.5
SAC-energy,SAC,energy,3,100161,1,0,0,826.457,0.6874,5.3,10.504,9.016,91.666,5199.6
SAC-energy,SAC,energy,3,100162,1,0,0,892.147,0.758,5.65,11.274,9.181,97.17,5218.1
SAC-energy,SAC,energy,3,100163,1,0,0,805.554,0.68834,5.1,11.117,9.207,87.49,5214.6
SAC-energy,SAC,energy,3,100164,1,0,0,670.1,0.54204,4.45,10.574,9.548,70.183,5136.4
SAC-energy,SAC,energy,3,100165,0,1,0,578.73,0.51331,3.55,6.287,7.827,73.938,5270.8
SAC-energy,SAC,energy,3,100166,1,0,0,655.495,0.53426,4.3,9.511,8.452,77.553,5159.6
SAC-energy,SAC,energy,3,100167,1,0,0,896.106,0.78683,5.55,11.134,8.696,103.052,5253.2
SAC-energy,SAC,energy,3,100168,1,0,0,785.267,0.66592,5.05,11.56,8.828,88.956,5183.7
SAC-energy,SAC,energy,3,100169,1,0,0,695.629,0.58105,4.5,9.951,8.158,85.265,5179.0
SAC-energy,SAC,energy,3,100170,1,0,0,673.889,0.55417,4.45,9.422,7.95,84.768,5140.6
SAC-energy,SAC,energy,3,100171,1,0,0,636.237,0.52377,4.3,9.036,8.252,77.102,5089.8
SAC-energy,SAC,energy,3,100172,1,0,0,771.946,0.64514,4.9,10.901,8.797,87.749,5220.3
SAC-energy,SAC,energy,3,100173,0,1,0,115.683,0.08034,0.95,1.279,9.102,12.71,4777.6
SAC-energy,SAC,energy,3,100174,0,1,0,138.845,0.10143,1.1,1.35,7.649,18.151,4824.6
SAC-energy,SAC,energy,3,100175,1,0,0,896.724,0.75141,5.75,11.569,9.783,91.658,5195.7
SAC-energy,SAC,energy,3,100176,1,0,0,747.798,0.64781,4.6,10.779,8.567,87.293,5274.6
SAC-energy,SAC,energy,3,100177,1,0,0,695.538,0.59307,4.35,9.634,8.088,85.999,5243.6
SAC-energy,SAC,energy,3,100178,1,0,0,624.475,0.51658,4.15,8.114,7.551,82.706,5125.2
SAC-energy,SAC,energy,3,100179,1,0,0,885.347,0.72951,5.8,11.964,10.152,87.212,5157.1
SAC-energy,SAC,energy,3,100180,1,0,0,684.029,0.57938,4.35,9.48,7.932,86.233,5210.0
SAC-energy,SAC,energy,3,100181,1,0,0,689.935,0.57649,4.4,9.622,8.764,78.72,5209.7
SAC-energy,SAC,energy,3,100182,0,1,0,502.294,0.41254,3.4,6.672,8.323,60.351,5088.5
SAC-energy,SAC,energy,3,100183,1,0,0,845.762,0.72349,5.35,12.206,10.261,82.426,5218.2
SAC-energy,SAC,energy,3,100184,1,0,0,613.793,0.53354,3.8,9.144,8.328,73.699,5257.9
SAC-energy,SAC,energy,3,100185,1,0,0,693.603,0.58461,4.4,9.961,8.052,86.138,5218.8
SAC-energy,SAC,energy,3,100186,0,1,0,98.079,0.06628,0.85,1.069,8.821,11.118,4688.4
SAC-energy,SAC,energy,3,100187,1,0,0,691.962,0.56556,4.55,10.279,9.124,75.841,5153.0
SAC-energy,SAC,energy,3,100188,1,0,0,720.643,0.64305,4.4,8.462,7.177,100.407,5277.0
SAC-energy,SAC,energy,3,100189,0,1,0,421.151,0.34927,2.8,5.641,7.6,55.413,5123.5
SAC-energy,SAC,energy,3,100190,1,0,0,893.962,0.77367,5.55,9.894,7.866,113.65,5254.2
SAC-energy,SAC,energy,3,100191,1,0,0,671.065,0.57148,4.2,9.111,7.798,86.062,5242.7
SAC-energy,SAC,energy,3,100192,1,0,0,782.205,0.69545,4.7,10.805,8.535,91.651,5315.1
SAC-energy,SAC,energy,3,100193,1,0,0,792.135,0.63846,5.35,10.558,8.356,94.8,5102.8
SAC-energy,SAC,energy,3,100194,1,0,0,846.492,0.73111,5.25,11.94,10.109,83.74,5255.9
SAC-energy,SAC,energy,3,100195,1,0,0,667.43,0.5403,4.4,9.484,7.92,84.266,5152.8
SAC-energy,SAC,energy,3,100196,1,0,0,804.532,0.65164,5.45,12.93,10.254,78.458,5095.7
SAC-energy,SAC,energy,3,100197,1,0,0,689.939,0.60784,4.2,8.898,7.744,89.099,5290.2
SAC-energy,SAC,energy,3,100198,1,0,0,778.266,0.67947,4.85,11.101,9.256,84.083,5240.5
SAC-energy,SAC,energy,3,100199,1,0,0,713.546,0.63919,4.25,9.336,7.993,89.276,5330.8
SAC-energy,SAC,energy,4,100000,1,0,0,613.352,0.48146,4.3,9.917,9.237,66.4,5037.0
SAC-energy,SAC,energy,4,100001,0,1,0,327.321,0.30416,1.85,3.18,9.015,36.309,5436.2
SAC-energy,SAC,energy,4,100002,1,0,0,609.659,0.48826,4.1,8.934,7.502,81.269,5115.2
SAC-energy,SAC,energy,4,100003,1,0,0,658.668,0.53758,4.35,9.621,8.219,80.139,5145.3
SAC-energy,SAC,energy,4,100004,0,1,0,601.35,0.50591,3.95,7.28,9.385,64.072,5144.2
SAC-energy,SAC,energy,4,100005,1,0,0,745.643,0.63275,4.8,10.227,8.165,91.318,5184.0
SAC-energy,SAC,energy,4,100006,1,0,0,787.857,0.66189,5.05,10.013,8.278,95.173,5197.2
SAC-energy,SAC,energy,4,100007,1,0,0,964.523,0.7908,6.35,11.472,10.155,94.982,5151.6
SAC-energy,SAC,energy,4,100008,1,0,0,668.578,0.54029,4.5,9.272,7.34,91.089,5109.2
SAC-energy,SAC,energy,4,100009,1,0,0,630.947,0.51677,4.2,9.192,7.79,80.999,5128.6
SAC-energy,SAC,energy,4,100010,1,0,0,667.686,0.53141,4.55,8.701,7.373,90.555,5090.2
SAC-energy,SAC,energy,4,100011,1,0,0,712.056,0.5898,4.65,9.489,7.931,89.779,5162.5
SAC-energy,SAC,energy,4,100012,1,0,0,749.855,0.61292,4.95,11.072,9.32,80.454,5146.2
SAC-energy,SAC,energy,4,100013,1,0,0,550.452,0.4395,3.8,8.483,7.38,74.587,5061.3
SAC-energy,SAC,energy,4,100014,1,0,0,619.712,0.48924,4.4,10.473,8.825,70.219,5008.5
SAC-energy,SAC,energy,4,100015,1,0,0,741.734,0.59452,5.05,11.055,9.791,75.759,5089.6
SAC-energy,SAC,energy,4,100016,1,0,0,700.444,0.56492,4.75,10.015,8.596,81.489,5096.2
SAC-energy,SAC,energy,4,100017,1,0,0,627.767,0.50111,4.35,8.751,7.793,80.556,5052.4
SAC-energy,SAC,energy,4,100018,1,0,0,657.113,0.51014,4.65,10.499,9.017,72.875,5022.5
SAC-energy,SAC,energy,4,100019,1,0,0,717.665,0.58575,4.8,11.098,9.673,74.194,5118.4
SAC-energy,SAC,energy,4,100020,1,0,0,676.896,0.5447,4.6,9.52,7.819,86.572,5090.1
SAC-energy,SAC,energy,4,100021,1,0,0,814.176,0.68708,5.15,10.394,8.23,98.93,5223.8
SAC-energy,SAC,energy,4,100022,1,0,0,650.185,0.51401,4.5,9.905,8.664,75.043,5060.7
SAC-energy,SAC,energy,4,100023,1,0,0,857.093,0.73214,5.5,11.279,8.437,101.586,5188.5
SAC-energy,SAC,energy,4,100024,1,0,0,731.992,0.58655,4.95,10.573,9.114,80.312,5105.0
SAC-energy,SAC,energy,4,100025,1,0,0,803.947,0.6938,5.0,12.093,9.6,83.741,5250.8
SAC-energy,SAC,energy,4,100026,1,0,0,723.745,0.59114,4.9,10.97,9.501,76.175,5091.0
SAC-energy,SAC,energy,4,100027,1,0,0,839.454,0.6793,5.7,11.865,9.666,86.847,5090.0
SAC-energy,SAC,energy,4,100028,1,0,0,760.019,0.6523,4.9,9.369,7.748,98.088,5175.9
SAC-energy,SAC,energy,4,100029,1,0,0,1022.004,0.87606,6.55,12.966,9.057,112.843,5190.4
SAC-energy,SAC,energy,4,100030,1,0,0,615.686,0.48562,4.25,9.865,9.276,66.375,5067.2
SAC-energy,SAC,energy,4,100031,1,0,0,721.512,0.60317,4.6,9.883,8.038,89.765,5210.8
SAC-energy,SAC,energy,4,100032,1,0,0,599.824,0.47252,4.15,9.318,7.982,75.149,5063.3
SAC-energy,SAC,energy,4,100033,1,0,0,661.526,0.54587,4.45,10.035,8.528,77.574,5102.2
SAC-energy,SAC,energy,4,100034,1,0,0,717.215,0.61576,4.6,10.242,7.85,91.36,5188.3
SAC-energy,SAC,energy,4,100035,1,0,0,639.988,0.51271,4.35,9.705,8.919,71.753,5092.6
SAC-energy,SAC,energy,4,100036,0,1,0,205.17,0.17326,1.3,1.556,10.5,19.54,5218.8
SAC-energy,SAC,energy,4,100037,1,0,0,675.279,0.5339,4.75,9.27,8.231,82.044,5026.8
SAC-energy,SAC,energy,4,100038,1,0,0,666.116,0.52017,4.7,10.812,9.882,67.408,5026.0
SAC-energy,SAC,energy,4,100039,1,0,0,974.584,0.82738,6.2,13.498,8.568,113.742,5209.2
SAC-energy,SAC,energy,4,100040,1,0,0,793.568,0.62337,5.6,12.729,10.951,72.466,5023.2
SAC-energy,SAC,energy,4,100041,1,0,0,836.084,0.71194,5.3,10.946,7.696,108.636,5214.7
SAC-energy,SAC,energy,4,100042,1,0,0,740.795,0.62499,4.8,10.202,7.881,93.995,5172.1
SAC-energy,SAC,energy,4,100043,0,1,0,528.563,0.44194,3.45,6.468,7.344,71.968,5160.4
SAC-energy,SAC,energy,4,100044,0,1,0,381.658,0.34262,2.25,4.756,10.63,35.904,5354.5
SAC-energy,SAC,energy,4,100045,1,0,0,622.765,0.51857,4.1,9.114,8.206,75.888,5142.7
SAC-energy,SAC,energy,4,100046,1,0,0,530.454,0.42036,3.7,8.191,7.34,72.274,5044.1
SAC-energy,SAC,energy,4,100047,1,0,0,884.103,0.74141,5.7,10.309,8.979,98.467,5185.4
SAC-energy,SAC,energy,4,100048,1,0,0,752.768,0.62142,4.85,10.294,8.494,88.623,5193.6
SAC-energy,SAC,energy,4,100049,1,0,0,686.076,0.5704,4.45,9.038,7.661,89.555,5175.9
SAC-energy,SAC,energy,4,100050,1,0,0,805.019,0.65225,5.4,10.209,9.061,88.842,5116.2
SAC-energy,SAC,energy,4,100051,1,0,0,712.164,0.56182,4.9,11.556,10.669,66.751,5074.3
SAC-energy,SAC,energy,4,100052,1,0,0,720.63,0.59815,4.7,8.762,7.616,94.616,5165.1
SAC-energy,SAC,energy,4,100053,0,1,0,493.702,0.41207,3.15,6.809,9.208,53.619,5210.2
SAC-energy,SAC,energy,4,100054,1,0,0,690.628,0.58063,4.45,9.79,7.938,87.001,5185.5
SAC-energy,SAC,energy,4,100055,1,0,0,754.483,0.6018,5.2,10.425,8.521,88.541,5065.2
SAC-energy,SAC,energy,4,100056,1,0,0,803.552,0.69168,5.1,10.991,8.489,94.654,5208.7
SAC-energy,SAC,energy,4,100057,1,0,0,671.511,0.56984,4.35,9.752,7.79,86.205,5171.6
SAC-energy,SAC,energy,4,100058,1,0,0,719.175,0.60121,4.6,9.26,7.642,94.111,5203.8
SAC-energy,SAC,energy,4,100059,1,0,0,665.203,0.53722,4.55,10.135,8.522,78.058,5077.5
SAC-energy,SAC,energy,4,100060,1,0,0,699.216,0.55597,4.85,11.506,10.335,67.658,5054.6
SAC-energy,SAC,energy,4,100061,1,0,0,599.092,0.4772,4.1,9.311,8.108,73.889,5080.8
SAC-energy,SAC,energy,4,100062,1,0,0,886.065,0.74466,5.8,11.549,7.732,114.59,5151.7
SAC-energy,SAC,energy,4,100063,1,0,0,660.902,0.55465,4.25,8.798,7.751,85.262,5189.2
SAC-energy,SAC,energy,4,100064,1,0,0,740.436,0.60557,4.85,9.769,8.763,84.496,5163.2
SAC-energy,SAC,energy,4,100065,0,1,0,530.707,0.45629,3.3,6.304,7.861,67.512,5253.9
SAC-energy,SAC,energy,4,100066,1,0,0,684.273,0.5487,4.6,10.081,9.127,74.976,5116.9
SAC-energy,SAC,energy,4,100067,0,1,0,346.085,0.27908,2.3,3.116,8.907,38.857,5137.5
SAC-energy,SAC,energy,4,100068,1,0,0,662.038,0.52917,4.45,9.965,8.563,77.313,5116.7
SAC-energy,SAC,energy,4,100069,1,0,0,622.001,0.49247,4.3,9.601,9.012,69.016,5063.5
SAC-energy,SAC,energy,4,100070,1,0,0,833.561,0.67741,5.7,11.367,9.473,87.99,5074.4
SAC-energy,SAC,energy,4,100071,1,0,0,932.271,0.78507,6.0,11.586,8.226,113.333,5187.3
SAC-energy,SAC,energy,4,100072,1,0,0,586.407,0.45893,4.15,8.869,7.937,73.879,5019.0
SAC-energy,SAC,energy,4,100073,1,0,0,700.189,0.56873,4.75,9.703,8.545,81.939,5087.9
SAC-energy,SAC,energy,4,100074,1,0,0,863.875,0.69427,5.85,11.495,10.228,84.458,5099.5
SAC-energy,SAC,energy,4,100075,1,0,0,667.004,0.55862,4.25,9.583,8.097,82.379,5210.9
SAC-energy,SAC,energy,4,100076,1,0,0,633.816,0.52289,4.2,9.444,7.909,80.135,5132.8
SAC-energy,SAC,energy,4,100077,1,0,0,622.525,0.4931,4.35,8.938,7.922,78.584,5040.4
SAC-energy,SAC,energy,4,100078,0,1,0,476.834,0.41184,2.95,6.699,10.244,46.547,5263.0
SAC-energy,SAC,energy,4,100079,1,0,0,721.365,0.57242,5.0,10.555,9.43,76.494,5054.5
SAC-energy,SAC,energy,4,100080,1,0,0,674.865,0.5393,4.65,10.733,8.957,75.341,5064.5
SAC-energy,SAC,energy,4,100081,1,0,0,703.302,0.56537,4.8,10.492,9.618,73.125,5082.9
SAC-energy,SAC,energy,4,100082,1,0,0,692.72,0.58033,4.45,9.726,8.391,82.551,5193.4
SAC-energy,SAC,energy,4,100083,1,0,0,705.234,0.59094,4.5,9.335,7.864,89.675,5209.0
SAC-energy,SAC,energy,4,100084,1,0,0,793.132,0.63985,5.35,11.056,10.165,78.023,5106.3
SAC-energy,SAC,energy,4,100085,1,0,0,629.293,0.50374,4.25,9.171,8.176,76.969,5106.9
SAC-energy,SAC,energy,4,100086,1,0,0,600.854,0.48886,4.05,8.979,7.735,77.682,5106.0
SAC-energy,SAC,energy,4,100087,1,0,0,649.919,0.51431,4.55,10.323,8.731,74.44,5037.2
SAC-energy,SAC,energy,4,100088,1,0,0,748.063,0.62805,4.8,10.735,9.119,82.029,5195.5
SAC-energy,SAC,energy,4,100089,1,0,0,757.48,0.59273,5.3,10.499,9.071,83.504,5043.2
SAC-energy,SAC,energy,4,100090,1,0,0,984.174,0.80933,6.45,10.726,8.879,110.838,5159.5
SAC-energy,SAC,energy,4,100091,1,0,0,726.485,0.61892,4.7,9.982,7.545,96.287,5171.7
SAC-energy,SAC,energy,4,100092,1,0,0,731.435,0.60336,4.7,9.951,8.325,87.862,5199.8
SAC-energy,SAC,energy,4,100093,1,0,0,693.302,0.55805,4.75,10.801,9.047,76.63,5074.3
SAC-energy,SAC,energy,4,100094,1,0,0,570.8,0.47424,3.75,8.465,7.539,75.711,5148.1
SAC-energy,SAC,energy,4,100095,0,1,0,296.377,0.24109,2.0,2.522,7.532,39.349,5100.6
SAC-energy,SAC,energy,4,100096,1,0,0,661.432,0.5198,4.65,10.384,9.195,71.936,5030.1
SAC-energy,SAC,energy,4,100097,1,0,0,692.487,0.58502,4.5,9.381,8.155,84.919,5165.8
SAC-energy,SAC,energy,4,100098,1,0,0,650.747,0.53155,4.3,9.304,7.811,83.311,5143.5
SAC-energy,SAC,energy,4,100099,1,0,0,586.903,0.46733,4.0,9.322,8.321,70.537,5089.8
SAC-energy,SAC,energy,4,100100,0,1,0,295.937,0.23281,2.05,3.684,7.98,37.086,5060.0
SAC-energy,SAC,energy,4,100101,1,0,0,884.251,0.71431,5.9,10.837,9.617,91.946,5128.7
SAC-energy,SAC,energy,4,100102,1,0,0,792.314,0.63032,5.5,12.617,10.819,73.234,5051.6
SAC-energy,SAC,energy,4,100103,1,0,0,712.242,0.57145,4.9,10.731,9.007,79.08,5066.4
SAC-energy,SAC,energy,4,100104,1,0,0,844.749,0.7086,5.4,11.546,9.087,92.962,5203.8
SAC-energy,SAC,energy,4,100105,1,0,0,670.926,0.53285,4.6,10.164,9.044,74.181,5078.3
SAC-energy,SAC,energy,4,100106,1,0,0,812.775,0.65688,5.5,11.911,10.656,76.274,5099.1
SAC-energy,SAC,energy,4,100107,0,1,0,387.113,0.31148,2.6,4.47,8.604,44.992,5114.7
SAC-energy,SAC,energy,4,100108,1,0,0,727.722,0.61903,4.65,10.29,8.316,87.513,5197.8
SAC-energy,SAC,energy,4,100109,1,0,0,785.075,0.6721,4.95,11.324,10.199,76.978,5224.6
SAC-energy,SAC,energy,4,100110,1,0,0,798.517,0.65022,5.3,10.467,8.27,96.552,5136.2
SAC-energy,SAC,energy,4,100111,1,0,0,1104.979,0.9343,7.1,13.926,10.062,109.822,5189.0
SAC-energy,SAC,energy,4,100112,1,0,0,791.217,0.67272,5.05,10.454,8.496,93.125,5201.2
SAC-energy,SAC,energy,4,100113,1,0,0,605.2,0.49645,4.05,8.766,7.613,79.5,5115.2
SAC-energy,SAC,energy,4,100114,1,0,0,568.193,0.44924,3.95,9.038,8.18,69.458,5050.7
SAC-energy,SAC,energy,4,100115,1,0,0,706.829,0.56136,4.85,10.282,8.766,80.632,5076.2
SAC-energy,SAC,energy,4,100116,1,0,0,802.578,0.63847,5.45,10.314,9.065,88.534,5098.6
SAC-energy,SAC,energy,4,100117,1,0,0,719.243,0.57146,5.05,10.686,8.733,82.357,5027.8
SAC-energy,SAC,energy,4,100118,1,0,0,660.501,0.54258,4.45,9.941,8.486,77.832,5098.7
SAC-energy,SAC,energy,4,100119,0,1,0,391.906,0.32869,2.5,5.045,7.886,49.699,5207.6
SAC-energy,SAC,energy,4,100120,1,0,0,725.413,0.60116,4.75,10.498,8.456,85.787,5157.8
SAC-energy,SAC,energy,4,100121,1,0,0,617.822,0.49214,4.25,9.327,8.116,76.122,5070.5
SAC-energy,SAC,energy,4,100122,1,0,0,669.539,0.53333,4.65,10.239,8.641,77.48,5049.5
SAC-energy,SAC,energy,4,100123,1,0,0,753.139,0.61182,5.05,11.458,9.053,83.191,5116.4
SAC-energy,SAC,energy,4,100124,0,1,0,214.9,0.18393,1.35,1.816,9.122,23.559,5233.7
SAC-energy,SAC,energy,4,100125,1,0,0,715.943,0.577,4.85,10.118,8.265,86.628,5094.8
SAC-energy,SAC,energy,4,100126,0,1,0,228.422,0.21257,1.3,1.794,8.626,26.479,5420.1
SAC-energy,SAC,energy,4,100127,1,0,0,745.205,0.58409,5.2,10.312,8.644,86.211,5046.8
SAC-energy,SAC,energy,4,100128,1,0,0,711.361,0.56606,4.85,10.468,8.526,83.435,5088.3
SAC-energy,SAC,energy,4,100129,1,0,0,697.744,0.5498,4.9,10.705,9.076,76.876,5030.8
SAC-energy,SAC,energy,4,100130,1,0,0,587.096,0.46175,4.15,8.983,8.1,72.485,5018.4
SAC-energy,SAC,energy,4,100131,1,0,0,882.462,0.74086,5.7,10.955,8.285,106.519,5181.5
SAC-energy,SAC,energy,4,100132,1,0,0,683.457,0.54568,4.8,10.533,8.666,78.864,5026.5
SAC-energy,SAC,energy,4,100133,1,0,0,675.774,0.54295,4.55,9.569,7.926,85.257,5110.5
SAC-energy,SAC,energy,4,100134,1,0,0,830.319,0.68703,5.65,12.856,9.972,83.263,5076.4
SAC-energy,SAC,energy,4,100135,0,1,0,403.431,0.33513,2.65,3.19,7.889,51.141,5148.7
SAC-energy,SAC,energy,4,100136,1,0,0,812.032,0.64517,5.55,12.42,10.838,74.922,5085.3
SAC-energy,SAC,energy,4,100137,1,0,0,813.496,0.63871,5.7,13.155,11.395,71.39,5038.4
SAC-energy,SAC,energy,4,100138,1,0,0,671.23,0.54783,4.45,9.952,8.268,81.187,5136.1
SAC-energy,SAC,energy,4,100139,1,0,0,681.698,0.54931,4.6,9.949,8.537,79.855,5104.1
SAC-energy,SAC,energy,4,100140,1,0,0,720.838,0.59218,4.7,9.565,7.88,91.481,5170.0
SAC-energy,SAC,energy,4,100141,1,0,0,694.453,0.55663,4.8,10.1,8.995,77.205,5055.3
SAC-energy,SAC,energy,4,100142,1,0,0,868.577,0.73286,5.6,11.661,8.179,106.196,5183.0
SAC-energy,SAC,energy,4,100143,0,1,0,452.077,0.36858,2.95,6.031,7.809,57.893,5172.1
SAC-energy,SAC,energy,4,100144,1,0,0,669.98,0.56054,4.3,8.951,7.597,88.188,5196.1
SAC-energy,SAC,energy,4,100145,1,0,0,709.999,0.60584,4.55,10.406,8.422,84.306,5191.9
SAC-energy,SAC,energy,4,100146,1,0,0,698.775,0.57624,4.6,10.086,8.28,84.397,5148.5
SAC-energy,SAC,energy,4,100147,1,0,0,615.533,0.48956,4.3,10.335,9.371,65.682,5040.2
SAC-energy,SAC,energy,4,100148,1,0,0,878.738,0.73113,5.65,10.49,8.724,100.731,5194.8
SAC-energy,SAC,energy,4,100149,1,0,0,586.461,0.46747,4.1,9.49,8.832,66.402,5035.6
SAC-energy,SAC,energy,4,100150,1,0,0,709.802,0.58358,4.7,10.451,9.058,78.364,5136.2
SAC-energy,SAC,energy,4,100151,1,0,0,688.173,0.55747,4.55,8.816,8.246,83.459,5147.6
SAC-energy,SAC,energy,4,100152,1,0,0,668.54,0.54412,4.35,8.999,7.9,84.625,5178.5
SAC-energy,SAC,energy,4,100153,1,0,0,653.438,0.52723,4.5,9.721,8.949,73.018,5062.9
SAC-energy,SAC,energy,4,100154,1,0,0,683.499,0.53524,4.8,9.112,8.276,82.591,5034.7
SAC-energy,SAC,energy,4,100155,1,0,0,650.377,0.53184,4.3,9.124,8.362,77.781,5141.3
SAC-energy,SAC,energy,4,100156,1,0,0,693.515,0.56065,4.6,9.772,8.31,83.46,5140.0
SAC-energy,SAC,energy,4,100157,0,1,0,491.395,0.42719,3.0,6.833,9.876,49.756,5289.7
SAC-energy,SAC,energy,4,100158,0,1,0,251.548,0.20194,1.7,2.53,8.77,28.684,5104.0
SAC-energy,SAC,energy,4,100159,1,0,0,673.473,0.54113,4.55,10.087,8.307,81.076,5102.6
SAC-energy,SAC,energy,4,100160,1,0,0,769.755,0.61703,5.25,10.355,8.584,89.671,5087.1
SAC-energy,SAC,energy,4,100161,1,0,0,694.873,0.55811,4.85,10.684,9.016,77.072,5035.9
SAC-energy,SAC,energy,4,100162,1,0,0,705.276,0.59276,4.65,11.143,9.181,76.817,5135.3
SAC-energy,SAC,energy,4,100163,1,0,0,657.466,0.52735,4.6,10.448,9.207,71.407,5032.5
SAC-energy,SAC,energy,4,100164,1,0,0,724.685,0.56791,5.0,10.932,9.548,75.9,5070.7
SAC-energy,SAC,energy,4,100165,1,0,0,979.823,0.82836,6.25,12.556,7.827,125.181,5205.3
SAC-energy,SAC,energy,4,100166,0,1,0,547.031,0.45521,3.55,7.896,8.452,64.72,5175.3
SAC-energy,SAC,energy,4,100167,1,0,0,801.533,0.67504,5.2,9.917,8.696,92.176,5170.5
SAC-energy,SAC,energy,4,100168,1,0,0,865.751,0.72667,5.6,11.987,8.828,98.073,5178.1
SAC-energy,SAC,energy,4,100169,1,0,0,586.347,0.47618,4.0,9.51,8.158,71.87,5081.1
SAC-energy,SAC,energy,4,100170,0,1,0,293.292,0.2406,1.9,3.524,7.95,36.893,5185.2
SAC-energy,SAC,energy,4,100171,1,0,0,659.623,0.5155,4.65,9.345,8.252,79.936,5026.8
SAC-energy,SAC,energy,4,100172,1,0,0,655.177,0.53624,4.35,9.572,8.797,74.476,5132.7
SAC-energy,SAC,energy,4,100173,1,0,0,1088.388,0.91483,7.2,13.382,9.102,119.58,5130.9
SAC-energy,SAC,energy,4,100174,0,1,0,312.725,0.24933,2.1,4.165,7.649,40.882,5119.9
SAC-energy,SAC,energy,4,100175,1,0,0,746.753,0.60263,5.15,11.934,9.783,76.328,5059.5
SAC-energy,SAC,energy,4,100176,1,0,0,1019.745,0.84754,6.6,11.498,8.567,119.038,5181.2
SAC-energy,SAC,energy,4,100177,1,0,0,738.252,0.61859,4.75,9.588,8.088,91.28,5189.3
SAC-energy,SAC,energy,4,100178,0,1,0,643.359,0.51718,4.35,3.196,7.551,85.207,5102.2
SAC-energy,SAC,energy,4,100179,1,0,0,777.425,0.61439,5.45,12.572,10.152,76.581,5035.0
SAC-energy,SAC,energy,4,100180,0,1,0,505.477,0.41737,3.3,6.597,7.932,63.724,5164.7
SAC-energy,SAC,energy,4,100181,1,0,0,695.769,0.56569,4.65,9.94,8.764,79.386,5121.5
SAC-energy,SAC,energy,4,100182,1,0,0,717.162,0.57676,4.95,9.846,8.323,86.168,5057.9
SAC-energy,SAC,energy,4,100183,1,0,0,745.616,0.60243,5.05,11.913,10.261,72.666,5095.8
SAC-energy,SAC,energy,4,100184,1,0,0,652.785,0.54186,4.25,9.245,8.328,78.381,5168.2
SAC-energy,SAC,energy,4,100185,0,1,0,458.83,0.37519,3.0,6.771,8.052,56.982,5165.5
SAC-energy,SAC,energy,4,100186,1,0,0,746.065,0.64004,4.8,10.885,8.821,84.576,5179.7
SAC-energy,SAC,energy,4,100187,1,0,0,690.246,0.55376,4.7,10.409,9.124,75.653,5086.9
SAC-energy,SAC,energy,4,100188,1,0,0,684.083,0.57303,4.4,8.658,7.177,95.313,5190.9
SAC-energy,SAC,energy,4,100189,0,0,1,2981.103,2.38575,20.0,15.312,7.6,392.238,5121.2
SAC-energy,SAC,energy,4,100190,0,1,0,392.247,0.32784,2.55,4.105,7.866,49.867,5169.9
SAC-energy,SAC,energy,4,100191,1,0,0,656.691,0.54882,4.2,9.536,7.798,84.218,5202.7
SAC-energy,SAC,energy,4,100192,1,0,0,896.397,0.75149,5.75,10.516,8.535,105.031,5196.8
SAC-energy,SAC,energy,4,100193,1,0,0,586.015,0.45962,4.1,9.334,8.356,70.132,5041.1
SAC-energy,SAC,energy,4,100194,1,0,0,807.869,0.65706,5.35,11.483,10.109,79.919,5142.4
SAC-energy,SAC,energy,4,100195,1,0,0,670.713,0.54185,4.45,9.625,7.92,84.681,5140.4
SAC-energy,SAC,energy,4,100196,1,0,0,838.488,0.66277,5.8,12.06,10.254,81.769,5061.6
SAC-energy,SAC,energy,4,100197,1,0,0,738.638,0.62745,4.65,10.131,7.744,95.388,5231.6
SAC-energy,SAC,energy,4,100198,1,0,0,665.529,0.53441,4.6,10.351,9.256,71.903,5056.8
SAC-energy,SAC,energy,4,100199,0,1,0,296.547,0.24978,1.85,3.045,7.993,37.103,5254.9
PPO-energy,PPO,energy,0,100000,1,0,0,480.733,0.37302,3.45,9.609,9.237,52.043,4993.8
PPO-energy,PPO,energy,0,100001,1,0,0,884.268,0.79683,5.55,12.525,9.015,98.089,5210.5
PPO-energy,PPO,energy,0,100002,0,1,0,395.676,0.31993,2.7,5.789,7.502,52.745,5081.7
PPO-energy,PPO,energy,0,100003,1,0,0,486.207,0.39458,3.45,8.89,8.219,59.156,4998.1
PPO-energy,PPO,energy,0,100004,1,0,0,555.624,0.48513,3.7,10.303,9.385,59.2,5097.7
PPO-energy,PPO,energy,0,100005,0,1,0,424.414,0.38607,2.55,6.044,8.165,51.977,5307.3
PPO-energy,PPO,energy,0,100006,1,0,0,494.314,0.42672,3.3,8.857,8.278,59.713,5097.9
PPO-energy,PPO,energy,0,100007,1,0,0,866.631,0.76614,5.5,13.275,10.155,85.342,5196.1
PPO-energy,PPO,energy,0,100008,1,0,0,486.263,0.388,3.5,8.185,7.34,66.25,4976.7
PPO-energy,PPO,energy,0,100009,1,0,0,515.307,0.42764,3.6,9.089,7.79,66.154,5020.5
PPO-energy,PPO,energy,0,100010,0,1,0,235.74,0.20318,1.5,2.253,7.373,31.972,5203.3
PPO-energy,PPO,energy,0,100011,1,0,0,519.098,0.44248,3.55,9.272,7.931,65.45,5052.2
PPO-energy,PPO,energy,0,100012,0,1,0,212.616,0.20841,1.15,2.002,9.32,22.812,5517.7
PPO-energy,PPO,energy,0,100013,0,1,0,167.406,0.15761,0.95,1.123,7.38,22.684,5421.7
PPO-energy,PPO,energy,0,100014,1,0,0,471.644,0.36283,3.45,9.368,8.825,53.442,4958.2
PPO-energy,PPO,energy,0,100015,1,0,0,864.511,0.76741,5.5,12.915,9.791,88.299,5189.2
PPO-energy,PPO,energy,0,100016,1,0,0,581.455,0.48573,4.05,10.302,8.596,67.646,5023.8
PPO-energy,PPO,energy,0,100017,0,1,0,330.109,0.27285,2.2,4.477,7.793,42.36,5122.1
PPO-energy,PPO,energy,0,100018,1,0,0,547.664,0.42488,3.95,9.875,9.017,60.737,4984.5
PPO-energy,PPO,energy,0,100019,1,0,0,509.59,0.41229,3.55,10.101,9.673,52.683,5039.1
PPO-energy,PPO,energy,0,100020,1,0,0,478.854,0.38947,3.4,8.66,7.819,61.243,4996.0
PPO-energy,PPO,energy,0,100021,0,1,0,177.654,0.18464,0.9,1.13,8.23,21.587,5649.6
PPO-energy,PPO,energy,0,100022,0,1,0,231.942,0.19177,1.5,2.142,8.664,26.77,5185.0
PPO-energy,PPO,energy,0,100023,1,0,0,476.557,0.40346,3.25,9.068,8.437,56.483,5062.5
PPO-energy,PPO,energy,0,100024,0,1,0,341.578,0.31459,2.0,4.431,9.114,37.477,5360.8
PPO-energy,PPO,energy,0,100025,1,0,0,564.5,0.49828,3.7,10.32,9.6,58.799,5127.7
PPO-energy,PPO,energy,0,100026,1,0,0,520.919,0.42632,3.6,10.043,9.501,54.827,5050.9
PPO-energy,PPO,energy,0,100027,0,1,0,332.887,0.30892,1.95,4.676,9.666,34.439,5357.0
PPO-energy,PPO,energy,0,100028,1,0,0,496.151,0.41484,3.45,8.864,7.748,64.033,5026.9
PPO-energy,PPO,energy,0,100029,1,0,0,516.315,0.45684,3.4,9.76,9.057,57.008,5115.4
PPO-energy,PPO,energy,0,100030,0,1,0,378.103,0.30625,2.55,6.456,9.276,40.762,5105.2
PPO-energy,PPO,energy,0,100031,1,0,0,504.891,0.42841,3.45,8.833,8.038,62.815,5057.4
PPO-energy,PPO,energy,0,100032,0,1,0,255.232,0.21146,1.65,2.711,7.982,31.977,5185.5
PPO-energy,PPO,energy,0,100033,0,1,0,397.342,0.32732,2.7,6.743,8.528,46.594,5082.8
PPO-energy,PPO,energy,0,100034,1,0,0,439.158,0.36261,3.05,8.181,7.85,55.94,5035.8
PPO-energy,PPO,energy,0,100035,0,1,0,375.233,0.30089,2.55,5.854,8.919,42.07,5093.6
PPO-energy,PPO,energy,0,100036,1,0,0,563.087,0.47332,3.85,11.366,10.5,53.628,5059.9
PPO-energy,PPO,energy,0,100037,0,1,0,257.383,0.2108,1.7,2.684,8.231,31.271,5144.5
PPO-energy,PPO,energy,0,100038,0,1,0,680.575,0.57454,4.5,11.937,9.882,68.872,5129.1
PPO-energy,PPO,energy,0,100039,1,0,0,520.844,0.43276,3.55,9.405,8.568,60.787,5071.9
PPO-energy,PPO,energy,0,100040,1,0,0,678.842,0.5422,4.7,12.67,10.951,61.989,5054.4
PPO-energy,PPO,energy,0,100041,1,0,0,465.198,0.38759,3.2,8.071,7.696,60.445,5052.4
PPO-energy,PPO,energy,0,100042,1,0,0,453.86,0.36393,3.15,8.07,7.881,57.587,5050.6
PPO-energy,PPO,energy,0,100043,1,0,0,523.065,0.43171,3.65,8.866,7.344,71.219,5024.8
PPO-energy,PPO,energy,0,100044,1,0,0,529.831,0.45758,3.5,11.029,10.63,49.843,5122.1
PPO-energy,PPO,energy,0,100045,1,0,0,540.198,0.45247,3.7,9.368,8.206,65.827,5058.7
PPO-energy,PPO,energy,0,100046,1,0,0,481.007,0.38623,3.45,8.218,7.34,65.537,4981.3
PPO-energy,PPO,energy,0,100047,0,1,0,189.675,0.20004,0.95,1.466,8.979,21.125,5671.7
PPO-energy,PPO,energy,0,100048,1,0,0,551.287,0.47319,3.7,9.688,8.494,64.903,5089.2
PPO-energy,PPO,energy,0,100049,1,0,0,477.389,0.39795,3.3,8.379,7.661,62.315,5040.1
PPO-energy,PPO,energy,0,100050,1,0,0,460.59,0.36502,3.25,9.346,9.061,50.831,5020.0
PPO-energy,PPO,energy,0,100051,0,1,0,365.586,0.30763,2.35,6.04,10.669,34.266,5191.6
PPO-energy,PPO,energy,0,100052,1,0,0,470.212,0.39405,3.25,8.252,7.616,61.737,5038.1
PPO-energy,PPO,energy,0,100053,1,0,0,1194.125,0.98466,7.8,14.599,9.208,129.689,5164.8
PPO-energy,PPO,energy,0,100054,1,0,0,484.97,0.39507,3.35,8.463,7.938,61.093,5051.8
PPO-energy,PPO,energy,0,100055,1,0,0,521.411,0.43224,3.65,9.61,8.521,61.19,5017.4
PPO-energy,PPO,energy,0,100056,0,1,0,198.983,0.20896,1.0,1.528,8.489,23.439,5665.1
PPO-energy,PPO,energy,0,100057,1,0,0,439.267,0.35888,3.0,7.941,7.79,56.391,5074.7
PPO-energy,PPO,energy,0,100058,1,0,0,469.127,0.40426,3.15,8.111,7.642,61.39,5085.5
PPO-energy,PPO,energy,0,100059,0,1,0,253.688,0.23504,1.45,2.763,8.522,29.769,5412.3
PPO-energy,PPO,energy,0,100060,0,1,0,589.211,0.47162,4.05,11.529,10.335,57.013,5069.6
PPO-energy,PPO,energy,0,100061,0,1,0,399.848,0.32634,2.75,6.402,8.108,49.315,5061.3
PPO-energy,PPO,energy,0,100062,1,0,0,467.523,0.39629,3.15,8.116,7.732,60.462,5087.9
PPO-energy,PPO,energy,0,100063,1,0,0,502.274,0.4343,3.35,8.451,7.751,64.798,5099.0
PPO-energy,PPO,energy,0,100064,0,1,0,453.76,0.40475,2.85,6.948,8.763,51.782,5216.6
PPO-energy,PPO,energy,0,100065,1,0,0,475.892,0.39675,3.25,8.305,7.861,60.539,5066.5
PPO-energy,PPO,energy,0,100066,1,0,0,1193.332,1.03439,7.8,15.593,9.127,130.753,5140.3
PPO-energy,PPO,energy,0,100067,1,0,0,492.317,0.38444,3.6,9.594,8.907,55.275,4955.3
PPO-energy,PPO,energy,0,100068,0,1,0,241.725,0.23229,1.35,2.516,8.563,28.229,5450.9
PPO-energy,PPO,energy,0,100069,0,1,0,1004.417,0.86897,6.6,13.854,9.012,111.448,5130.7
PPO-energy,PPO,energy,0,100070,0,1,0,622.849,0.52254,4.2,11.458,9.473,65.747,5090.0
PPO-energy,PPO,energy,0,100071,1,0,0,511.241,0.42281,3.55,9.275,8.226,62.15,5035.2
PPO-energy,PPO,energy,0,100072,1,0,0,492.674,0.37456,3.65,8.372,7.937,62.07,4938.4
PPO-energy,PPO,energy,0,100073,1,0,0,483.467,0.4001,3.3,8.974,8.545,56.577,5071.8
PPO-energy,PPO,energy,0,100074,0,1,0,368.588,0.32391,2.3,6.004,10.228,36.036,5238.3
PPO-energy,PPO,energy,0,100075,1,0,0,525.74,0.44518,3.6,9.207,8.097,64.932,5053.6
PPO-energy,PPO,energy,0,100076,1,0,0,493.26,0.41126,3.4,8.612,7.909,62.364,5048.8
PPO-energy,PPO,energy,0,100077,1,0,0,445.088,0.33851,3.3,8.176,7.922,56.185,4936.3
PPO-energy,PPO,energy,0,100078,1,0,0,530.406,0.46328,3.45,10.621,10.244,51.776,5150.3
PPO-energy,PPO,energy,0,100079,0,1,0,367.964,0.29309,2.55,6.492,9.43,39.019,5055.4
PPO-energy,PPO,energy,0,100080,0,1,0,425.887,0.34312,2.9,6.727,8.957,47.546,5087.5
PPO-energy,PPO,energy,0,100081,1,0,0,593.134,0.49212,4.1,11.36,9.618,61.67,5042.7
PPO-energy,PPO,energy,0,100082,0,1,0,214.603,0.21107,1.15,1.68,8.391,25.574,5537.6
PPO-energy,PPO,energy,0,100083,1,0,0,543.007,0.46381,3.65,9.032,7.864,69.047,5087.8
PPO-energy,PPO,energy,0,100084,0,1,0,648.225,0.55298,4.25,12.018,10.165,63.768,5142.7
PPO-energy,PPO,energy,0,100085,1,0,0,466.103,0.37613,3.3,8.642,8.176,57.009,5004.8
PPO-energy,PPO,energy,0,100086,1,0,0,491.334,0.40849,3.45,8.884,7.735,63.522,5009.3
PPO-energy,PPO,energy,0,100087,1,0,0,479.351,0.37528,3.45,9.241,8.731,54.904,4983.0
PPO-energy,PPO,energy,0,100088,1,0,0,492.771,0.42253,3.3,9.66,9.119,54.035,5096.4
PPO-energy,PPO,energy,0,100089,1,0,0,503.904,0.37817,3.75,9.783,9.071,55.55,4934.8
PPO-energy,PPO,energy,0,100090,0,1,0,208.292,0.21795,1.05,1.605,8.879,23.458,5659.1
PPO-energy,PPO,energy,0,100091,0,1,0,244.222,0.19904,1.6,2.362,7.545,32.369,5163.7
PPO-energy,PPO,energy,0,100092,1,0,0,503.49,0.42109,3.45,9.043,8.325,60.48,5057.9
PPO-energy,PPO,energy,0,100093,1,0,0,481.458,0.39182,3.35,9.447,9.047,53.215,5038.5
PPO-energy,PPO,energy,0,100094,1,0,0,563.43,0.4729,3.85,9.016,7.539,74.733,5063.2
PPO-energy,PPO,energy,0,100095,0,1,0,395.666,0.34804,2.5,5.284,7.532,52.532,5210.0
PPO-energy,PPO,energy,0,100096,1,0,0,1305.534,1.10095,8.65,17.036,9.195,141.987,5123.4
PPO-energy,PPO,energy,0,100097,0,1,0,364.711,0.32785,2.2,4.276,8.155,44.724,5303.8
PPO-energy,PPO,energy,0,100098,1,0,0,482.184,0.39191,3.4,8.529,7.811,61.731,5010.0
PPO-energy,PPO,energy,0,100099,1,0,0,464.429,0.35587,3.35,8.502,8.321,55.817,4988.2
PPO-energy,PPO,energy,0,100100,1,0,0,506.594,0.41212,3.6,8.965,7.98,63.486,4993.9
PPO-energy,PPO,energy,0,100101,0,1,0,622.787,0.53432,4.1,11.607,9.617,64.758,5131.5
PPO-energy,PPO,energy,0,100102,1,0,0,697.0,0.56637,4.75,12.634,10.819,64.424,5082.0
PPO-energy,PPO,energy,0,100103,1,0,0,485.192,0.37194,3.5,9.225,9.007,53.871,4988.7
PPO-energy,PPO,energy,0,100104,1,0,0,589.793,0.50184,3.95,10.228,9.087,64.905,5099.4
PPO-energy,PPO,energy,0,100105,0,1,0,606.918,0.51504,4.05,11.063,9.044,67.104,5107.5
PPO-energy,PPO,energy,0,100106,0,1,0,598.516,0.50699,3.95,11.923,10.656,56.167,5133.1
PPO-energy,PPO,energy,0,100107,0,1,0,446.091,0.39141,2.9,7.842,8.604,51.847,5148.7
PPO-energy,PPO,energy,0,100108,1,0,0,520.707,0.42896,3.55,9.04,8.316,62.618,5075.3
PPO-energy,PPO,energy,0,100109,1,0,0,556.982,0.49097,3.6,10.733,10.199,54.613,5159.2
PPO-energy,PPO,energy,0,100110,1,0,0,550.194,0.44509,3.9,9.61,8.27,66.526,5001.2
PPO-energy,PPO,energy,0,100111,0,1,0,305.336,0.30252,1.65,3.854,10.062,30.347,5515.1
PPO-energy,PPO,energy,0,100112,1,0,0,582.952,0.49846,3.9,9.853,8.496,68.613,5098.6
PPO-energy,PPO,energy,0,100113,1,0,0,1123.218,0.94672,7.35,12.902,7.613,147.547,5151.9
PPO-energy,PPO,energy,0,100114,0,1,0,344.563,0.2812,2.35,4.793,8.18,42.121,5077.7
PPO-energy,PPO,energy,0,100115,1,0,0,519.864,0.41533,3.7,9.66,8.766,59.303,5000.6
PPO-energy,PPO,energy,0,100116,0,1,0,291.73,0.26168,1.75,3.568,9.065,32.181,5316.8
PPO-energy,PPO,energy,0,100117,1,0,0,1299.509,1.10359,8.65,17.444,8.733,148.801,5110.3
PPO-energy,PPO,energy,0,100118,1,0,0,516.504,0.4357,3.55,9.443,8.486,60.864,5048.1
PPO-energy,PPO,energy,0,100119,1,0,0,511.712,0.43649,3.5,8.851,7.886,64.892,5051.2
PPO-energy,PPO,energy,0,100120,1,0,0,481.573,0.38942,3.35,8.875,8.456,56.95,5041.5
PPO-energy,PPO,energy,0,100121,1,0,0,512.702,0.4055,3.7,8.97,8.116,63.17,4975.5
PPO-energy,PPO,energy,0,100122,0,1,0,245.456,0.20121,1.6,2.876,8.641,28.405,5171.9
PPO-energy,PPO,energy,0,100123,0,1,0,188.109,0.18675,1.0,1.532,9.053,20.778,5553.0
PPO-energy,PPO,energy,0,100124,1,0,0,516.425,0.42044,3.65,10.079,9.122,56.614,5005.5
PPO-energy,PPO,energy,0,100125,0,1,0,254.519,0.24617,1.4,2.552,8.265,30.796,5483.7
PPO-energy,PPO,energy,0,100126,1,0,0,511.002,0.43673,3.5,9.702,8.626,59.236,5048.6
PPO-energy,PPO,energy,0,100127,0,1,0,398.938,0.32242,2.75,6.42,8.644,46.152,5061.1
PPO-energy,PPO,energy,0,100128,1,0,0,821.48,0.66332,5.6,10.009,8.526,96.35,5085.6
PPO-energy,PPO,energy,0,100129,1,0,0,674.396,0.52996,4.7,10.273,9.076,74.303,5050.7
PPO-energy,PPO,energy,0,100130,0,1,0,348.539,0.27079,2.45,4.952,8.1,43.032,5035.9
PPO-energy,PPO,energy,0,100131,0,1,0,338.716,0.33056,1.85,3.928,8.285,40.885,5495.0
PPO-energy,PPO,energy,0,100132,1,0,0,1210.783,1.03755,8.0,16.358,8.666,139.712,5122.7
PPO-energy,PPO,energy,0,100133,1,0,0,543.58,0.448,3.8,9.202,7.926,68.579,5023.2
PPO-energy,PPO,energy,0,100134,1,0,0,589.725,0.48523,4.15,11.533,9.972,59.137,5010.3
PPO-energy,PPO,energy,0,100135,1,0,0,483.497,0.41039,3.3,8.753,7.889,61.29,5059.0
PPO-energy,PPO,energy,0,100136,1,0,0,511.423,0.39771,3.65,10.934,10.838,47.186,5004.9
PPO-energy,PPO,energy,0,100137,1,0,0,716.125,0.57207,4.9,13.031,11.395,62.845,5079.1
PPO-energy,PPO,energy,0,100138,0,1,0,267.192,0.26841,1.4,2.655,8.268,32.318,5582.4
PPO-energy,PPO,energy,0,100139,1,0,0,510.725,0.4151,3.6,9.392,8.537,59.827,5012.0
PPO-energy,PPO,energy,0,100140,0,1,0,336.145,0.31402,1.95,4.111,7.88,42.66,5374.4
PPO-energy,PPO,energy,0,100141,0,1,0,636.497,0.5299,4.15,10.847,8.995,70.762,5165.3
PPO-energy,PPO,energy,0,100142,1,0,0,492.399,0.40766,3.45,9.172,8.179,60.203,5017.0
PPO-energy,PPO,energy,0,100143,0,1,0,367.325,0.30198,2.45,5.292,7.809,47.04,5123.0
PPO-energy,PPO,energy,0,100144,1,0,0,461.345,0.38594,3.15,7.999,7.597,60.726,5064.7
PPO-energy,PPO,energy,0,100145,1,0,0,462.919,0.37941,3.15,8.505,8.422,54.968,5081.9
PPO-energy,PPO,energy,0,100146,1,0,0,523.356,0.44184,3.6,9.359,8.28,63.21,5045.9
PPO-energy,PPO,energy,0,100147,1,0,0,482.411,0.38755,3.4,9.825,9.371,51.477,5016.2
PPO-energy,PPO,energy,0,100148,1,0,0,532.365,0.46357,3.55,9.462,8.724,61.026,5095.6
PPO-energy,PPO,energy,0,100149,0,1,0,316.248,0.2513,2.15,4.016,8.832,35.807,5096.1
PPO-energy,PPO,energy,0,100150,1,0,0,473.127,0.38982,3.25,9.39,9.058,52.235,5060.8
PPO-energy,PPO,energy,0,100151,1,0,0,465.703,0.39116,3.2,8.831,8.246,56.478,5050.0
PPO-energy,PPO,energy,0,100152,1,0,0,506.451,0.42783,3.45,8.932,7.9,64.107,5067.0
PPO-energy,PPO,energy,0,100153,1,0,0,472.715,0.38553,3.25,9.174,8.949,52.823,5062.7
PPO-energy,PPO,energy,0,100154,1,0,0,480.656,0.36046,3.55,8.469,8.276,58.08,4950.4
PPO-energy,PPO,energy,0,100155,0,1,0,331.885,0.2818,2.15,4.808,8.362,39.691,5172.1
PPO-energy,PPO,energy,0,100156,0,1,0,384.304,0.33506,2.5,6.285,8.31,46.248,5150.8
PPO-energy,PPO,energy,0,100157,1,0,0,497.67,0.41254,3.45,10.504,9.876,50.391,5037.9
PPO-energy,PPO,energy,0,100158,0,1,0,395.961,0.32641,2.65,6.591,8.77,45.151,5115.2
PPO-energy,PPO,energy,0,100159,1,0,0,538.831,0.44415,3.75,9.351,8.307,64.867,5032.5
PPO-energy,PPO,energy,0,100160,0,1,0,334.23,0.29786,2.05,4.375,8.584,38.935,5270.6
PPO-energy,PPO,energy,0,100161,1,0,0,541.286,0.44438,3.8,10.224,9.016,60.037,5015.5
PPO-energy,PPO,energy,0,100162,0,1,0,406.68,0.34248,2.7,7.219,9.181,44.294,5123.7
PPO-energy,PPO,energy,0,100163,0,1,0,313.597,0.27463,1.95,4.45,9.207,34.059,5247.5
PPO-energy,PPO,energy,0,100164,1,0,0,539.052,0.43263,3.8,10.367,9.548,56.458,5017.9
PPO-energy,PPO,energy,0,100165,1,0,0,532.406,0.44453,3.65,8.865,7.827,68.02,5057.3
PPO-energy,PPO,energy,0,100166,1,0,0,511.847,0.4081,3.7,9.419,8.452,60.558,4969.5
PPO-energy,PPO,energy,0,100167,1,0,0,468.963,0.38354,3.2,8.879,8.696,53.931,5076.8
PPO-energy,PPO,energy,0,100168,0,1,0,364.99,0.30436,2.4,5.323,8.828,41.346,5147.9
PPO-energy,PPO,energy,0,100169,0,1,0,331.811,0.28158,2.15,4.671,8.158,40.671,5171.9
PPO-energy,PPO,energy,0,100170,1,0,0,480.461,0.36669,3.55,8.519,7.95,60.437,4941.9
PPO-energy,PPO,energy,0,100171,0,1,0,298.847,0.23305,2.05,3.6,8.252,36.216,5085.6
PPO-energy,PPO,energy,0,100172,0,1,0,351.355,0.33236,2.0,4.732,8.797,39.94,5413.8
PPO-energy,PPO,energy,0,100173,0,1,0,599.604,0.51129,3.95,11.06,9.102,65.878,5132.1
PPO-energy,PPO,energy,0,100174,0,1,0,273.955,0.21738,1.85,3.01,7.649,35.814,5110.9
PPO-energy,PPO,energy,0,100175,1,0,0,548.696,0.45476,3.8,11.012,9.783,56.084,5040.0
PPO-energy,PPO,energy,0,100176,1,0,0,507.028,0.45435,3.25,8.996,8.567,59.187,5166.8
PPO-energy,PPO,energy,0,100177,1,0,0,481.56,0.40289,3.3,8.601,8.088,59.542,5058.8
PPO-energy,PPO,energy,0,100178,0,1,0,387.174,0.32258,2.55,4.546,7.551,51.278,5144.9
PPO-energy,PPO,energy,0,100179,1,0,0,806.972,0.6897,5.25,12.425,10.152,79.491,5157.7
PPO-energy,PPO,energy,0,100180,1,0,0,468.661,0.37882,3.3,8.367,7.932,59.083,5016.1
PPO-energy,PPO,energy,0,100181,1,0,0,483.677,0.40117,3.35,9.437,8.764,55.187,5039.7
PPO-energy,PPO,energy,0,100182,0,1,0,273.919,0.2193,1.85,3.259,8.323,32.912,5106.8
PPO-energy,PPO,energy,0,100183,1,0,0,550.965,0.45344,3.85,11.137,10.261,53.696,5024.7
PPO-energy,PPO,energy,0,100184,0,1,0,353.382,0.32271,2.1,4.407,8.328,42.431,5329.6
PPO-energy,PPO,energy,0,100185,0,1,0,377.242,0.3307,2.4,5.208,8.052,46.85,5195.2
PPO-energy,PPO,energy,0,100186,1,0,0,502.908,0.41982,3.45,9.486,8.821,57.011,5057.8
PPO-energy,PPO,energy,0,100187,0,1,0,350.908,0.29236,2.3,5.456,9.124,38.461,5154.7
PPO-energy,PPO,energy,0,100188,0,1,0,323.749,0.27916,2.05,3.969,7.177,45.108,5214.4
PPO-energy,PPO,energy,0,100189,1,0,0,467.672,0.39236,3.2,8.119,7.6,61.534,5059.1
PPO-energy,PPO,energy,0,100190,1,0,0,471.31,0.39444,3.2,8.228,7.866,59.918,5076.7
PPO-energy,PPO,energy,0,100191,0,1,0,251.88,0.24849,1.35,2.422,7.798,32.303,5536.2
PPO-energy,PPO,energy,0,100192,1,0,0,533.943,0.4708,3.5,9.255,8.535,62.562,5126.3
PPO-energy,PPO,energy,0,100193,0,1,0,392.545,0.31774,2.7,5.921,8.356,46.979,5064.7
PPO-energy,PPO,energy,0,100194,0,1,0,675.498,0.59156,4.35,12.227,10.109,66.824,5169.4
PPO-energy,PPO,energy,0,100195,1,0,0,557.941,0.45459,3.9,9.111,7.92,70.443,5028.3
PPO-energy,PPO,energy,0,100196,1,0,0,503.691,0.3857,3.65,10.44,10.254,49.12,4980.1
PPO-energy,PPO,energy,0,100197,0,1,0,305.985,0.28787,1.75,3.632,7.744,39.515,5405.7
PPO-energy,PPO,energy,0,100198,1,0,0,483.791,0.39233,3.35,9.627,9.256,52.268,5050.1
PPO-energy,PPO,energy,0,100199,0,1,0,267.07,0.27836,1.35,2.478,7.993,33.415,5653.8
PPO-energy,PPO,energy,1,100000,1,0,0,713.567,0.61349,4.55,10.668,9.237,77.249,5197.2
PPO-energy,PPO,energy,1,100001,1,0,0,566.271,0.49435,3.45,9.272,9.015,62.814,5291.8
PPO-energy,PPO,energy,1,100002,0,1,0,96.487,0.06472,0.85,1.085,7.502,12.862,4661.3
PPO-energy,PPO,energy,1,100003,1,0,0,681.331,0.58422,4.3,9.611,8.219,82.897,5221.4
PPO-energy,PPO,energy,1,100004,1,0,0,726.133,0.61561,4.5,10.191,9.385,77.368,5267.3
PPO-energy,PPO,energy,1,100005,0,1,0,281.171,0.22799,1.85,3.46,8.165,34.435,5156.7
PPO-energy,PPO,energy,1,100006,1,0,0,680.039,0.57359,4.25,9.203,8.278,82.149,5250.9
PPO-energy,PPO,energy,1,100007,1,0,0,624.869,0.54471,3.8,10.496,10.155,61.534,5297.0
PPO-energy,PPO,energy,1,100008,1,0,0,569.205,0.48086,3.65,7.903,7.34,77.55,5192.8
PPO-energy,PPO,energy,1,100009,1,0,0,557.627,0.48043,3.45,8.403,7.79,71.587,5264.5
PPO-energy,PPO,energy,1,100010,1,0,0,569.939,0.48724,3.65,8.029,7.373,77.298,5189.0
PPO-energy,PPO,energy,1,100011,1,0,0,636.879,0.56114,3.85,9.029,7.931,80.3,5306.9
PPO-energy,PPO,energy,1,100012,1,0,0,664.722,0.56639,4.2,10.172,9.32,71.32,5221.8
PPO-energy,PPO,energy,1,100013,1,0,0,562.149,0.4799,3.6,8.48,7.38,76.172,5189.6
PPO-energy,PPO,energy,1,100014,1,0,0,565.458,0.49208,3.6,9.554,8.825,64.071,5193.6
PPO-energy,PPO,energy,1,100015,1,0,0,585.278,0.51094,3.6,10.306,9.791,59.779,5270.1
PPO-energy,PPO,energy,1,100016,0,1,0,443.506,0.36976,2.85,6.929,8.596,51.597,5195.3
PPO-energy,PPO,energy,1,100017,1,0,0,639.194,0.55071,4.05,9.098,7.793,82.022,5208.8
PPO-energy,PPO,energy,1,100018,1,0,0,622.505,0.5163,4.1,10.425,9.017,69.037,5142.7
PPO-energy,PPO,energy,1,100019,1,0,0,714.989,0.59748,4.65,10.662,9.673,73.918,5168.7
PPO-energy,PPO,energy,1,100020,1,0,0,585.813,0.49825,3.7,8.316,7.819,74.923,5223.6
PPO-energy,PPO,energy,1,100021,1,0,0,717.611,0.6031,4.5,9.125,8.23,87.196,5245.3
PPO-energy,PPO,energy,1,100022,1,0,0,643.537,0.54056,4.2,9.706,8.664,74.276,5155.1
PPO-energy,PPO,energy,1,100023,1,0,0,663.345,0.57733,4.1,9.543,8.437,78.622,5261.1
PPO-energy,PPO,energy,1,100024,0,1,0,205.582,0.16333,1.5,2.982,9.114,22.556,4953.1
PPO-energy,PPO,energy,1,100025,0,1,0,503.129,0.41935,3.25,5.767,9.6,52.407,5184.4
PPO-energy,PPO,energy,1,100026,1,0,0,745.535,0.61982,4.85,10.337,9.501,78.468,5170.4
PPO-energy,PPO,energy,1,100027,0,1,0,399.231,0.316,2.7,5.629,9.666,41.303,5108.7
PPO-energy,PPO,energy,1,100028,1,0,0,616.283,0.53202,3.8,8.407,7.748,79.538,5270.8
PPO-energy,PPO,energy,1,100029,1,0,0,720.226,0.63508,4.35,10.463,9.057,79.523,5308.3
PPO-energy,PPO,energy,1,100030,1,0,0,631.097,0.54731,3.95,10.291,9.276,68.037,5234.0
PPO-energy,PPO,energy,1,100031,1,0,0,688.091,0.59904,4.25,9.226,8.038,85.607,5264.0
PPO-energy,PPO,energy,1,100032,1,0,0,569.567,0.49037,3.65,8.899,7.982,71.358,5185.0
PPO-energy,PPO,energy,1,100033,1,0,0,677.309,0.57767,4.3,9.704,8.528,79.425,5210.9
PPO-energy,PPO,energy,1,100034,1,0,0,623.657,0.54302,3.85,8.972,7.85,79.442,5263.0
PPO-energy,PPO,energy,1,100035,1,0,0,659.22,0.56451,4.2,10.399,8.919,73.909,5199.5
PPO-energy,PPO,energy,1,100036,1,0,0,727.125,0.60707,4.65,11.415,10.5,69.251,5205.1
PPO-energy,PPO,energy,1,100037,1,0,0,610.469,0.50333,4.05,8.781,8.231,74.169,5127.9
PPO-energy,PPO,energy,1,100038,0,1,0,290.692,0.21944,2.15,5.631,9.882,29.417,4943.9
PPO-energy,PPO,energy,1,100039,1,0,0,743.765,0.62719,4.75,9.751,8.568,86.803,5203.5
PPO-energy,PPO,energy,1,100040,1,0,0,626.907,0.54071,4.05,11.882,10.951,57.247,5166.0
PPO-energy,PPO,energy,1,100041,1,0,0,697.38,0.59834,4.4,9.128,7.696,90.614,5222.2
PPO-energy,PPO,energy,1,100042,1,0,0,704.92,0.6078,4.45,9.542,7.881,89.443,5218.5
PPO-energy,PPO,energy,1,100043,1,0,0,608.45,0.51972,3.8,8.103,7.344,82.845,5247.1
PPO-energy,PPO,energy,1,100044,1,0,0,758.485,0.63732,4.8,11.423,10.63,71.353,5225.0
PPO-energy,PPO,energy,1,100045,0,1,0,424.66,0.34555,2.8,5.619,8.206,51.748,5150.3
PPO-energy,PPO,energy,1,100046,0,1,0,263.193,0.22352,1.8,3.64,7.34,35.86,5054.0
PPO-energy,PPO,energy,1,100047,0,1,0,270.97,0.2138,1.85,3.834,8.979,30.179,5089.1
PPO-energy,PPO,energy,1,100048,0,1,0,320.82,0.25371,2.15,3.859,8.494,37.77,5128.5
PPO-energy,PPO,energy,1,100049,0,1,0,421.503,0.33883,2.8,6.154,7.661,55.02,5139.5
PPO-energy,PPO,energy,1,100050,1,0,0,640.215,0.56292,4.0,10.264,9.061,70.654,5229.4
PPO-energy,PPO,energy,1,100051,0,1,0,338.945,0.26039,2.45,6.768,10.669,31.769,4982.6
PPO-energy,PPO,energy,1,100052,1,0,0,635.806,0.56151,3.9,8.699,7.616,83.479,5272.3
PPO-energy,PPO,energy,1,100053,1,0,0,666.317,0.56989,4.25,10.215,9.208,72.366,5197.1
PPO-energy,PPO,energy,1,100054,0,1,0,340.696,0.26471,2.4,4.996,7.938,42.919,5029.8
PPO-energy,PPO,energy,1,100055,1,0,0,681.414,0.58711,4.25,9.916,8.521,79.967,5245.9
PPO-energy,PPO,energy,1,100056,1,0,0,643.713,0.5555,3.95,9.233,8.489,75.826,5281.2
PPO-energy,PPO,energy,1,100057,1,0,0,637.042,0.55076,3.95,8.96,7.79,81.78,5256.2
PPO-energy,PPO,energy,1,100058,0,1,0,216.79,0.16393,1.55,1.971,7.642,28.369,5013.2
PPO-energy,PPO,energy,1,100059,1,0,0,612.204,0.5299,3.8,9.517,8.522,71.838,5253.4
PPO-energy,PPO,energy,1,100060,0,1,0,666.904,0.56833,4.3,12.028,10.335,64.531,5177.1
PPO-energy,PPO,energy,1,100061,1,0,0,569.372,0.479,3.65,9.012,8.108,70.223,5195.0
PPO-energy,PPO,energy,1,100062,0,1,0,288.326,0.2292,1.95,3.581,7.732,37.288,5105.9
PPO-energy,PPO,energy,1,100063,1,0,0,709.915,0.60191,4.4,8.71,7.751,91.585,5266.9
PPO-energy,PPO,energy,1,100064,0,1,0,207.015,0.17176,1.35,2.349,8.763,23.624,5163.7
PPO-energy,PPO,energy,1,100065,0,1,0,438.633,0.36119,2.85,6.14,7.861,55.799,5176.4
PPO-energy,PPO,energy,1,100066,1,0,0,593.582,0.51751,3.65,9.644,9.127,65.039,5272.3
PPO-energy,PPO,energy,1,100067,1,0,0,639.109,0.53903,4.15,9.69,8.907,71.757,5164.8
PPO-energy,PPO,energy,1,100068,1,0,0,608.648,0.50915,3.9,9.042,8.563,71.078,5199.9
PPO-energy,PPO,energy,1,100069,0,1,0,199.419,0.14319,1.55,3.229,9.012,22.127,4868.7
PPO-energy,PPO,energy,1,100070,1,0,0,612.852,0.53033,3.8,10.196,9.473,64.692,5255.9
PPO-energy,PPO,energy,1,100071,1,0,0,611.322,0.52526,3.8,9.267,8.226,74.316,5253.9
PPO-energy,PPO,energy,1,100072,1,0,0,601.795,0.50383,3.95,8.969,7.937,75.817,5144.4
PPO-energy,PPO,energy,1,100073,1,0,0,707.905,0.61232,4.45,10.134,8.545,82.841,5226.5
PPO-energy,PPO,energy,1,100074,1,0,0,567.77,0.49598,3.55,10.665,10.228,55.509,5232.9
PPO-energy,PPO,energy,1,100075,1,0,0,637.61,0.53503,4.0,8.69,8.097,78.749,5244.8
PPO-energy,PPO,energy,1,100076,0,1,0,338.889,0.26947,2.3,3.973,7.909,42.846,5099.6
PPO-energy,PPO,energy,1,100077,0,1,0,78.665,0.05251,0.7,0.727,7.922,9.93,4645.0
PPO-energy,PPO,energy,1,100078,1,0,0,832.454,0.68861,5.35,11.22,10.244,81.261,5198.5
PPO-energy,PPO,energy,1,100079,1,0,0,666.292,0.56361,4.3,10.532,9.43,70.654,5176.6
PPO-energy,PPO,energy,1,100080,1,0,0,622.495,0.51998,4.05,9.667,8.957,69.495,5165.8
PPO-energy,PPO,energy,1,100081,1,0,0,584.627,0.49825,3.65,10.065,9.618,60.786,5247.8
PPO-energy,PPO,energy,1,100082,1,0,0,752.603,0.63779,4.8,9.699,8.391,89.687,5205.0
PPO-energy,PPO,energy,1,100083,1,0,0,748.571,0.64168,4.65,9.101,7.864,95.186,5257.4
PPO-energy,PPO,energy,1,100084,0,1,0,353.749,0.29312,2.3,6.15,10.165,34.8,5170.5
PPO-energy,PPO,energy,1,100085,1,0,0,655.495,0.56771,4.1,9.439,8.176,80.174,5236.4
PPO-energy,PPO,energy,1,100086,1,0,0,565.691,0.4889,3.5,8.383,7.735,73.136,5261.9
PPO-energy,PPO,energy,1,100087,1,0,0,584.164,0.50157,3.7,9.822,8.731,66.909,5211.8
PPO-energy,PPO,energy,1,100088,0,1,0,332.003,0.25976,2.3,4.497,9.119,36.406,5063.7
PPO-energy,PPO,energy,1,100089,0,1,0,173.877,0.12007,1.45,3.08,9.071,19.168,4750.5
PPO-energy,PPO,energy,1,100090,1,0,0,613.805,0.52235,3.8,9.409,8.879,69.127,5267.5
PPO-energy,PPO,energy,1,100091,1,0,0,645.188,0.54072,4.2,8.369,7.545,85.512,5161.9
PPO-energy,PPO,energy,1,100092,1,0,0,669.413,0.56796,4.2,9.46,8.325,80.412,5239.4
PPO-energy,PPO,energy,1,100093,1,0,0,663.86,0.57378,4.15,10.268,9.047,73.376,5237.1
PPO-energy,PPO,energy,1,100094,1,0,0,628.454,0.53895,3.9,8.569,7.539,83.358,5259.6
PPO-energy,PPO,energy,1,100095,0,1,0,278.784,0.22187,1.95,3.526,7.532,37.014,5033.5
PPO-energy,PPO,energy,1,100096,0,1,0,328.056,0.26517,2.35,5.704,9.195,35.679,4980.6
PPO-energy,PPO,energy,1,100097,0,1,0,189.504,0.14724,1.35,1.923,8.155,23.239,5008.9
PPO-energy,PPO,energy,1,100098,1,0,0,659.87,0.56039,4.2,8.963,7.811,84.479,5207.3
PPO-energy,PPO,energy,1,100099,0,1,0,340.099,0.25899,2.5,5.392,8.321,40.875,4952.0
PPO-energy,PPO,energy,1,100100,1,0,0,628.222,0.54377,3.95,8.836,7.98,78.728,5226.9
PPO-energy,PPO,energy,1,100101,1,0,0,642.962,0.56556,3.9,10.482,9.617,66.856,5297.8
PPO-energy,PPO,energy,1,100102,1,0,0,570.426,0.4854,3.65,11.22,10.819,52.725,5193.4
PPO-energy,PPO,energy,1,100103,0,1,0,280.533,0.20952,2.15,4.804,9.007,31.148,4877.4
PPO-energy,PPO,energy,1,100104,1,0,0,748.858,0.62429,4.75,9.875,9.087,82.409,5223.7
PPO-energy,PPO,energy,1,100105,0,1,0,357.894,0.29557,2.4,6.097,9.044,39.571,5106.6
PPO-energy,PPO,energy,1,100106,0,1,0,241.431,0.1834,1.75,3.872,10.656,22.657,4983.3
PPO-energy,PPO,energy,1,100107,1,0,0,663.104,0.56401,4.15,9.127,8.604,77.069,5244.8
PPO-energy,PPO,energy,1,100108,1,0,0,743.815,0.6233,4.75,9.747,8.316,89.448,5205.6
PPO-energy,PPO,energy,1,100109,0,1,0,450.281,0.36599,2.95,6.552,10.199,44.151,5165.3
PPO-energy,PPO,energy,1,100110,0,1,0,366.2,0.28861,2.5,5.867,8.27,44.279,5090.2
PPO-energy,PPO,energy,1,100111,1,0,0,795.921,0.65422,5.15,10.829,10.062,79.105,5186.7
PPO-energy,PPO,energy,1,100112,1,0,0,655.115,0.55618,4.05,9.243,8.496,77.106,5272.0
PPO-energy,PPO,energy,1,100113,0,1,0,419.817,0.3362,2.85,6.067,7.613,55.148,5094.0
PPO-energy,PPO,energy,1,100114,1,0,0,582.049,0.48502,3.8,8.769,8.18,71.152,5158.8
PPO-energy,PPO,energy,1,100115,1,0,0,615.35,0.52097,3.95,9.452,8.766,70.196,5190.5
PPO-energy,PPO,energy,1,100116,1,0,0,655.917,0.57829,4.05,10.457,9.065,72.356,5256.1
PPO-energy,PPO,energy,1,100117,1,0,0,565.353,0.49531,3.6,9.686,8.733,64.736,5190.4
PPO-energy,PPO,energy,1,100118,1,0,0,626.609,0.53834,3.9,8.955,8.486,73.839,5252.2
PPO-energy,PPO,energy,1,100119,1,0,0,634.986,0.5504,3.9,8.694,7.886,80.525,5277.6
PPO-energy,PPO,energy,1,100120,1,0,0,643.855,0.54895,4.05,9.652,8.456,76.142,5230.7
PPO-energy,PPO,energy,1,100121,1,0,0,573.003,0.47905,3.7,8.94,8.116,70.6,5181.8
PPO-energy,PPO,energy,1,100122,1,0,0,604.978,0.51431,3.9,9.44,8.641,70.009,5178.4
PPO-energy,PPO,energy,1,100123,1,0,0,680.217,0.57804,4.35,9.795,9.053,75.137,5195.3
PPO-energy,PPO,energy,1,100124,1,0,0,640.106,0.55022,4.05,10.277,9.122,70.172,5213.4
PPO-energy,PPO,energy,1,100125,1,0,0,601.733,0.50165,3.85,8.615,8.265,72.809,5204.5
PPO-energy,PPO,energy,1,100126,0,1,0,234.156,0.18949,1.55,2.989,8.626,27.144,5143.6
PPO-energy,PPO,energy,1,100127,1,0,0,604.083,0.51186,3.9,9.644,8.644,69.885,5176.4
PPO-energy,PPO,energy,1,100128,0,1,0,243.685,0.18913,1.75,2.978,8.526,28.581,4993.8
PPO-energy,PPO,energy,1,100129,1,0,0,609.576,0.51112,4.0,9.823,9.076,67.162,5147.4
PPO-energy,PPO,energy,1,100130,1,0,0,661.68,0.55281,4.35,9.039,8.1,81.694,5142.1
PPO-energy,PPO,energy,1,100131,1,0,0,657.528,0.56331,4.05,9.364,8.285,79.368,5276.5
PPO-energy,PPO,energy,1,100132,1,0,0,562.407,0.49676,3.45,9.544,8.666,64.896,5271.8
PPO-energy,PPO,energy,1,100133,0,1,0,242.664,0.19039,1.7,2.727,7.926,30.615,5039.6
PPO-energy,PPO,energy,1,100134,0,1,0,339.176,0.26665,2.35,4.89,9.972,34.012,5061.4
PPO-energy,PPO,energy,1,100135,1,0,0,695.195,0.59155,4.35,8.724,7.889,88.126,5243.6
PPO-energy,PPO,energy,1,100136,1,0,0,735.558,0.6049,4.85,11.9,10.838,67.866,5143.1
PPO-energy,PPO,energy,1,100137,1,0,0,574.271,0.47879,3.75,11.78,11.395,50.397,5158.5
PPO-energy,PPO,energy,1,100138,1,0,0,633.706,0.53023,4.0,8.604,8.268,76.649,5232.7
PPO-energy,PPO,energy,1,100139,1,0,0,639.581,0.53527,4.1,9.3,8.537,74.921,5197.8
PPO-energy,PPO,energy,1,100140,1,0,0,642.454,0.55958,3.95,9.173,7.88,81.533,5274.1
PPO-energy,PPO,energy,1,100141,1,0,0,692.069,0.58338,4.45,10.316,8.995,76.94,5188.1
PPO-energy,PPO,energy,1,100142,1,0,0,639.815,0.55137,4.0,8.803,8.179,78.226,5241.0
PPO-energy,PPO,energy,1,100143,1,0,0,728.429,0.62676,4.6,9.34,7.809,93.283,5218.9
PPO-energy,PPO,energy,1,100144,1,0,0,650.272,0.55367,4.05,8.639,7.597,85.594,5254.2
PPO-energy,PPO,energy,1,100145,1,0,0,737.057,0.63161,4.65,10.298,8.422,87.519,5221.3
PPO-energy,PPO,energy,1,100146,0,1,0,210.362,0.15623,1.55,1.907,8.28,25.407,4959.8
PPO-energy,PPO,energy,1,100147,1,0,0,674.531,0.58032,4.25,10.749,9.371,71.977,5223.6
PPO-energy,PPO,energy,1,100148,1,0,0,724.93,0.62118,4.5,9.756,8.724,83.1,5260.2
PPO-energy,PPO,energy,1,100149,1,0,0,669.646,0.55432,4.4,9.719,8.832,75.821,5148.1
PPO-energy,PPO,energy,1,100150,1,0,0,695.59,0.59164,4.4,10.098,9.058,76.795,5221.5
PPO-energy,PPO,energy,1,100151,0,1,0,193.601,0.15096,1.35,2.413,8.246,23.479,5049.7
PPO-energy,PPO,energy,1,100152,1,0,0,607.389,0.51516,3.8,8.735,7.9,76.884,5245.4
PPO-energy,PPO,energy,1,100153,1,0,0,670.215,0.57324,4.2,10.167,8.949,74.893,5237.3
PPO-energy,PPO,energy,1,100154,0,1,0,500.84,0.39499,3.55,6.7,8.276,60.519,5009.9
PPO-energy,PPO,energy,1,100155,1,0,0,714.157,0.6021,4.55,9.829,8.362,85.408,5208.4
PPO-energy,PPO,energy,1,100156,1,0,0,630.083,0.52919,4.0,8.805,8.31,75.826,5218.2
PPO-energy,PPO,energy,1,100157,1,0,0,718.842,0.601,4.6,10.965,9.876,72.786,5202.6
PPO-energy,PPO,energy,1,100158,0,1,0,450.217,0.35734,3.1,7.308,8.77,51.338,5067.8
PPO-energy,PPO,energy,1,100159,0,1,0,362.906,0.28953,2.45,4.938,8.307,43.688,5110.2
PPO-energy,PPO,energy,1,100160,1,0,0,543.039,0.46065,3.45,9.166,8.584,63.26,5211.6
PPO-energy,PPO,energy,1,100161,0,1,0,391.329,0.31248,2.65,6.614,9.016,43.404,5101.6
PPO-energy,PPO,energy,1,100162,1,0,0,747.518,0.62376,4.8,10.581,9.181,81.418,5195.7
PPO-energy,PPO,energy,1,100163,1,0,0,628.229,0.55202,3.9,10.228,9.207,68.231,5246.6
PPO-energy,PPO,energy,1,100164,1,0,0,614.434,0.50166,4.05,9.861,9.548,64.353,5148.8
PPO-energy,PPO,energy,1,100165,1,0,0,641.587,0.5412,4.05,8.47,7.827,81.969,5229.0
PPO-energy,PPO,energy,1,100166,1,0,0,593.386,0.49231,3.85,8.861,8.452,70.205,5175.6
PPO-energy,PPO,energy,1,100167,1,0,0,734.901,0.62935,4.65,10.499,8.696,84.513,5216.5
PPO-energy,PPO,energy,1,100168,1,0,0,802.139,0.6707,5.2,10.728,8.828,90.867,5172.6
PPO-energy,PPO,energy,1,100169,1,0,0,612.868,0.52647,3.85,9.228,8.158,75.121,5229.3
PPO-energy,PPO,energy,1,100170,1,0,0,554.73,0.47283,3.6,8.875,7.95,69.779,5163.5
PPO-energy,PPO,energy,1,100171,1,0,0,633.917,0.53854,4.15,9.342,8.252,76.821,5143.1
PPO-energy,PPO,energy,1,100172,1,0,0,675.77,0.57175,4.25,9.648,8.797,76.817,5235.3
PPO-energy,PPO,energy,1,100173,0,1,0,102.932,0.07174,0.85,1.196,9.102,11.309,4764.7
PPO-energy,PPO,energy,1,100174,0,1,0,130.479,0.08752,1.15,1.698,7.649,17.057,4660.4
PPO-energy,PPO,energy,1,100175,1,0,0,642.473,0.54984,4.0,10.611,9.783,65.67,5251.8
PPO-energy,PPO,energy,1,100176,0,1,0,416.774,0.3578,2.6,5.229,8.567,48.651,5247.3
PPO-energy,PPO,energy,1,100177,1,0,0,687.006,0.57619,4.35,8.918,8.088,84.944,5224.3
PPO-energy,PPO,energy,1,100178,0,1,0,350.819,0.28498,2.4,5.275,7.551,46.463,5070.8
PPO-energy,PPO,energy,1,100179,1,0,0,584.301,0.50192,3.75,10.818,10.152,57.557,5182.6
PPO-energy,PPO,energy,1,100180,1,0,0,621.293,0.53242,3.9,8.827,7.932,78.325,5233.5
PPO-energy,PPO,energy,1,100181,1,0,0,646.654,0.55365,4.05,9.441,8.764,73.782,5240.2
PPO-energy,PPO,energy,1,100182,1,0,0,652.915,0.5501,4.25,9.472,8.323,78.449,5161.2
PPO-energy,PPO,energy,1,100183,0,1,0,410.429,0.32379,2.85,6.015,10.261,40.0,5055.0
PPO-energy,PPO,energy,1,100184,1,0,0,714.521,0.6052,4.5,9.686,8.328,85.794,5232.4
PPO-energy,PPO,energy,1,100185,1,0,0,605.758,0.50707,3.85,8.922,8.052,75.229,5217.0
PPO-energy,PPO,energy,1,100186,0,1,0,84.256,0.05624,0.75,0.798,8.821,9.552,4644.4
PPO-energy,PPO,energy,1,100187,1,0,0,624.521,0.52334,4.05,9.826,9.124,68.45,5172.0
PPO-energy,PPO,energy,1,100188,1,0,0,685.04,0.59584,4.25,8.8,7.177,95.446,5252.8
PPO-energy,PPO,energy,1,100189,0,1,0,451.255,0.35955,3.05,5.935,7.6,59.374,5106.1
PPO-energy,PPO,energy,1,100190,1,0,0,689.131,0.5967,4.35,9.016,7.866,87.61,5217.6
PPO-energy,PPO,energy,1,100191,1,0,0,618.941,0.52236,3.9,8.394,7.798,79.377,5232.7
PPO-energy,PPO,energy,1,100192,0,1,0,319.95,0.26203,2.05,3.926,8.535,37.488,5209.2
PPO-energy,PPO,energy,1,100193,0,1,0,353.36,0.28977,2.45,5.349,8.356,42.289,5043.1
PPO-energy,PPO,energy,1,100194,1,0,0,661.255,0.59217,3.95,10.907,10.109,65.415,5325.6
PPO-energy,PPO,energy,1,100195,0,1,0,315.983,0.24926,2.15,4.233,7.92,39.894,5097.2
PPO-energy,PPO,energy,1,100196,1,0,0,622.564,0.51218,4.15,10.733,10.254,60.712,5120.3
PPO-energy,PPO,energy,1,100197,0,1,0,324.787,0.25842,2.2,3.438,7.744,41.943,5103.3
PPO-energy,PPO,energy,1,100198,1,0,0,654.868,0.56192,4.1,10.427,9.256,70.751,5237.5
PPO-energy,PPO,energy,1,100199,1,0,0,691.883,0.59188,4.3,8.592,7.993,86.566,5257.8
PPO-energy,PPO,energy,2,100000,0,1,0,235.173,0.17393,1.8,4.396,9.237,25.459,4885.4
PPO-energy,PPO,energy,2,100001,1,0,0,744.812,0.6173,4.75,10.93,9.015,82.619,5214.5
PPO-energy,PPO,energy,2,100002,1,0,0,577.555,0.48675,3.7,9.484,7.502,76.99,5194.8
PPO-energy,PPO,energy,2,100003,1,0,0,651.335,0.55709,4.1,10.333,8.219,79.247,5229.5
PPO-energy,PPO,energy,2,100004,0,1,0,435.454,0.37087,2.7,6.135,9.385,46.397,5263.3
PPO-energy,PPO,energy,2,100005,1,0,0,704.95,0.57972,4.55,10.207,8.165,86.334,5191.6
PPO-energy,PPO,energy,2,100006,1,0,0,632.727,0.53999,3.9,9.651,8.278,76.433,5276.7
PPO-energy,PPO,energy,2,100007,0,1,0,560.412,0.46037,3.6,7.763,10.155,55.187,5202.3
PPO-energy,PPO,energy,2,100008,1,0,0,744.521,0.61665,4.85,10.49,7.34,101.436,5169.2
PPO-energy,PPO,energy,2,100009,1,0,0,792.32,0.65063,5.15,10.839,7.79,101.716,5178.1
PPO-energy,PPO,energy,2,100010,1,0,0,559.74,0.49794,3.5,8.565,7.373,75.915,5224.6
PPO-energy,PPO,energy,2,100011,1,0,0,817.639,0.67363,5.25,11.419,7.931,103.091,5202.4
PPO-energy,PPO,energy,2,100012,1,0,0,610.031,0.52305,3.85,10.265,9.32,65.452,5220.2
PPO-energy,PPO,energy,2,100013,1,0,0,572.116,0.48714,3.65,9.143,7.38,77.522,5199.8
PPO-energy,PPO,energy,2,100014,1,0,0,537.935,0.4755,3.4,9.603,8.825,60.953,5205.6
PPO-energy,PPO,energy,2,100015,0,1,0,221.815,0.17406,1.5,2.563,9.791,22.656,5112.9
PPO-energy,PPO,energy,2,100016,1,0,0,873.852,0.71852,5.7,12.16,8.596,101.663,5170.0
PPO-energy,PPO,energy,2,100017,1,0,0,571.707,0.50752,3.55,8.996,7.793,73.362,5240.8
PPO-energy,PPO,energy,2,100018,1,0,0,646.281,0.55437,4.15,11.114,9.017,71.674,5183.7
PPO-energy,PPO,energy,2,100019,1,0,0,731.747,0.61527,4.7,10.563,9.673,75.65,5190.7
PPO-energy,PPO,energy,2,100020,1,0,0,616.546,0.51422,3.95,9.872,7.819,78.854,5201.4
PPO-energy,PPO,energy,2,100021,1,0,0,677.157,0.58182,4.15,10.043,8.23,82.281,5286.5
PPO-energy,PPO,energy,2,100022,1,0,0,616.208,0.5221,4.0,10.591,8.664,71.122,5163.5
PPO-energy,PPO,energy,2,100023,0,1,0,229.493,0.18563,1.5,2.529,8.437,27.2,5171.9
PPO-energy,PPO,energy,2,100024,0,1,0,161.664,0.12639,1.1,1.44,9.114,17.737,5101.5
PPO-energy,PPO,energy,2,100025,0,1,0,395.48,0.32902,2.5,3.066,9.6,41.194,5231.9
PPO-energy,PPO,energy,2,100026,0,1,0,371.705,0.29922,2.55,5.683,9.501,39.122,5069.4
PPO-energy,PPO,energy,2,100027,1,0,0,640.368,0.52197,4.2,10.673,9.666,66.25,5160.9
PPO-energy,PPO,energy,2,100028,1,0,0,570.885,0.48368,3.55,8.281,7.748,73.679,5260.2
PPO-energy,PPO,energy,2,100029,1,0,0,678.183,0.58715,4.15,10.093,9.057,74.88,5287.0
PPO-energy,PPO,energy,2,100030,1,0,0,581.731,0.50184,3.65,10.278,9.276,62.715,5230.9
PPO-energy,PPO,energy,2,100031,1,0,0,596.266,0.51035,3.7,9.025,8.038,74.183,5261.0
PPO-energy,PPO,energy,2,100032,1,0,0,576.602,0.49163,3.7,9.827,7.982,72.24,5186.4
PPO-energy,PPO,energy,2,100033,1,0,0,635.513,0.56585,3.9,10.169,8.528,74.524,5267.0
PPO-energy,PPO,energy,2,100034,1,0,0,584.369,0.50647,3.6,9.227,7.85,74.437,5270.3
PPO-energy,PPO,energy,2,100035,1,0,0,618.05,0.53112,3.9,10.831,8.919,69.293,5219.6
PPO-energy,PPO,energy,2,100036,1,0,0,655.405,0.56408,4.1,11.389,10.5,62.421,5239.3
PPO-energy,PPO,energy,2,100037,1,0,0,554.184,0.48478,3.55,9.175,8.231,67.331,5178.4
PPO-energy,PPO,energy,2,100038,0,1,0,308.784,0.24516,2.15,5.596,9.882,31.248,5046.4
PPO-energy,PPO,energy,2,100039,0,1,0,272.832,0.21136,1.9,3.412,8.568,31.842,5056.5
PPO-energy,PPO,energy,2,100040,0,1,0,182.654,0.13317,1.4,2.595,10.951,16.679,4889.3
PPO-energy,PPO,energy,2,100041,0,1,0,555.619,0.46692,3.55,6.373,7.696,72.194,5203.6
PPO-energy,PPO,energy,2,100042,0,1,0,312.859,0.25721,2.1,4.686,7.881,39.697,5107.0
PPO-energy,PPO,energy,2,100043,1,0,0,604.3,0.51359,3.8,8.279,7.344,82.28,5235.2
PPO-energy,PPO,energy,2,100044,0,1,0,433.139,0.36172,2.75,6.014,10.63,40.747,5221.0
PPO-energy,PPO,energy,2,100045,0,1,0,412.845,0.34142,2.7,5.465,8.206,50.308,5161.7
PPO-energy,PPO,energy,2,100046,0,1,0,177.16,0.13158,1.3,1.891,7.34,24.138,4968.6
PPO-energy,PPO,energy,2,100047,1,0,0,642.041,0.56054,3.9,10.209,8.979,71.507,5300.1
PPO-energy,PPO,energy,2,100048,1,0,0,675.47,0.57009,4.25,10.207,8.494,79.523,5237.0
PPO-energy,PPO,energy,2,100049,1,0,0,781.012,0.64064,5.05,10.977,7.661,101.948,5189.2
PPO-energy,PPO,energy,2,100050,1,0,0,638.114,0.54283,4.05,10.425,9.061,70.423,5211.8
PPO-energy,PPO,energy,2,100051,0,1,0,486.93,0.41606,3.1,8.783,10.669,45.64,5204.7
PPO-energy,PPO,energy,2,100052,1,0,0,614.805,0.53116,3.85,9.327,7.616,80.722,5237.6
PPO-energy,PPO,energy,2,100053,1,0,0,653.948,0.56207,4.15,11.092,9.208,71.022,5206.9
PPO-energy,PPO,energy,2,100054,1,0,0,762.158,0.63703,4.95,11.213,7.938,96.012,5170.7
PPO-energy,PPO,energy,2,100055,1,0,0,673.07,0.55848,4.3,10.448,8.521,78.987,5210.4
PPO-energy,PPO,energy,2,100056,1,0,0,659.519,0.55729,4.1,9.883,8.489,77.688,5261.8
PPO-energy,PPO,energy,2,100057,1,0,0,599.301,0.54004,3.6,9.371,7.79,76.935,5312.4
PPO-energy,PPO,energy,2,100058,1,0,0,695.425,0.59151,4.3,10.163,7.642,91.003,5270.8
PPO-energy,PPO,energy,2,100059,1,0,0,715.458,0.59857,4.65,10.608,8.522,83.955,5168.6
PPO-energy,PPO,energy,2,100060,0,1,0,415.409,0.33474,2.8,7.126,10.335,40.196,5109.2
PPO-energy,PPO,energy,2,100061,1,0,0,678.817,0.55883,4.45,10.918,8.108,83.722,5158.9
PPO-energy,PPO,energy,2,100062,1,0,0,597.936,0.52542,3.6,8.677,7.732,77.328,5316.8
PPO-energy,PPO,energy,2,100063,1,0,0,774.879,0.65483,4.9,10.751,7.751,99.966,5225.0
PPO-energy,PPO,energy,2,100064,1,0,0,840.433,0.71799,5.2,12.49,8.763,95.908,5267.4
PPO-energy,PPO,energy,2,100065,1,0,0,765.641,0.64401,4.95,10.649,7.861,97.399,5179.2
PPO-energy,PPO,energy,2,100066,1,0,0,871.307,0.71619,5.65,12.19,9.127,95.469,5182.2
PPO-energy,PPO,energy,2,100067,1,0,0,603.276,0.51435,3.9,9.811,8.907,67.733,5171.0
PPO-energy,PPO,energy,2,100068,1,0,0,566.571,0.48059,3.65,9.235,8.563,66.165,5182.2
PPO-energy,PPO,energy,2,100069,0,1,0,234.599,0.1843,1.6,2.896,9.012,26.031,5094.4
PPO-energy,PPO,energy,2,100070,1,0,0,654.56,0.54273,4.2,10.383,9.473,69.095,5201.1
PPO-energy,PPO,energy,2,100071,1,0,0,664.616,0.56642,4.15,10.009,8.226,80.795,5249.2
PPO-energy,PPO,energy,2,100072,1,0,0,588.325,0.49589,3.85,9.939,7.937,74.12,5149.9
PPO-energy,PPO,energy,2,100073,0,1,0,247.319,0.19677,1.65,2.415,8.545,28.942,5135.3
PPO-energy,PPO,energy,2,100074,0,1,0,218.067,0.16948,1.5,2.566,10.228,21.32,5081.4
PPO-energy,PPO,energy,2,100075,1,0,0,567.528,0.4774,3.55,8.738,8.097,70.093,5250.4
PPO-energy,PPO,energy,2,100076,0,1,0,291.156,0.22939,2.0,3.621,7.909,36.811,5077.8
PPO-energy,PPO,energy,2,100077,0,1,0,78.911,0.05278,0.7,0.714,7.922,9.961,4649.8
PPO-energy,PPO,energy,2,100078,1,0,0,697.394,0.60383,4.25,10.64,10.244,68.077,5295.5
PPO-energy,PPO,energy,2,100079,1,0,0,673.838,0.57244,4.4,11.461,9.43,71.455,5150.8
PPO-energy,PPO,energy,2,100080,1,0,0,623.017,0.52258,4.05,10.623,8.957,69.553,5164.9
PPO-energy,PPO,energy,2,100081,0,1,0,308.183,0.24558,2.05,3.979,9.618,32.043,5140.8
PPO-energy,PPO,energy,2,100082,1,0,0,619.838,0.53608,3.85,9.305,8.391,73.866,5253.5
PPO-energy,PPO,energy,2,100083,0,1,0,489.206,0.41617,3.05,5.804,7.864,62.206,5253.3
PPO-energy,PPO,energy,2,100084,1,0,0,807.819,0.66881,5.15,12.42,10.165,79.468,5215.8
PPO-energy,PPO,energy,2,100085,0,1,0,300.64,0.24777,2.0,4.316,8.176,36.771,5128.6
PPO-energy,PPO,energy,2,100086,1,0,0,606.467,0.5153,3.8,9.034,7.735,78.407,5242.7
PPO-energy,PPO,energy,2,100087,1,0,0,617.954,0.5148,4.0,10.444,8.731,70.779,5179.1
PPO-energy,PPO,energy,2,100088,1,0,0,640.159,0.55299,3.95,10.064,9.119,70.197,5269.4
PPO-energy,PPO,energy,2,100089,0,1,0,165.897,0.11404,1.4,3.05,9.071,18.288,4730.3
PPO-energy,PPO,energy,2,100090,1,0,0,653.125,0.5482,4.1,9.784,8.879,73.555,5243.3
PPO-energy,PPO,energy,2,100091,1,0,0,538.908,0.47768,3.4,8.682,7.545,71.426,5206.0
PPO-energy,PPO,energy,2,100092,1,0,0,628.568,0.53261,3.9,9.968,8.325,75.505,5264.9
PPO-energy,PPO,energy,2,100093,1,0,0,607.192,0.51662,3.9,10.02,9.047,67.113,5189.0
PPO-energy,PPO,energy,2,100094,1,0,0,588.802,0.49571,3.7,8.755,7.539,78.099,5240.2
PPO-energy,PPO,energy,2,100095,0,1,0,284.009,0.22439,1.95,2.238,7.532,37.707,5077.4
PPO-energy,PPO,energy,2,100096,0,1,0,313.558,0.24481,2.25,5.343,9.195,34.102,4990.7
PPO-energy,PPO,energy,2,100097,1,0,0,659.79,0.56316,4.15,10.062,8.155,80.91,5233.2
PPO-energy,PPO,energy,2,100098,1,0,0,614.747,0.51561,3.95,9.719,7.811,78.702,5193.8
PPO-energy,PPO,energy,2,100099,0,1,0,349.094,0.28661,2.4,5.78,8.321,41.956,5056.0
PPO-energy,PPO,energy,2,100100,0,1,0,292.06,0.23381,1.95,3.564,7.98,36.601,5131.2
PPO-energy,PPO,energy,2,100101,1,0,0,856.784,0.70898,5.45,12.502,9.617,89.09,5220.6
PPO-energy,PPO,energy,2,100102,1,0,0,923.049,0.75349,6.0,13.727,10.819,85.318,5179.5
PPO-energy,PPO,energy,2,100103,1,0,0,653.531,0.56082,4.2,11.208,9.007,72.561,5180.1
PPO-energy,PPO,energy,2,100104,1,0,0,635.355,0.53438,4.0,9.778,9.087,69.919,5236.6
PPO-energy,PPO,energy,2,100105,1,0,0,651.818,0.56979,4.15,10.433,9.044,72.069,5196.0
PPO-energy,PPO,energy,2,100106,0,1,0,385.55,0.32079,2.45,5.807,10.656,36.181,5220.9
PPO-energy,PPO,energy,2,100107,0,1,0,391.676,0.33199,2.45,4.819,8.604,45.523,5247.1
PPO-energy,PPO,energy,2,100108,1,0,0,634.77,0.5575,3.85,9.902,8.316,76.335,5299.6
PPO-energy,PPO,energy,2,100109,1,0,0,731.924,0.63349,4.5,11.27,10.199,71.766,5276.6
PPO-energy,PPO,energy,2,100110,1,0,0,643.499,0.52401,4.25,10.213,8.27,77.808,5147.3
PPO-energy,PPO,energy,2,100111,1,0,0,682.971,0.57918,4.25,10.535,10.062,67.879,5258.0
PPO-energy,PPO,energy,2,100112,1,0,0,664.94,0.56171,4.15,10.078,8.496,78.263,5253.3
PPO-energy,PPO,energy,2,100113,1,0,0,606.261,0.51164,3.85,9.675,7.613,79.639,5215.5
PPO-energy,PPO,energy,2,100114,1,0,0,568.155,0.49245,3.6,9.34,8.18,69.453,5206.3
PPO-energy,PPO,energy,2,100115,1,0,0,867.366,0.70622,5.8,12.739,8.766,98.945,5120.1
PPO-energy,PPO,energy,2,100116,0,1,0,175.618,0.12964,1.3,2.015,9.065,19.373,4953.7
PPO-energy,PPO,energy,2,100117,1,0,0,626.888,0.51745,4.1,10.395,8.733,71.782,5160.5
PPO-energy,PPO,energy,2,100118,1,0,0,641.94,0.5361,4.1,9.837,8.486,75.645,5209.1
PPO-energy,PPO,energy,2,100119,1,0,0,649.469,0.55199,4.05,9.682,7.886,82.362,5252.7
PPO-energy,PPO,energy,2,100120,1,0,0,623.221,0.54322,3.85,9.67,8.456,73.701,5263.4
PPO-energy,PPO,energy,2,100121,1,0,0,797.307,0.65247,5.25,11.862,8.116,98.237,5150.0
PPO-energy,PPO,energy,2,100122,1,0,0,546.613,0.48157,3.45,9.474,8.641,63.255,5209.0
PPO-energy,PPO,energy,2,100123,1,0,0,627.774,0.55655,3.95,10.54,9.053,69.344,5212.8
PPO-energy,PPO,energy,2,100124,1,0,0,719.32,0.59546,4.65,11.024,9.122,78.856,5186.0
PPO-energy,PPO,energy,2,100125,1,0,0,568.654,0.47266,3.65,8.796,8.265,68.806,5198.7
PPO-energy,PPO,energy,2,100126,1,0,0,809.36,0.68823,5.05,11.144,8.626,93.823,5251.4
PPO-energy,PPO,energy,2,100127,1,0,0,884.44,0.7274,5.9,13.019,8.644,102.319,5120.4
PPO-energy,PPO,energy,2,100128,1,0,0,630.498,0.51789,4.15,10.0,8.526,73.95,5151.5
PPO-energy,PPO,energy,2,100129,1,0,0,612.653,0.52471,4.0,10.723,9.076,67.501,5147.9
PPO-energy,PPO,energy,2,100130,1,0,0,586.346,0.52217,3.7,9.687,8.1,72.393,5202.7
PPO-energy,PPO,energy,2,100131,1,0,0,753.902,0.63072,4.75,11.272,8.285,91.001,5236.6
PPO-energy,PPO,energy,2,100132,1,0,0,567.106,0.4873,3.55,9.548,8.666,65.438,5240.7
PPO-energy,PPO,energy,2,100133,1,0,0,617.506,0.50873,4.0,9.629,7.926,77.906,5183.9
PPO-energy,PPO,energy,2,100134,1,0,0,640.265,0.53099,4.15,10.799,9.972,64.205,5178.9
PPO-energy,PPO,energy,2,100135,0,1,0,713.062,0.5857,4.6,6.497,7.889,90.391,5193.4
PPO-energy,PPO,energy,2,100136,1,0,0,667.711,0.56371,4.35,12.017,10.838,61.606,5157.2
PPO-energy,PPO,energy,2,100137,1,0,0,601.983,0.4967,4.0,11.806,11.395,52.829,5128.6
PPO-energy,PPO,energy,2,100138,1,0,0,582.77,0.51173,3.55,8.467,8.268,70.488,5291.7
PPO-energy,PPO,energy,2,100139,1,0,0,596.494,0.50111,3.85,9.665,8.537,69.874,5182.3
PPO-energy,PPO,energy,2,100140,1,0,0,891.117,0.72756,5.8,11.864,7.88,113.091,5177.0
PPO-energy,PPO,energy,2,100141,1,0,0,617.953,0.54659,3.85,10.293,8.995,68.7,5234.4
PPO-energy,PPO,energy,2,100142,1,0,0,587.458,0.52283,3.6,8.715,8.179,71.825,5271.9
PPO-energy,PPO,energy,2,100143,1,0,0,893.519,0.74084,5.85,12.633,7.809,114.425,5157.5
PPO-energy,PPO,energy,2,100144,1,0,0,587.762,0.50796,3.6,8.866,7.597,77.366,5285.7
PPO-energy,PPO,energy,2,100145,0,1,0,323.71,0.27434,2.1,4.832,8.422,38.438,5167.7
PPO-energy,PPO,energy,2,100146,1,0,0,704.086,0.58916,4.5,10.046,8.28,85.039,5206.8
PPO-energy,PPO,energy,2,100147,1,0,0,638.925,0.54246,4.05,10.593,9.371,68.178,5216.9
PPO-energy,PPO,energy,2,100148,1,0,0,636.202,0.55347,3.85,9.459,8.724,72.929,5309.2
PPO-energy,PPO,energy,2,100149,0,1,0,456.684,0.38682,3.05,7.946,8.832,51.708,5103.4
PPO-energy,PPO,energy,2,100150,1,0,0,640.628,0.54547,4.05,9.981,9.058,70.727,5220.9
PPO-energy,PPO,energy,2,100151,1,0,0,614.047,0.51621,3.85,9.275,8.246,74.469,5245.5
PPO-energy,PPO,energy,2,100152,1,0,0,602.726,0.50016,3.85,9.491,7.9,76.294,5210.8
PPO-energy,PPO,energy,2,100153,1,0,0,591.046,0.50887,3.7,10.049,8.949,66.046,5238.7
PPO-energy,PPO,energy,2,100154,1,0,0,744.124,0.61714,5.0,11.535,8.276,89.916,5100.7
PPO-energy,PPO,energy,2,100155,1,0,0,614.746,0.54074,3.8,9.401,8.362,73.519,5255.6
PPO-energy,PPO,energy,2,100156,1,0,0,605.409,0.50754,3.85,9.248,8.31,72.857,5215.9
PPO-energy,PPO,energy,2,100157,1,0,0,674.912,0.5767,4.25,11.313,9.876,68.338,5227.0
PPO-energy,PPO,energy,2,100158,1,0,0,638.686,0.57953,3.9,10.332,8.77,72.829,5268.9
PPO-energy,PPO,energy,2,100159,1,0,0,674.311,0.5545,4.4,10.062,8.307,81.177,5169.9
PPO-energy,PPO,energy,2,100160,1,0,0,566.356,0.46767,3.65,9.551,8.584,65.976,5192.8
PPO-energy,PPO,energy,2,100161,0,1,0,352.335,0.28215,2.35,4.773,9.016,39.079,5133.3
PPO-energy,PPO,energy,2,100162,1,0,0,627.882,0.56872,3.8,10.212,9.181,68.387,5290.2
PPO-energy,PPO,energy,2,100163,0,1,0,234.617,0.18144,1.65,3.261,9.207,25.482,5036.8
PPO-energy,PPO,energy,2,100164,1,0,0,601.306,0.49959,3.95,10.38,9.548,62.978,5147.3
PPO-energy,PPO,energy,2,100165,1,0,0,626.405,0.53324,3.9,8.783,7.827,80.029,5255.7
PPO-energy,PPO,energy,2,100166,1,0,0,600.643,0.50553,3.85,9.738,8.452,71.063,5195.2
PPO-energy,PPO,energy,2,100167,1,0,0,657.548,0.57244,4.1,10.032,8.696,75.618,5243.9
PPO-energy,PPO,energy,2,100168,1,0,0,672.254,0.58387,4.2,10.042,8.828,76.154,5236.2
PPO-energy,PPO,energy,2,100169,1,0,0,586.992,0.49923,3.7,9.759,8.158,71.949,5227.5
PPO-energy,PPO,energy,2,100170,1,0,0,748.412,0.61784,4.95,11.503,7.95,94.142,5137.6
PPO-energy,PPO,energy,2,100171,1,0,0,575.563,0.50643,3.7,9.291,8.252,69.749,5167.7
PPO-energy,PPO,energy,2,100172,1,0,0,658.445,0.55148,4.15,10.283,8.797,74.847,5236.0
PPO-energy,PPO,energy,2,100173,1,0,0,853.987,0.70563,5.55,12.18,9.102,93.827,5174.3
PPO-energy,PPO,energy,2,100174,0,1,0,112.485,0.07513,1.0,1.384,7.649,14.705,4646.5
PPO-energy,PPO,energy,2,100175,1,0,0,690.532,0.57468,4.4,11.16,9.783,70.582,5215.1
PPO-energy,PPO,energy,2,100176,1,0,0,925.927,0.78287,5.95,12.848,8.567,108.087,5188.8
PPO-energy,PPO,energy,2,100177,1,0,0,612.662,0.52188,3.8,9.055,8.088,75.752,5263.1
PPO-energy,PPO,energy,2,100178,1,0,0,559.758,0.4712,3.65,8.278,7.551,74.135,5160.9
PPO-energy,PPO,energy,2,100179,1,0,0,653.492,0.53458,4.3,11.171,10.152,64.373,5151.9
PPO-energy,PPO,energy,2,100180,1,0,0,602.279,0.5176,3.75,9.429,7.932,75.927,5251.1
PPO-energy,PPO,energy,2,100181,1,0,0,602.277,0.50339,3.85,9.691,8.764,68.719,5205.6
PPO-energy,PPO,energy,2,100182,1,0,0,601.369,0.52402,3.85,9.889,8.323,72.255,5182.1
PPO-energy,PPO,energy,2,100183,1,0,0,746.423,0.6506,4.7,11.332,10.261,72.745,5219.2
PPO-energy,PPO,energy,2,100184,1,0,0,606.555,0.52963,3.7,9.12,8.328,72.83,5289.5
PPO-energy,PPO,energy,2,100185,1,0,0,824.216,0.67656,5.4,11.971,8.052,102.359,5160.7
PPO-energy,PPO,energy,2,100186,0,1,0,102.617,0.07096,0.85,0.802,8.821,11.633,4763.1
PPO-energy,PPO,energy,2,100187,1,0,0,614.582,0.51794,4.0,10.35,9.124,67.36,5160.6
PPO-energy,PPO,energy,2,100188,0,1,0,351.016,0.2896,2.3,4.402,7.177,48.907,5159.0
PPO-energy,PPO,energy,2,100189,1,0,0,775.504,0.64396,5.0,10.962,7.6,102.037,5190.4
PPO-energy,PPO,energy,2,100190,0,1,0,208.524,0.16063,1.45,2.147,7.866,26.51,5062.7
PPO-energy,PPO,energy,2,100191,1,0,0,567.756,0.48027,3.6,8.613,7.798,72.813,5219.2
PPO-energy,PPO,energy,2,100192,1,0,0,788.171,0.68079,4.85,11.408,8.535,92.35,5275.4
PPO-energy,PPO,energy,2,100193,1,0,0,644.747,0.53797,4.25,10.921,8.356,77.161,5141.3
PPO-energy,PPO,energy,2,100194,1,0,0,730.303,0.62102,4.55,11.459,10.109,72.246,5255.0
PPO-energy,PPO,energy,2,100195,1,0,0,569.907,0.47282,3.7,8.926,7.92,71.953,5176.3
PPO-energy,PPO,energy,2,100196,1,0,0,687.648,0.58196,4.55,12.425,10.254,67.059,5124.5
PPO-energy,PPO,energy,2,100197,0,1,0,269.727,0.21549,1.8,2.92,7.744,34.833,5132.8
PPO-energy,PPO,energy,2,100198,1,0,0,588.77,0.5149,3.65,9.991,9.256,63.61,5253.5
PPO-energy,PPO,energy,2,100199,0,1,0,297.7,0.25808,1.8,2.797,7.993,37.247,5312.4
PPO-energy,PPO,energy,3,100000,1,0,0,667.425,0.56845,4.35,10.458,9.237,72.254,5154.3
PPO-energy,PPO,energy,3,100001,1,0,0,662.325,0.54192,4.3,10.241,9.015,73.469,5180.4
PPO-energy,PPO,energy,3,100002,1,0,0,535.962,0.44505,3.5,8.549,7.502,71.445,5161.2
PPO-energy,PPO,energy,3,100003,1,0,0,617.029,0.50602,4.05,9.411,8.219,75.073,5155.9
PPO-energy,PPO,energy,3,100004,0,1,0,455.944,0.38407,2.85,6.038,9.385,48.58,5251.2
PPO-energy,PPO,energy,3,100005,1,0,0,709.76,0.58012,4.6,10.195,8.165,86.923,5185.4
PPO-energy,PPO,energy,3,100006,1,0,0,638.752,0.52606,4.1,9.857,8.278,77.161,5203.1
PPO-energy,PPO,energy,3,100007,0,1,0,526.312,0.43352,3.35,7.618,10.155,51.829,5221.1
PPO-energy,PPO,energy,3,100008,1,0,0,601.009,0.48591,4.0,8.792,7.34,81.883,5133.0
PPO-energy,PPO,energy,3,100009,1,0,0,1124.02,0.93213,7.35,14.444,7.79,144.299,5160.2
PPO-energy,PPO,energy,3,100010,1,0,0,537.459,0.47496,3.35,8.159,7.373,72.893,5235.3
PPO-energy,PPO,energy,3,100011,1,0,0,1157.835,0.96213,7.5,14.895,7.931,145.984,5179.8
PPO-energy,PPO,energy,3,100012,0,1,0,489.995,0.41795,3.1,6.806,9.32,52.573,5218.2
PPO-energy,PPO,energy,3,100013,1,0,0,551.918,0.46231,3.55,8.589,7.38,74.786,5190.8
PPO-energy,PPO,energy,3,100014,1,0,0,564.125,0.49875,3.55,9.363,8.825,63.92,5214.5
PPO-energy,PPO,energy,3,100015,1,0,0,626.033,0.51173,4.15,10.135,9.791,63.942,5136.2
PPO-energy,PPO,energy,3,100016,1,0,0,739.594,0.59567,4.9,10.602,8.596,86.044,5144.2
PPO-energy,PPO,energy,3,100017,1,0,0,573.823,0.48722,3.7,8.846,7.793,73.633,5180.2
PPO-energy,PPO,energy,3,100018,0,1,0,463.567,0.38887,3.05,7.115,9.017,51.41,5140.3
PPO-energy,PPO,energy,3,100019,1,0,0,667.104,0.53134,4.5,10.25,9.673,68.967,5110.9
PPO-energy,PPO,energy,3,100020,1,0,0,590.695,0.47599,3.9,9.027,7.819,75.547,5151.6
PPO-energy,PPO,energy,3,100021,1,0,0,660.464,0.55006,4.2,10.054,8.23,80.252,5218.7
PPO-energy,PPO,energy,3,100022,1,0,0,592.012,0.49037,3.95,9.884,8.664,68.329,5115.3
PPO-energy,PPO,energy,3,100023,0,1,0,241.0,0.19196,1.6,2.555,8.437,28.564,5145.2
PPO-energy,PPO,energy,3,100024,0,1,0,146.086,0.10985,1.05,1.448,9.114,16.028,5005.3
PPO-energy,PPO,energy,3,100025,1,0,0,714.412,0.5895,4.6,10.709,9.6,74.415,5195.6
PPO-energy,PPO,energy,3,100026,1,0,0,696.895,0.5593,4.7,10.711,9.501,73.349,5108.3
PPO-energy,PPO,energy,3,100027,0,1,0,515.795,0.41853,3.35,7.34,9.666,53.362,5184.0
PPO-energy,PPO,energy,3,100028,1,0,0,613.01,0.50619,3.9,8.496,7.748,79.115,5221.0
PPO-energy,PPO,energy,3,100029,1,0,0,665.078,0.55942,4.15,10.06,9.057,73.434,5255.4
PPO-energy,PPO,energy,3,100030,1,0,0,599.975,0.51883,3.8,9.952,9.276,64.682,5209.4
PPO-energy,PPO,energy,3,100031,1,0,0,566.997,0.46608,3.65,8.539,8.038,70.541,5197.3
PPO-energy,PPO,energy,3,100032,1,0,0,541.551,0.45394,3.55,8.755,7.982,67.848,5148.3
PPO-energy,PPO,energy,3,100033,1,0,0,697.395,0.5655,4.6,10.435,8.528,81.78,5151.3
PPO-energy,PPO,energy,3,100034,1,0,0,564.7,0.47983,3.55,8.484,7.85,71.932,5234.7
PPO-energy,PPO,energy,3,100035,1,0,0,592.473,0.50458,3.85,9.855,8.919,66.426,5160.6
PPO-energy,PPO,energy,3,100036,1,0,0,679.137,0.54937,4.5,10.689,10.5,64.681,5143.0
PPO-energy,PPO,energy,3,100037,1,0,0,574.899,0.5016,3.65,9.327,8.231,69.848,5200.1
PPO-energy,PPO,energy,3,100038,0,1,0,299.789,0.23352,2.15,5.612,9.882,30.337,4992.2
PPO-energy,PPO,energy,3,100039,0,1,0,427.3,0.35859,2.7,5.792,8.568,49.869,5230.1
PPO-energy,PPO,energy,3,100040,1,0,0,709.547,0.58791,4.8,12.165,10.951,64.793,5086.1
PPO-energy,PPO,energy,3,100041,1,0,0,567.878,0.48451,3.55,8.531,7.696,73.787,5245.7
PPO-energy,PPO,energy,3,100042,0,1,0,319.239,0.2579,2.15,4.747,7.881,40.506,5107.9
PPO-energy,PPO,energy,3,100043,0,1,0,452.144,0.37178,2.9,5.923,7.344,61.563,5205.4
PPO-energy,PPO,energy,3,100044,0,0,1,2975.936,2.35412,20.0,6.87,10.63,279.957,5122.2
PPO-energy,PPO,energy,3,100045,1,0,0,659.762,0.54264,4.25,8.515,8.206,80.396,5196.0
PPO-energy,PPO,energy,3,100046,0,1,0,169.214,0.12504,1.25,1.808,7.34,23.055,4957.4
PPO-energy,PPO,energy,3,100047,1,0,0,604.394,0.50741,3.8,9.552,8.979,67.314,5240.2
PPO-energy,PPO,energy,3,100048,1,0,0,600.236,0.49795,3.85,9.533,8.494,70.665,5201.6
PPO-energy,PPO,energy,3,100049,1,0,0,592.31,0.48214,3.85,9.1,7.661,77.316,5180.5
PPO-energy,PPO,energy,3,100050,1,0,0,618.135,0.52705,4.0,9.941,9.061,68.218,5169.3
PPO-energy,PPO,energy,3,100051,0,1,0,571.007,0.48874,3.65,9.259,10.669,53.52,5193.6
PPO-energy,PPO,energy,3,100052,1,0,0,577.619,0.47989,3.7,8.465,7.616,75.84,5203.2
PPO-energy,PPO,energy,3,100053,1,0,0,755.961,0.61744,4.95,10.313,9.208,82.101,5163.0
PPO-energy,PPO,energy,3,100054,1,0,0,572.904,0.48823,3.6,8.859,7.938,72.171,5234.5
PPO-energy,PPO,energy,3,100055,1,0,0,636.587,0.51702,4.2,9.943,8.521,74.706,5149.0
PPO-energy,PPO,energy,3,100056,1,0,0,618.511,0.51328,3.9,9.36,8.489,72.857,5238.3
PPO-energy,PPO,energy,3,100057,1,0,0,549.843,0.48369,3.35,8.42,7.79,70.586,5289.5
PPO-energy,PPO,energy,3,100058,1,0,0,583.808,0.4873,3.7,8.788,7.642,76.397,5225.5
PPO-energy,PPO,energy,3,100059,1,0,0,570.825,0.48535,3.65,8.971,8.522,66.983,5196.3
PPO-energy,PPO,energy,3,100060,0,1,0,435.58,0.36079,2.9,7.78,10.335,42.148,5120.4
PPO-energy,PPO,energy,3,100061,1,0,0,601.552,0.49095,4.0,9.4,8.108,74.192,5130.2
PPO-energy,PPO,energy,3,100062,1,0,0,575.413,0.49635,3.5,8.467,7.732,74.415,5301.3
PPO-energy,PPO,energy,3,100063,1,0,0,652.732,0.54618,4.15,9.562,7.751,84.208,5218.0
PPO-energy,PPO,energy,3,100064,1,0,0,766.759,0.63051,4.9,11.257,8.763,87.5,5213.2
PPO-energy,PPO,energy,3,100065,1,0,0,624.463,0.51058,4.05,9.05,7.861,79.439,5183.5
PPO-energy,PPO,energy,3,100066,0,1,0,489.74,0.409,3.1,6.924,9.127,53.661,5227.5
PPO-energy,PPO,energy,3,100067,1,0,0,718.639,0.58594,4.9,10.344,8.907,80.686,5076.1
PPO-energy,PPO,energy,3,100068,1,0,0,562.885,0.45576,3.75,8.578,8.563,65.734,5130.1
PPO-energy,PPO,energy,3,100069,0,1,0,215.673,0.16309,1.55,2.904,9.012,23.931,5002.5
PPO-energy,PPO,energy,3,100070,1,0,0,614.156,0.50621,4.0,9.717,9.473,64.83,5170.5
PPO-energy,PPO,energy,3,100071,1,0,0,660.669,0.54611,4.2,9.744,8.226,80.315,5222.3
PPO-energy,PPO,energy,3,100072,1,0,0,579.483,0.47699,3.9,9.137,7.937,73.006,5100.0
PPO-energy,PPO,energy,3,100073,0,1,0,232.441,0.18038,1.6,2.528,8.545,27.201,5080.5
PPO-energy,PPO,energy,3,100074,1,0,0,667.352,0.55126,4.4,10.824,10.228,65.245,5144.1
PPO-energy,PPO,energy,3,100075,1,0,0,548.738,0.45209,3.55,8.671,8.097,67.773,5184.5
PPO-energy,PPO,energy,3,100076,0,1,0,279.219,0.22334,1.85,2.814,7.909,35.302,5147.6
PPO-energy,PPO,energy,3,100077,0,1,0,103.264,0.06965,0.9,1.18,7.922,13.035,4678.6
PPO-energy,PPO,energy,3,100078,0,1,0,516.081,0.43595,3.2,6.766,10.244,50.378,5267.5
PPO-energy,PPO,energy,3,100079,1,0,0,668.181,0.54303,4.55,10.698,9.43,70.855,5080.4
PPO-energy,PPO,energy,3,100080,1,0,0,604.085,0.49193,4.05,9.966,8.957,67.439,5112.7
PPO-energy,PPO,energy,3,100081,0,1,0,311.438,0.2463,2.1,4.465,9.618,32.381,5115.3
PPO-energy,PPO,energy,3,100082,1,0,0,612.025,0.51714,3.9,9.025,8.391,72.935,5207.4
PPO-energy,PPO,energy,3,100083,0,1,0,296.177,0.2493,1.85,2.838,7.864,37.661,5253.1
PPO-energy,PPO,energy,3,100084,1,0,0,686.224,0.56632,4.4,10.854,10.165,67.506,5204.2
PPO-energy,PPO,energy,3,100085,0,1,0,328.176,0.26349,2.2,4.275,8.176,40.139,5120.5
PPO-energy,PPO,energy,3,100086,1,0,0,600.801,0.4946,3.85,8.773,7.735,77.675,5206.7
PPO-energy,PPO,energy,3,100087,1,0,0,573.555,0.4847,3.75,9.415,8.731,65.694,5150.4
PPO-energy,PPO,energy,3,100088,1,0,0,657.19,0.53571,4.25,10.039,9.119,72.064,5191.3
PPO-energy,PPO,energy,3,100089,0,1,0,170.389,0.11649,1.45,3.2,9.071,18.784,4717.0
PPO-energy,PPO,energy,3,100090,1,0,0,655.773,0.53864,4.2,9.869,8.879,73.853,5208.7
PPO-energy,PPO,energy,3,100091,1,0,0,565.788,0.49663,3.55,8.738,7.545,74.989,5223.7
PPO-energy,PPO,energy,3,100092,1,0,0,579.636,0.47408,3.75,9.198,8.325,69.627,5188.6
PPO-energy,PPO,energy,3,100093,1,0,0,593.222,0.50608,3.8,9.553,9.047,65.569,5192.0
PPO-energy,PPO,energy,3,100094,1,0,0,515.16,0.42203,3.3,7.687,7.539,68.331,5209.6
PPO-energy,PPO,energy,3,100095,0,1,0,216.089,0.16752,1.5,1.738,7.532,28.69,5063.4
PPO-energy,PPO,energy,3,100096,1,0,0,671.764,0.59013,4.25,10.565,9.195,73.059,5205.1
PPO-energy,PPO,energy,3,100097,0,1,0,373.304,0.30598,2.4,4.286,8.155,45.778,5201.6
PPO-energy,PPO,energy,3,100098,1,0,0,573.59,0.46464,3.8,8.924,7.811,73.433,5141.5
PPO-energy,PPO,energy,3,100099,1,0,0,579.737,0.48811,3.8,9.405,8.321,69.676,5146.6
PPO-energy,PPO,energy,3,100100,1,0,0,600.659,0.49558,3.9,8.731,7.98,75.274,5178.1
PPO-energy,PPO,energy,3,100101,1,0,0,826.623,0.6791,5.3,11.965,9.617,85.954,5206.3
PPO-energy,PPO,energy,3,100102,0,1,0,325.502,0.25184,2.3,5.528,10.819,30.086,5026.2
PPO-energy,PPO,energy,3,100103,1,0,0,644.869,0.5379,4.25,10.681,9.007,71.6,5138.6
PPO-energy,PPO,energy,3,100104,1,0,0,668.13,0.54807,4.35,10.023,9.087,73.526,5174.2
PPO-energy,PPO,energy,3,100105,1,0,0,631.656,0.54685,4.0,9.903,9.044,69.839,5210.0
PPO-energy,PPO,energy,3,100106,0,1,0,274.098,0.21571,1.85,3.461,10.656,25.722,5115.6
PPO-energy,PPO,energy,3,100107,1,0,0,591.982,0.48217,3.9,8.828,8.604,68.803,5150.5
PPO-energy,PPO,energy,3,100108,1,0,0,594.566,0.49845,3.75,9.005,8.316,71.5,5233.4
PPO-energy,PPO,energy,3,100109,1,0,0,752.031,0.62778,4.8,11.278,10.199,73.737,5210.3
PPO-energy,PPO,energy,3,100110,1,0,0,599.096,0.48162,4.0,9.227,8.27,72.439,5128.4
PPO-energy,PPO,energy,3,100111,1,0,0,1167.928,0.94563,7.65,13.578,10.062,116.078,5166.8
PPO-energy,PPO,energy,3,100112,1,0,0,643.957,0.53418,4.1,9.734,8.496,75.793,5217.5
PPO-energy,PPO,energy,3,100113,1,0,0,561.315,0.4571,3.7,8.856,7.613,73.735,5150.4
PPO-energy,PPO,energy,3,100114,1,0,0,581.194,0.49233,3.75,9.166,8.18,71.047,5177.8
PPO-energy,PPO,energy,3,100115,1,0,0,565.067,0.45103,3.85,9.402,8.766,64.46,5087.9
PPO-energy,PPO,energy,3,100116,1,0,0,612.333,0.543,3.8,10.056,9.065,67.548,5244.6
PPO-energy,PPO,energy,3,100117,1,0,0,617.338,0.52724,4.05,9.913,8.733,70.689,5139.5
PPO-energy,PPO,energy,3,100118,0,1,0,395.089,0.32734,2.5,4.694,8.486,46.557,5231.3
PPO-energy,PPO,energy,3,100119,0,1,0,385.443,0.32573,2.45,4.741,7.886,48.88,5213.0
PPO-energy,PPO,energy,3,100120,1,0,0,580.338,0.48976,3.7,9.038,8.456,68.63,5206.1
PPO-energy,PPO,energy,3,100121,1,0,0,572.076,0.46527,3.8,9.17,8.116,70.486,5134.2
PPO-energy,PPO,energy,3,100122,1,0,0,570.597,0.50226,3.6,9.462,8.641,66.031,5210.3
PPO-energy,PPO,energy,3,100123,1,0,0,653.301,0.53262,4.35,10.321,9.053,72.163,5127.3
PPO-energy,PPO,energy,3,100124,1,0,0,641.041,0.53191,4.25,10.087,9.122,70.275,5129.2
PPO-energy,PPO,energy,3,100125,1,0,0,593.073,0.47216,4.0,9.286,8.265,71.761,5110.9
PPO-energy,PPO,energy,3,100126,1,0,0,780.974,0.63851,5.05,10.859,8.626,90.532,5190.1
PPO-energy,PPO,energy,3,100127,1,0,0,577.907,0.46909,3.9,9.875,8.644,66.857,5100.4
PPO-energy,PPO,energy,3,100128,1,0,0,610.994,0.48324,4.15,9.461,8.526,71.663,5099.2
PPO-energy,PPO,energy,3,100129,1,0,0,576.408,0.47679,3.85,9.802,9.076,63.507,5114.2
PPO-energy,PPO,energy,3,100130,1,0,0,595.375,0.52327,3.75,9.592,8.1,73.507,5214.5
PPO-energy,PPO,energy,3,100131,1,0,0,806.277,0.66173,5.2,11.052,8.285,97.323,5194.5
PPO-energy,PPO,energy,3,100132,0,1,0,478.133,0.40174,3.05,7.359,8.666,55.172,5207.7
PPO-energy,PPO,energy,3,100133,1,0,0,585.76,0.46573,3.95,8.934,7.926,73.9,5112.1
PPO-energy,PPO,energy,3,100134,1,0,0,626.797,0.49926,4.25,10.456,9.972,62.854,5099.5
PPO-energy,PPO,energy,3,100135,0,1,0,228.676,0.17933,1.55,1.573,7.889,28.988,5108.2
PPO-energy,PPO,energy,3,100136,1,0,0,709.682,0.58297,4.8,12.191,10.838,65.479,5090.8
PPO-energy,PPO,energy,3,100137,1,0,0,687.41,0.5764,4.6,12.234,11.395,60.325,5104.2
PPO-energy,PPO,energy,3,100138,0,1,0,245.792,0.21057,1.5,2.172,8.268,29.729,5296.6
PPO-energy,PPO,energy,3,100139,1,0,0,617.24,0.49681,4.15,9.401,8.537,72.304,5113.0
PPO-energy,PPO,energy,3,100140,1,0,0,587.744,0.47751,3.85,8.491,7.88,74.59,5165.2
PPO-energy,PPO,energy,3,100141,1,0,0,637.579,0.5198,4.2,9.884,8.995,70.882,5150.7
PPO-energy,PPO,energy,3,100142,0,1,0,294.708,0.2271,2.05,3.089,8.179,36.032,5061.8
PPO-energy,PPO,energy,3,100143,1,0,0,590.52,0.49653,3.75,8.989,7.809,75.623,5217.1
PPO-energy,PPO,energy,3,100144,1,0,0,562.95,0.4679,3.55,8.55,7.597,74.1,5237.5
PPO-energy,PPO,energy,3,100145,0,1,0,362.757,0.30328,2.35,4.833,8.422,43.074,5176.6
PPO-energy,PPO,energy,3,100146,1,0,0,672.178,0.54636,4.4,9.444,8.28,81.185,5165.7
PPO-energy,PPO,energy,3,100147,1,0,0,651.556,0.55238,4.2,10.457,9.371,69.526,5180.5
PPO-energy,PPO,energy,3,100148,1,0,0,638.574,0.54313,3.95,9.495,8.724,73.201,5270.1
PPO-energy,PPO,energy,3,100149,0,1,0,447.862,0.37094,3.0,7.59,8.832,50.709,5106.9
PPO-energy,PPO,energy,3,100150,1,0,0,616.967,0.49807,4.1,9.762,9.058,68.115,5137.1
PPO-energy,PPO,energy,3,100151,1,0,0,598.018,0.49445,3.8,8.943,8.246,72.525,5223.2
PPO-energy,PPO,energy,3,100152,1,0,0,564.196,0.45784,3.7,9.034,7.9,71.417,5162.3
PPO-energy,PPO,energy,3,100153,1,0,0,595.708,0.50881,3.8,9.489,8.949,66.567,5200.4
PPO-energy,PPO,energy,3,100154,0,1,0,435.446,0.3561,2.95,7.131,8.276,52.617,5088.2
PPO-energy,PPO,energy,3,100155,1,0,0,603.903,0.49629,3.9,9.204,8.362,72.223,5190.6
PPO-energy,PPO,energy,3,100156,1,0,0,580.907,0.4645,3.9,9.041,8.31,69.908,5118.9
PPO-energy,PPO,energy,3,100157,1,0,0,701.408,0.56915,4.65,10.971,9.876,71.021,5140.4
PPO-energy,PPO,energy,3,100158,1,0,0,650.927,0.55326,4.25,9.708,8.77,74.225,5151.6
PPO-energy,PPO,energy,3,100159,1,0,0,630.411,0.49909,4.25,9.241,8.307,75.892,5115.1
PPO-energy,PPO,energy,3,100160,1,0,0,542.118,0.45223,3.5,8.873,8.584,63.153,5184.2
PPO-energy,PPO,energy,3,100161,0,1,0,469.447,0.37764,3.1,6.127,9.016,52.069,5152.1
PPO-energy,PPO,energy,3,100162,1,0,0,646.405,0.5412,4.15,9.658,9.181,70.405,5194.6
PPO-energy,PPO,energy,3,100163,0,1,0,257.953,0.1975,1.85,3.965,9.207,28.016,5000.1
PPO-energy,PPO,energy,3,100164,1,0,0,604.475,0.48162,4.15,9.995,9.548,63.31,5072.9
PPO-energy,PPO,energy,3,100165,1,0,0,594.252,0.48281,3.9,9.045,7.827,75.921,5160.6
PPO-energy,PPO,energy,3,100166,1,0,0,592.777,0.47419,4.0,9.462,8.452,70.133,5108.3
PPO-energy,PPO,energy,3,100167,0,1,0,310.819,0.24768,2.1,4.568,8.696,35.744,5107.5
PPO-energy,PPO,energy,3,100168,0,1,0,182.622,0.13509,1.35,1.969,8.828,20.688,4955.5
PPO-energy,PPO,energy,3,100169,1,0,0,562.774,0.47058,3.65,8.786,8.158,68.981,5173.0
PPO-energy,PPO,energy,3,100170,1,0,0,565.138,0.47323,3.7,8.993,7.95,71.088,5152.1
PPO-energy,PPO,energy,3,100171,1,0,0,746.79,0.63601,5.0,11.089,8.252,90.499,5097.1
PPO-energy,PPO,energy,3,100172,1,0,0,602.427,0.48948,4.0,9.372,8.797,68.48,5135.4
PPO-energy,PPO,energy,3,100173,0,1,0,118.353,0.08603,0.9,1.238,9.102,13.003,4906.7
PPO-energy,PPO,energy,3,100174,0,1,0,115.137,0.08058,0.95,1.413,7.649,15.052,4764.5
PPO-energy,PPO,energy,3,100175,1,0,0,628.469,0.51653,4.1,10.215,9.783,64.238,5167.8
PPO-energy,PPO,energy,3,100176,1,0,0,631.879,0.54167,3.95,9.798,8.567,73.761,5245.2
PPO-energy,PPO,energy,3,100177,1,0,0,640.359,0.52357,4.15,9.58,8.088,79.176,5185.4
PPO-energy,PPO,energy,3,100178,0,1,0,184.073,0.1372,1.35,2.155,7.551,24.379,4967.8
PPO-energy,PPO,energy,3,100179,1,0,0,623.196,0.53298,4.05,10.856,10.152,61.388,5158.7
PPO-energy,PPO,energy,3,100180,1,0,0,662.912,0.5477,4.25,8.863,7.932,83.571,5204.3
PPO-energy,PPO,energy,3,100181,1,0,0,636.302,0.50728,4.25,9.609,8.764,72.601,5132.0
PPO-energy,PPO,energy,3,100182,1,0,0,603.459,0.52587,3.85,9.588,8.323,72.506,5189.4
PPO-energy,PPO,energy,3,100183,1,0,0,767.306,0.62317,5.05,10.752,10.261,74.78,5154.9
PPO-energy,PPO,energy,3,100184,1,0,0,601.819,0.49523,3.85,8.948,8.328,72.261,5210.6
PPO-energy,PPO,energy,3,100185,1,0,0,585.104,0.47117,3.85,9.369,8.052,72.664,5159.3
PPO-energy,PPO,energy,3,100186,1,0,0,685.165,0.56568,4.5,9.913,8.821,77.672,5151.4
PPO-energy,PPO,energy,3,100187,1,0,0,603.563,0.4912,4.1,9.872,9.124,66.153,5085.7
PPO-energy,PPO,energy,3,100188,0,1,0,369.876,0.31011,2.35,4.901,7.177,51.535,5218.7
PPO-energy,PPO,energy,3,100189,1,0,0,554.877,0.47249,3.45,8.211,7.6,73.008,5258.2
PPO-energy,PPO,energy,3,100190,0,1,0,338.915,0.2755,2.2,3.623,7.866,43.086,5184.3
PPO-energy,PPO,energy,3,100191,1,0,0,541.067,0.44034,3.55,8.163,7.798,69.39,5159.5
PPO-energy,PPO,energy,3,100192,1,0,0,638.63,0.54673,4.0,9.601,8.535,74.828,5241.0
PPO-energy,PPO,energy,3,100193,1,0,0,623.492,0.51052,4.2,9.919,8.356,74.618,5101.3
PPO-energy,PPO,energy,3,100194,1,0,0,699.052,0.57734,4.45,10.692,10.109,69.154,5219.7
PPO-energy,PPO,energy,3,100195,1,0,0,576.801,0.46376,3.85,8.988,7.92,72.824,5128.9
PPO-energy,PPO,energy,3,100196,1,0,0,619.659,0.49678,4.25,10.983,10.254,60.429,5071.4
PPO-energy,PPO,energy,3,100197,1,0,0,585.991,0.49347,3.65,8.072,7.744,75.675,5258.9
PPO-energy,PPO,energy,3,100198,1,0,0,607.342,0.52228,3.85,9.883,9.256,65.616,5210.5
PPO-energy,PPO,energy,3,100199,1,0,0,627.931,0.53561,3.95,8.974,7.993,78.564,5233.6
PPO-energy,PPO,energy,4,100000,0,1,0,245.365,0.19318,1.75,3.908,9.237,26.563,4999.6
PPO-energy,PPO,energy,4,100001,0,1,0,218.629,0.18371,1.4,2.55,9.015,24.252,5198.0
PPO-energy,PPO,energy,4,100002,1,0,0,555.732,0.45835,3.6,8.855,7.502,74.081,5180.6
PPO-energy,PPO,energy,4,100003,1,0,0,640.378,0.55337,4.0,9.937,8.219,77.914,5240.5
PPO-energy,PPO,energy,4,100004,0,1,0,303.382,0.26243,1.85,3.77,9.385,32.325,5294.2
PPO-energy,PPO,energy,4,100005,1,0,0,668.09,0.5671,4.2,9.695,8.165,81.82,5235.1
PPO-energy,PPO,energy,4,100006,1,0,0,591.07,0.51045,3.6,8.928,8.278,71.401,5297.6
PPO-energy,PPO,energy,4,100007,0,1,0,329.432,0.27578,2.1,4.751,10.155,32.441,5210.4
PPO-energy,PPO,energy,4,100008,1,0,0,602.575,0.49369,3.95,8.918,7.34,82.096,5159.0
PPO-energy,PPO,energy,4,100009,0,1,0,422.703,0.35838,2.65,6.097,7.79,54.266,5240.5
PPO-energy,PPO,energy,4,100010,1,0,0,522.254,0.45387,3.3,8.103,7.373,70.831,5211.8
PPO-energy,PPO,energy,4,100011,1,0,0,565.4,0.48976,3.45,8.816,7.931,71.288,5292.7
PPO-energy,PPO,energy,4,100012,1,0,0,600.247,0.51905,3.75,10.037,9.32,64.403,5238.7
PPO-energy,PPO,energy,4,100013,1,0,0,540.177,0.45473,3.45,8.693,7.38,73.195,5202.8
PPO-energy,PPO,energy,4,100014,1,0,0,531.251,0.4514,3.45,9.128,8.825,60.196,5161.1
PPO-energy,PPO,energy,4,100015,0,1,0,276.354,0.23242,1.8,4.021,9.791,28.226,5161.2
PPO-energy,PPO,energy,4,100016,1,0,0,789.734,0.64314,5.2,10.978,8.596,91.877,5152.8
PPO-energy,PPO,energy,4,100017,1,0,0,559.297,0.48721,3.5,8.521,7.793,71.769,5230.8
PPO-energy,PPO,energy,4,100018,1,0,0,752.434,0.61066,5.0,12.318,9.017,83.446,5133.7
PPO-energy,PPO,energy,4,100019,1,0,0,772.538,0.6599,4.9,10.833,9.673,79.867,5211.3
PPO-energy,PPO,energy,4,100020,1,0,0,574.975,0.48335,3.65,8.906,7.819,73.537,5216.2
PPO-energy,PPO,energy,4,100021,1,0,0,598.404,0.5216,3.6,8.971,8.23,72.712,5321.0
PPO-energy,PPO,energy,4,100022,1,0,0,577.509,0.48196,3.75,9.845,8.664,66.655,5169.6
PPO-energy,PPO,energy,4,100023,1,0,0,589.1,0.51765,3.6,8.901,8.437,69.822,5282.5
PPO-energy,PPO,energy,4,100024,1,0,0,617.036,0.51905,4.0,9.46,9.114,67.699,5171.6
PPO-energy,PPO,energy,4,100025,0,1,0,320.172,0.26992,2.0,2.656,9.6,33.35,5251.9
PPO-energy,PPO,energy,4,100026,0,1,0,392.409,0.32245,2.6,5.771,9.501,41.302,5133.4
PPO-energy,PPO,energy,4,100027,1,0,0,628.106,0.52457,4.0,10.456,9.666,64.982,5212.7
PPO-energy,PPO,energy,4,100028,0,1,0,373.528,0.30969,2.4,5.242,7.748,48.208,5197.2
PPO-energy,PPO,energy,4,100029,1,0,0,624.76,0.54196,3.8,9.491,9.057,68.982,5299.4
PPO-energy,PPO,energy,4,100030,1,0,0,580.516,0.49128,3.7,9.719,9.276,62.584,5204.2
PPO-energy,PPO,energy,4,100031,1,0,0,587.283,0.50785,3.6,8.87,8.038,73.065,5282.2
PPO-energy,PPO,energy,4,100032,1,0,0,553.34,0.46832,3.55,9.007,7.982,69.325,5190.3
PPO-energy,PPO,energy,4,100033,0,1,0,333.893,0.272,2.25,4.628,8.528,39.154,5100.6
PPO-energy,PPO,energy,4,100034,1,0,0,571.572,0.49176,3.55,8.66,7.85,72.807,5254.8
PPO-energy,PPO,energy,4,100035,1,0,0,576.249,0.4913,3.65,9.795,8.919,64.607,5214.2
PPO-energy,PPO,energy,4,100036,1,0,0,671.897,0.58238,4.15,11.451,10.5,63.991,5263.8
PPO-energy,PPO,energy,4,100037,1,0,0,516.747,0.44048,3.35,8.947,8.231,62.783,5164.3
PPO-energy,PPO,energy,4,100038,0,1,0,329.516,0.26647,2.25,5.761,9.882,33.346,5077.0
PPO-energy,PPO,energy,4,100039,0,1,0,292.349,0.23359,2.0,3.69,8.568,34.119,5079.0
PPO-energy,PPO,energy,4,100040,1,0,0,710.531,0.57983,4.75,11.83,10.951,64.883,5118.3
PPO-energy,PPO,energy,4,100041,1,0,0,565.711,0.49372,3.45,8.743,7.696,73.506,5289.2
PPO-energy,PPO,energy,4,100042,0,1,0,319.792,0.2601,2.15,4.788,7.881,40.576,5107.8
PPO-energy,PPO,energy,4,100043,1,0,0,550.631,0.46878,3.45,8.16,7.344,74.972,5241.6
PPO-energy,PPO,energy,4,100044,1,0,0,710.48,0.61395,4.35,11.387,10.63,66.837,5285.3
PPO-energy,PPO,energy,4,100045,0,1,0,391.604,0.33022,2.5,5.286,8.206,47.72,5203.2
PPO-energy,PPO,energy,4,100046,0,1,0,225.236,0.1758,1.6,2.507,7.34,30.688,5011.0
PPO-energy,PPO,energy,4,100047,1,0,0,624.346,0.54714,3.8,9.508,8.979,69.536,5292.3
PPO-energy,PPO,energy,4,100048,1,0,0,634.247,0.53705,3.95,9.61,8.494,74.669,5256.8
PPO-energy,PPO,energy,4,100049,1,0,0,549.721,0.46951,3.4,8.412,7.661,71.757,5267.5
PPO-energy,PPO,energy,4,100050,1,0,0,631.95,0.53151,4.05,9.852,9.061,69.742,5194.7
PPO-energy,PPO,energy,4,100051,1,0,0,703.867,0.59287,4.5,11.053,10.669,65.973,5200.2
PPO-energy,PPO,energy,4,100052,1,0,0,556.686,0.47709,3.45,8.517,7.616,73.091,5262.0
PPO-energy,PPO,energy,4,100053,1,0,0,680.501,0.58004,4.3,10.632,9.208,73.906,5220.2
PPO-energy,PPO,energy,4,100054,1,0,0,561.497,0.48922,3.45,8.753,7.938,70.734,5273.2
PPO-energy,PPO,energy,4,100055,1,0,0,592.235,0.49632,3.75,9.476,8.521,69.501,5224.2
PPO-energy,PPO,energy,4,100056,1,0,0,572.237,0.49703,3.5,8.929,8.489,67.406,5285.6
PPO-energy,PPO,energy,4,100057,1,0,0,544.974,0.47253,3.35,8.262,7.79,69.961,5273.7
PPO-energy,PPO,energy,4,100058,1,0,0,628.941,0.53304,3.9,9.323,7.642,82.303,5266.1
PPO-energy,PPO,energy,4,100059,1,0,0,558.239,0.46861,3.55,8.736,8.522,65.506,5213.1
PPO-energy,PPO,energy,4,100060,0,1,0,390.967,0.32052,2.6,6.638,10.335,37.831,5127.3
PPO-energy,PPO,energy,4,100061,1,0,0,608.988,0.49829,4.0,9.489,8.108,75.109,5155.2
PPO-energy,PPO,energy,4,100062,1,0,0,556.756,0.49006,3.35,8.35,7.732,72.002,5316.1
PPO-energy,PPO,energy,4,100063,0,1,0,403.399,0.34675,2.45,5.317,7.751,52.042,5305.8
PPO-energy,PPO,energy,4,100064,0,1,0,206.164,0.17534,1.3,2.223,8.763,23.527,5226.7
PPO-energy,PPO,energy,4,100065,0,1,0,467.97,0.41138,2.85,6.541,7.861,59.532,5289.6
PPO-energy,PPO,energy,4,100066,0,1,0,455.126,0.38832,2.85,6.663,9.127,49.868,5240.3
PPO-energy,PPO,energy,4,100067,1,0,0,625.421,0.52829,4.05,10.094,8.907,70.22,5169.3
PPO-energy,PPO,energy,4,100068,1,0,0,560.485,0.4711,3.6,9.186,8.563,65.454,5191.2
PPO-energy,PPO,energy,4,100069,0,1,0,251.861,0.19271,1.8,3.258,9.012,27.946,5007.8
PPO-energy,PPO,energy,4,100070,1,0,0,602.003,0.50219,3.85,9.589,9.473,63.547,5203.9
PPO-energy,PPO,energy,4,100071,1,0,0,646.021,0.55369,4.05,9.902,8.226,78.535,5236.9
PPO-energy,PPO,energy,4,100072,1,0,0,577.012,0.47674,3.8,9.2,7.937,72.695,5143.0
PPO-energy,PPO,energy,4,100073,0,1,0,249.839,0.20303,1.7,3.085,8.545,29.237,5085.1
PPO-energy,PPO,energy,4,100074,1,0,0,659.63,0.54302,4.35,10.571,10.228,64.49,5144.6
PPO-energy,PPO,energy,4,100075,1,0,0,558.657,0.4825,3.4,8.63,8.097,68.998,5299.5
PPO-energy,PPO,energy,4,100076,0,1,0,301.595,0.24676,2.0,3.71,7.909,38.131,5133.8
PPO-energy,PPO,energy,4,100077,0,1,0,78.669,0.05252,0.7,0.723,7.922,9.931,4645.1
PPO-energy,PPO,energy,4,100078,1,0,0,703.535,0.6049,4.3,10.898,10.244,68.676,5291.5
PPO-energy,PPO,energy,4,100079,1,0,0,657.078,0.55088,4.25,11.032,9.43,69.677,5176.1
PPO-energy,PPO,energy,4,100080,1,0,0,587.988,0.49414,3.8,9.969,8.957,65.643,5176.0
PPO-energy,PPO,energy,4,100081,1,0,0,587.778,0.48522,3.8,9.707,9.618,61.113,5185.6
PPO-energy,PPO,energy,4,100082,1,0,0,590.412,0.53211,3.55,9.257,8.391,70.359,5306.8
PPO-energy,PPO,energy,4,100083,0,1,0,459.227,0.38995,2.85,5.846,7.864,58.394,5263.3
PPO-energy,PPO,energy,4,100084,1,0,0,670.528,0.55748,4.3,10.502,10.165,65.962,5200.6
PPO-energy,PPO,energy,4,100085,0,1,0,316.327,0.25385,2.15,4.287,8.176,38.69,5090.4
PPO-energy,PPO,energy,4,100086,1,0,0,547.471,0.46125,3.45,8.28,7.735,70.78,5232.1
PPO-energy,PPO,energy,4,100087,1,0,0,585.309,0.48273,3.8,9.329,8.731,67.04,5175.8
PPO-energy,PPO,energy,4,100088,1,0,0,641.685,0.5605,3.9,10.068,9.119,70.364,5297.2
PPO-energy,PPO,energy,4,100089,0,1,0,181.169,0.12997,1.45,3.147,9.071,19.972,4812.0
PPO-energy,PPO,energy,4,100090,1,0,0,566.899,0.47985,3.55,9.183,8.879,63.844,5244.8
PPO-energy,PPO,energy,4,100091,1,0,0,519.926,0.45017,3.3,8.563,7.545,68.91,5204.1
PPO-energy,PPO,energy,4,100092,1,0,0,586.993,0.50761,3.6,9.162,8.325,70.511,5281.1
PPO-energy,PPO,energy,4,100093,1,0,0,585.391,0.503,3.7,9.478,9.047,64.703,5216.5
PPO-energy,PPO,energy,4,100094,1,0,0,535.57,0.45425,3.35,8.312,7.539,71.038,5246.1
PPO-energy,PPO,energy,4,100095,0,1,0,235.658,0.18387,1.65,2.308,7.532,31.288,5041.2
PPO-energy,PPO,energy,4,100096,0,1,0,406.357,0.31979,2.85,5.739,9.195,44.194,5034.0
PPO-energy,PPO,energy,4,100097,1,0,0,652.096,0.55507,4.05,10.059,8.155,79.966,5260.2
PPO-energy,PPO,energy,4,100098,1,0,0,588.511,0.49264,3.75,9.132,7.811,75.343,5210.4
PPO-energy,PPO,energy,4,100099,1,0,0,558.541,0.47929,3.55,9.333,8.321,67.128,5203.8
PPO-energy,PPO,energy,4,100100,0,1,0,452.47,0.38295,2.9,6.099,7.98,56.703,5193.7
PPO-energy,PPO,energy,4,100101,0,1,0,338.959,0.28058,2.2,4.805,9.617,35.245,5175.4
PPO-energy,PPO,energy,4,100102,0,1,0,322.317,0.26785,2.15,5.421,10.819,29.792,5114.7
PPO-energy,PPO,energy,4,100103,1,0,0,632.74,0.54094,4.05,10.592,9.007,70.253,5190.8
PPO-energy,PPO,energy,4,100104,1,0,0,634.117,0.55277,3.85,9.533,9.087,69.783,5300.4
PPO-energy,PPO,energy,4,100105,1,0,0,560.79,0.47806,3.55,9.293,9.044,62.004,5216.8
PPO-energy,PPO,energy,4,100106,0,1,0,270.602,0.21211,1.85,3.317,10.656,25.394,5089.9
PPO-energy,PPO,energy,4,100107,1,0,0,601.053,0.52969,3.65,8.821,8.604,69.857,5295.5
PPO-energy,PPO,energy,4,100108,1,0,0,592.003,0.52012,3.6,9.253,8.316,71.192,5292.4
PPO-energy,PPO,energy,4,100109,1,0,0,714.931,0.62662,4.3,10.963,10.199,70.1,5319.7
PPO-energy,PPO,energy,4,100110,1,0,0,577.651,0.47388,3.8,9.615,8.27,69.846,5150.7
PPO-energy,PPO,energy,4,100111,1,0,0,692.368,0.58854,4.3,10.895,10.062,68.813,5260.5
PPO-energy,PPO,energy,4,100112,1,0,0,565.835,0.48764,3.45,8.789,8.496,66.598,5296.0
PPO-energy,PPO,energy,4,100113,1,0,0,569.233,0.48221,3.6,8.812,7.613,74.775,5221.4
PPO-energy,PPO,energy,4,100114,1,0,0,525.84,0.45125,3.35,8.918,8.18,64.281,5199.7
PPO-energy,PPO,energy,4,100115,1,0,0,585.457,0.49343,3.75,9.735,8.766,66.786,5194.9
PPO-energy,PPO,energy,4,100116,1,0,0,580.247,0.50639,3.6,9.609,9.065,64.008,5249.7
PPO-energy,PPO,energy,4,100117,1,0,0,622.533,0.51413,4.1,9.612,8.733,71.283,5145.1
PPO-energy,PPO,energy,4,100118,1,0,0,612.577,0.51634,3.85,9.405,8.486,72.185,5238.4
PPO-energy,PPO,energy,4,100119,1,0,0,596.037,0.50523,3.7,8.863,7.886,75.586,5263.4
PPO-energy,PPO,energy,4,100120,1,0,0,570.17,0.49016,3.55,9.065,8.456,67.428,5249.1
PPO-energy,PPO,energy,4,100121,1,0,0,565.663,0.46715,3.7,9.381,8.116,69.696,5159.5
PPO-energy,PPO,energy,4,100122,1,0,0,536.523,0.45645,3.45,9.228,8.641,62.088,5183.6
PPO-energy,PPO,energy,4,100123,1,0,0,697.852,0.57831,4.5,10.987,9.053,77.085,5188.3
PPO-energy,PPO,energy,4,100124,1,0,0,628.842,0.52542,4.1,9.849,9.122,68.938,5161.3
PPO-energy,PPO,energy,4,100125,1,0,0,565.821,0.4746,3.6,8.869,8.265,68.464,5212.3
PPO-energy,PPO,energy,4,100126,0,1,0,228.673,0.19438,1.45,2.668,8.626,26.508,5214.9
PPO-energy,PPO,energy,4,100127,1,0,0,596.604,0.4948,3.9,10.075,8.644,69.02,5157.8
PPO-energy,PPO,energy,4,100128,1,0,0,620.799,0.50901,4.05,9.801,8.526,72.813,5168.7
PPO-energy,PPO,energy,4,100129,1,0,0,597.556,0.49333,3.95,10.244,9.076,65.837,5135.9
PPO-energy,PPO,energy,4,100130,1,0,0,571.137,0.48978,3.65,9.526,8.1,70.515,5193.6
PPO-energy,PPO,energy,4,100131,1,0,0,670.348,0.55877,4.25,10.092,8.285,80.916,5224.7
PPO-energy,PPO,energy,4,100132,0,1,0,474.01,0.40571,3.0,7.446,8.666,54.696,5215.9
PPO-energy,PPO,energy,4,100133,1,0,0,585.28,0.48532,3.75,9.105,7.926,73.84,5203.2
PPO-energy,PPO,energy,4,100134,1,0,0,639.936,0.53202,4.1,10.771,9.972,64.172,5201.4
PPO-energy,PPO,energy,4,100135,0,1,0,238.477,0.1917,1.6,1.854,7.889,30.23,5118.1
PPO-energy,PPO,energy,4,100136,1,0,0,706.06,0.58672,4.6,12.239,10.838,65.144,5164.5
PPO-energy,PPO,energy,4,100137,1,0,0,631.875,0.51084,4.25,11.551,11.395,55.452,5109.2
PPO-energy,PPO,energy,4,100138,1,0,0,585.607,0.4953,3.65,8.824,8.268,70.831,5255.0
PPO-energy,PPO,energy,4,100139,1,0,0,589.138,0.49662,3.75,9.454,8.537,69.012,5208.8
PPO-energy,PPO,energy,4,100140,1,0,0,626.162,0.51991,4.0,9.703,7.88,79.466,5210.0
PPO-energy,PPO,energy,4,100141,1,0,0,612.475,0.53106,3.85,10.065,8.995,68.091,5223.8
PPO-energy,PPO,energy,4,100142,1,0,0,566.703,0.49397,3.5,8.864,8.179,69.287,5260.5
PPO-energy,PPO,energy,4,100143,1,0,0,618.215,0.52831,3.9,9.58,7.809,79.169,5222.6
PPO-energy,PPO,energy,4,100144,1,0,0,571.019,0.49296,3.5,8.764,7.597,75.162,5282.8
PPO-energy,PPO,energy,4,100145,0,1,0,331.174,0.27429,2.15,4.445,8.422,39.324,5174.6
PPO-energy,PPO,energy,4,100146,1,0,0,646.073,0.54361,4.05,9.844,8.28,78.032,5244.8
PPO-energy,PPO,energy,4,100147,1,0,0,631.663,0.5392,4.0,10.345,9.371,67.403,5215.8
PPO-energy,PPO,energy,4,100148,1,0,0,615.053,0.54847,3.65,9.202,8.724,70.505,5342.5
PPO-energy,PPO,energy,4,100149,0,1,0,433.36,0.36082,2.9,7.148,8.832,49.067,5106.2
PPO-energy,PPO,energy,4,100150,1,0,0,658.132,0.56626,4.1,10.003,9.058,72.66,5247.3
PPO-energy,PPO,energy,4,100151,0,1,0,214.822,0.17816,1.4,2.542,8.246,26.053,5165.7
PPO-energy,PPO,energy,4,100152,1,0,0,549.844,0.4622,3.45,8.711,7.9,69.6,5243.2
PPO-energy,PPO,energy,4,100153,1,0,0,585.111,0.50314,3.65,9.371,8.949,65.383,5245.0
PPO-energy,PPO,energy,4,100154,1,0,0,1130.02,0.92371,7.45,15.296,8.276,136.546,5147.5
PPO-energy,PPO,energy,4,100155,1,0,0,620.437,0.55189,3.8,9.402,8.362,74.2,5271.4
PPO-energy,PPO,energy,4,100156,1,0,0,591.954,0.50451,3.7,9.07,8.31,71.238,5244.8
PPO-energy,PPO,energy,4,100157,1,0,0,663.433,0.56799,4.15,11.035,9.876,67.176,5240.6
PPO-energy,PPO,energy,4,100158,1,0,0,594.014,0.51799,3.7,9.61,8.77,67.735,5241.6
PPO-energy,PPO,energy,4,100159,1,0,0,597.792,0.49446,3.85,9.328,8.307,71.965,5193.1
PPO-energy,PPO,energy,4,100160,1,0,0,520.284,0.42957,3.4,9.034,8.584,60.609,5162.0
PPO-energy,PPO,energy,4,100161,0,1,0,363.682,0.30372,2.35,5.502,9.016,40.338,5180.6
PPO-energy,PPO,energy,4,100162,1,0,0,616.58,0.54158,3.8,10.047,9.181,67.156,5261.5
PPO-energy,PPO,energy,4,100163,1,0,0,624.746,0.52776,4.0,9.591,9.207,67.853,5197.3
PPO-energy,PPO,energy,4,100164,1,0,0,583.674,0.48243,3.8,10.09,9.548,61.131,5168.3
PPO-energy,PPO,energy,4,100165,0,1,0,371.616,0.30907,2.4,4.669,7.827,47.477,5185.4
PPO-energy,PPO,energy,4,100166,1,0,0,557.592,0.46608,3.6,9.058,8.452,65.97,5181.1
PPO-energy,PPO,energy,4,100167,0,1,0,332.126,0.27261,2.2,4.513,8.696,38.194,5135.3
PPO-energy,PPO,energy,4,100168,1,0,0,790.506,0.67548,4.95,11.678,8.828,89.549,5239.7
PPO-energy,PPO,energy,4,100169,1,0,0,562.737,0.47562,3.55,8.761,8.158,68.976,5227.8
PPO-energy,PPO,energy,4,100170,1,0,0,629.503,0.51189,4.2,10.008,7.95,79.185,5124.3
PPO-energy,PPO,energy,4,100171,1,0,0,521.194,0.4444,3.4,9.049,8.252,63.16,5151.6
PPO-energy,PPO,energy,4,100172,1,0,0,640.568,0.54136,4.0,9.998,8.797,72.815,5251.4
PPO-energy,PPO,energy,4,100173,0,1,0,109.221,0.07984,0.85,1.176,9.102,12.0,4857.8
PPO-energy,PPO,energy,4,100174,0,1,0,110.799,0.07581,0.95,1.324,7.649,14.485,4702.3
PPO-energy,PPO,energy,4,100175,0,1,0,373.047,0.31319,2.4,5.764,9.783,38.131,5187.9
PPO-energy,PPO,energy,4,100176,0,1,0,265.131,0.22284,1.65,2.681,8.567,30.95,5261.5
PPO-energy,PPO,energy,4,100177,1,0,0,585.745,0.50593,3.6,8.699,8.088,72.424,5276.2
PPO-energy,PPO,energy,4,100178,1,0,0,502.715,0.42596,3.25,7.889,7.551,66.58,5172.9
PPO-energy,PPO,energy,4,100179,1,0,0,621.992,0.51514,4.1,10.556,10.152,61.27,5141.8
PPO-energy,PPO,energy,4,100180,1,0,0,554.055,0.47766,3.45,8.725,7.932,69.848,5247.7
PPO-energy,PPO,energy,4,100181,1,0,0,603.052,0.5194,3.75,9.585,8.764,68.807,5251.2
PPO-energy,PPO,energy,4,100182,1,0,0,585.209,0.49372,3.8,9.651,8.323,70.314,5166.6
PPO-energy,PPO,energy,4,100183,1,0,0,794.748,0.66841,5.1,11.214,10.261,77.455,5192.8
PPO-energy,PPO,energy,4,100184,1,0,0,605.271,0.5371,3.65,9.083,8.328,72.676,5307.1
PPO-energy,PPO,energy,4,100185,1,0,0,566.264,0.47406,3.6,9.276,8.052,70.324,5215.4
PPO-energy,PPO,energy,4,100186,0,1,0,104.427,0.07696,0.8,0.778,8.821,11.838,4883.8
PPO-energy,PPO,energy,4,100187,1,0,0,606.037,0.50178,3.95,10.123,9.124,66.424,5164.9
PPO-energy,PPO,energy,4,100188,1,0,0,572.886,0.51214,3.45,8.261,7.177,79.82,5308.0
PPO-energy,PPO,energy,4,100189,1,0,0,586.917,0.50088,3.65,8.148,7.6,77.224,5255.3
PPO-energy,PPO,energy,4,100190,0,1,0,219.269,0.17933,1.45,2.161,7.866,27.876,5140.8
PPO-energy,PPO,energy,4,100191,1,0,0,560.114,0.47329,3.5,8.611,7.798,71.832,5249.6
PPO-energy,PPO,energy,4,100192,0,1,0,349.414,0.31048,2.05,3.971,8.535,40.941,5369.3
PPO-energy,PPO,energy,4,100193,1,0,0,658.104,0.53909,4.35,10.536,8.356,78.76,5141.2
PPO-energy,PPO,energy,4,100194,0,1,0,373.143,0.31574,2.35,5.126,10.109,36.914,5231.9
PPO-energy,PPO,energy,4,100195,1,0,0,543.818,0.44963,3.5,8.511,7.92,68.66,5194.3
PPO-energy,PPO,energy,4,100196,1,0,0,601.011,0.49983,3.95,11.07,10.254,58.61,5144.7
PPO-energy,PPO,energy,4,100197,0,1,0,272.654,0.23184,1.75,2.883,7.744,35.211,5188.7
PPO-energy,PPO,energy,4,100198,1,0,0,607.662,0.51355,3.85,9.637,9.256,65.651,5218.1
PPO-energy,PPO,energy,4,100199,0,1,0,330.45,0.28431,2.0,3.544,7.993,41.345,5313.0
DQN-energy,DQN,energy,0,100000,1,0,0,1261.923,1.10871,8.2,12.257,9.237,136.612,5148.3
DQN-energy,DQN,energy,0,100001,0,1,0,164.106,0.13546,1.2,1.54,9.015,18.204,4930.8
DQN-energy,DQN,energy,0,100002,0,1,0,105.356,0.07866,0.8,0.824,7.502,14.044,4894.5
DQN-energy,DQN,energy,0,100003,1,0,0,945.503,0.83005,6.1,10.637,8.219,115.038,5164.8
DQN-energy,DQN,energy,0,100004,0,1,0,185.099,0.15662,1.3,1.903,9.385,19.722,5001.6
DQN-energy,DQN,energy,0,100005,0,1,0,148.682,0.12154,1.1,1.325,8.165,18.209,4911.9
DQN-energy,DQN,energy,0,100006,1,0,0,1182.747,1.05807,7.5,10.852,8.278,142.876,5193.1
DQN-energy,DQN,energy,0,100007,0,1,0,179.367,0.14787,1.3,1.995,10.155,17.663,4950.0
DQN-energy,DQN,energy,0,100008,1,0,0,660.832,0.58444,4.2,8.38,7.34,90.033,5194.2
DQN-energy,DQN,energy,0,100009,0,1,0,200.33,0.16654,1.45,2.252,7.79,25.718,4947.9
DQN-energy,DQN,energy,0,100010,1,0,0,699.806,0.62767,4.4,8.509,7.373,94.912,5211.2
DQN-energy,DQN,energy,0,100011,0,1,0,270.394,0.23766,1.8,3.136,7.931,34.092,5097.0
DQN-energy,DQN,energy,0,100012,1,0,0,861.887,0.74445,5.55,10.018,9.32,92.475,5176.3
DQN-energy,DQN,energy,0,100013,1,0,0,651.284,0.5741,4.15,8.756,7.38,88.25,5190.0
DQN-energy,DQN,energy,0,100014,0,1,0,225.758,0.18365,1.65,3.168,8.825,25.58,4939.7
DQN-energy,DQN,energy,0,100015,0,1,0,195.767,0.14841,1.5,2.288,9.791,19.995,4873.4
DQN-energy,DQN,energy,0,100016,0,1,0,144.007,0.11409,1.1,1.396,8.596,16.754,4862.3
DQN-energy,DQN,energy,0,100017,1,0,0,803.324,0.72093,5.05,9.458,7.793,103.083,5211.4
DQN-energy,DQN,energy,0,100018,0,1,0,398.419,0.3447,2.75,5.139,9.017,44.185,5028.4
DQN-energy,DQN,energy,0,100019,1,0,0,814.658,0.72003,5.15,10.449,9.673,84.222,5206.3
DQN-energy,DQN,energy,0,100020,0,1,0,550.289,0.4613,3.7,6.929,7.819,70.38,5097.6
DQN-energy,DQN,energy,0,100021,1,0,0,1229.228,1.09547,7.8,11.272,8.23,149.362,5193.4
DQN-energy,DQN,energy,0,100022,1,0,0,752.344,0.65189,4.9,10.2,8.664,86.834,5150.6
DQN-energy,DQN,energy,0,100023,1,0,0,986.717,0.89327,6.1,10.438,8.437,116.95,5243.7
DQN-energy,DQN,energy,0,100024,0,1,0,217.449,0.17861,1.6,2.648,9.114,23.858,4920.7
DQN-energy,DQN,energy,0,100025,1,0,0,996.922,0.91179,6.15,11.693,9.6,103.841,5244.5
DQN-energy,DQN,energy,0,100026,1,0,0,859.879,0.77117,5.4,10.121,9.501,90.503,5213.6
DQN-energy,DQN,energy,0,100027,1,0,0,789.817,0.70175,5.05,10.106,9.666,81.712,5178.0
DQN-energy,DQN,energy,0,100028,1,0,0,757.63,0.68927,4.65,8.625,7.748,97.78,5257.7
DQN-energy,DQN,energy,0,100029,0,1,0,210.657,0.18078,1.45,2.22,9.057,23.259,5036.7
DQN-energy,DQN,energy,0,100030,1,0,0,841.465,0.74297,5.35,10.575,9.276,90.716,5193.4
DQN-energy,DQN,energy,0,100031,1,0,0,1063.262,0.93905,6.85,11.43,8.038,132.283,5165.2
DQN-energy,DQN,energy,0,100032,1,0,0,743.846,0.64282,4.9,9.391,7.982,93.193,5126.7
DQN-energy,DQN,energy,0,100033,1,0,0,992.305,0.86816,6.3,9.949,8.528,116.363,5201.7
DQN-energy,DQN,energy,0,100034,1,0,0,940.459,0.84734,5.85,9.839,7.85,119.797,5232.4
DQN-energy,DQN,energy,0,100035,1,0,0,972.974,0.83907,6.35,10.923,8.919,109.086,5147.6
DQN-energy,DQN,energy,0,100036,1,0,0,940.766,0.82018,5.95,11.632,10.5,89.598,5211.7
DQN-energy,DQN,energy,0,100037,1,0,0,830.084,0.71898,5.35,10.176,8.231,100.852,5173.0
DQN-energy,DQN,energy,0,100038,1,0,0,1047.553,0.93758,6.6,12.781,9.882,106.008,5207.3
DQN-energy,DQN,energy,0,100039,1,0,0,1077.458,0.94899,6.9,10.873,8.568,125.748,5179.5
DQN-energy,DQN,energy,0,100040,0,1,0,377.219,0.30975,2.7,5.255,10.951,34.446,4976.8
DQN-energy,DQN,energy,0,100041,1,0,0,901.697,0.81322,5.6,10.306,7.696,117.162,5236.0
DQN-energy,DQN,energy,0,100042,0,1,0,297.259,0.24501,2.1,3.816,7.881,37.717,5001.4
DQN-energy,DQN,energy,0,100043,1,0,0,747.294,0.68296,4.6,8.3,7.344,101.749,5249.5
DQN-energy,DQN,energy,0,100044,1,0,0,968.629,0.83901,6.1,11.536,10.63,91.122,5224.7
DQN-energy,DQN,energy,0,100045,0,1,0,340.093,0.29496,2.3,4.041,8.206,41.443,5068.4
DQN-energy,DQN,energy,0,100046,1,0,0,671.047,0.59094,4.25,8.071,7.34,91.429,5204.6
DQN-energy,DQN,energy,0,100047,1,0,0,1048.807,0.94758,6.65,11.957,8.979,116.811,5189.0
DQN-energy,DQN,energy,0,100048,1,0,0,1002.453,0.90234,6.25,10.167,8.494,118.018,5227.8
DQN-energy,DQN,energy,0,100049,1,0,0,788.615,0.71474,5.0,9.299,7.661,102.94,5186.7
DQN-energy,DQN,energy,0,100050,1,0,0,947.877,0.84494,6.1,12.784,9.061,104.608,5162.6
DQN-energy,DQN,energy,0,100051,0,1,0,851.163,0.75597,5.45,11.722,10.669,79.779,5174.9
DQN-energy,DQN,energy,0,100052,1,0,0,907.385,0.81532,5.65,9.63,7.616,119.137,5232.1
DQN-energy,DQN,energy,0,100053,1,0,0,943.047,0.82824,6.0,10.671,9.208,102.42,5195.4
DQN-energy,DQN,energy,0,100054,1,0,0,1312.687,1.15884,8.3,11.727,7.938,165.364,5205.8
DQN-energy,DQN,energy,0,100055,0,1,0,489.008,0.42756,3.2,6.287,8.521,57.387,5136.3
DQN-energy,DQN,energy,0,100056,1,0,0,907.5,0.81993,5.6,10.098,8.489,106.899,5249.0
DQN-energy,DQN,energy,0,100057,1,0,0,1006.806,0.89822,6.3,9.854,7.79,129.248,5223.9
DQN-energy,DQN,energy,0,100058,1,0,0,904.947,0.80605,5.7,10.09,7.642,118.421,5211.4
DQN-energy,DQN,energy,0,100059,1,0,0,979.53,0.87651,6.2,11.582,8.522,114.942,5197.5
DQN-energy,DQN,energy,0,100060,1,0,0,1210.702,1.06823,7.9,14.118,10.335,117.15,5136.8
DQN-energy,DQN,energy,0,100061,1,0,0,762.368,0.66462,4.9,8.958,8.108,94.026,5176.7
DQN-energy,DQN,energy,0,100062,1,0,0,1191.979,1.08271,7.45,11.605,7.732,154.152,5217.6
DQN-energy,DQN,energy,0,100063,1,0,0,892.192,0.80602,5.5,8.941,7.751,115.101,5251.1
DQN-energy,DQN,energy,0,100064,1,0,0,1228.4,1.09144,7.75,12.004,8.763,140.181,5208.1
DQN-energy,DQN,energy,0,100065,1,0,0,920.704,0.82429,5.75,9.851,7.861,117.125,5226.4
DQN-energy,DQN,energy,0,100066,0,1,0,242.23,0.20498,1.7,3.131,9.127,26.541,5003.8
DQN-energy,DQN,energy,0,100067,0,1,0,263.5,0.22928,1.8,3.225,8.907,29.585,5047.6
DQN-energy,DQN,energy,0,100068,1,0,0,798.585,0.71551,5.1,9.284,8.563,93.259,5176.7
DQN-energy,DQN,energy,0,100069,0,1,0,343.714,0.29227,2.35,4.586,9.012,38.138,5055.5
DQN-energy,DQN,energy,0,100070,1,0,0,898.499,0.80722,5.7,11.61,9.473,94.845,5189.5
DQN-energy,DQN,energy,0,100071,1,0,0,834.845,0.75231,5.2,9.686,8.226,101.489,5229.3
DQN-energy,DQN,energy,0,100072,1,0,0,812.009,0.69813,5.4,9.388,7.937,102.301,5109.7
DQN-energy,DQN,energy,0,100073,1,0,0,1323.282,1.17884,8.45,11.919,8.545,154.855,5179.7
DQN-energy,DQN,energy,0,100074,0,1,0,307.622,0.24852,2.2,4.185,10.228,30.075,4984.0
DQN-energy,DQN,energy,0,100075,0,1,0,221.051,0.19427,1.5,2.316,8.097,27.301,5056.1
DQN-energy,DQN,energy,0,100076,1,0,0,723.657,0.6449,4.55,9.052,7.909,91.493,5214.7
DQN-energy,DQN,energy,0,100077,0,1,0,83.233,0.05959,0.7,0.694,7.922,10.507,4722.0
DQN-energy,DQN,energy,0,100078,1,0,0,1010.15,0.89719,6.3,11.97,10.244,98.607,5234.7
DQN-energy,DQN,energy,0,100079,1,0,0,895.614,0.79011,5.75,10.651,9.43,94.972,5173.2
DQN-energy,DQN,energy,0,100080,1,0,0,705.112,0.59561,4.65,9.649,8.957,78.718,5135.5
DQN-energy,DQN,energy,0,100081,0,1,0,187.893,0.15148,1.4,2.3,9.618,19.536,4904.2
DQN-energy,DQN,energy,0,100082,1,0,0,894.078,0.81636,5.55,10.102,8.391,106.547,5230.9
DQN-energy,DQN,energy,0,100083,1,0,0,921.537,0.84287,5.65,9.397,7.864,117.18,5257.0
DQN-energy,DQN,energy,0,100084,0,1,0,292.535,0.23795,2.1,3.637,10.165,28.778,4972.6
DQN-energy,DQN,energy,0,100085,1,0,0,928.097,0.82243,5.9,10.537,8.176,113.516,5192.9
DQN-energy,DQN,energy,0,100086,1,0,0,778.454,0.69012,4.95,9.343,7.735,100.643,5190.9
DQN-energy,DQN,energy,0,100087,1,0,0,849.227,0.75446,5.4,10.174,8.731,97.268,5190.9
DQN-energy,DQN,energy,0,100088,1,0,0,994.194,0.88742,6.2,10.447,9.119,109.019,5231.6
DQN-energy,DQN,energy,0,100089,0,1,0,217.074,0.16634,1.7,3.314,9.071,23.93,4829.4
DQN-energy,DQN,energy,0,100090,0,1,0,162.004,0.1311,1.2,1.813,8.879,18.245,4914.7
DQN-energy,DQN,energy,0,100091,0,1,0,208.2,0.16466,1.5,2.746,7.545,27.594,4977.9
DQN-energy,DQN,energy,0,100092,1,0,0,1123.704,0.99851,7.2,10.799,8.325,134.982,5173.9
DQN-energy,DQN,energy,0,100093,1,0,0,998.69,0.89934,6.35,12.473,9.047,110.385,5183.8
DQN-energy,DQN,energy,0,100094,0,1,0,304.97,0.26628,2.05,3.754,7.539,40.451,5077.9
DQN-energy,DQN,energy,0,100095,0,1,0,99.691,0.07916,0.75,0.909,7.532,13.236,4893.5
DQN-energy,DQN,energy,0,100096,1,0,0,1136.035,0.97726,7.5,12.372,9.195,123.552,5124.4
DQN-energy,DQN,energy,0,100097,1,0,0,828.392,0.74281,5.25,9.288,8.155,101.585,5193.4
DQN-energy,DQN,energy,0,100098,1,0,0,799.396,0.69938,5.25,9.882,7.811,102.342,5128.7
DQN-energy,DQN,energy,0,100099,1,0,0,644.293,0.56539,4.2,8.842,8.321,77.434,5142.5
DQN-energy,DQN,energy,0,100100,1,0,0,786.32,0.70964,4.95,9.119,7.98,98.541,5205.2
DQN-energy,DQN,energy,0,100101,0,1,0,348.165,0.29886,2.4,4.437,9.617,36.203,5032.4
DQN-energy,DQN,energy,0,100102,0,1,0,277.739,0.22144,2.05,3.899,10.819,25.672,4926.8
DQN-energy,DQN,energy,0,100103,1,0,0,815.56,0.70038,5.35,10.171,9.007,90.551,5138.7
DQN-energy,DQN,energy,0,100104,1,0,0,866.847,0.77609,5.5,10.726,9.087,95.394,5191.9
DQN-energy,DQN,energy,0,100105,1,0,0,938.201,0.82991,6.05,12.434,9.044,103.733,5161.4
DQN-energy,DQN,energy,0,100106,0,1,0,277.311,0.22449,2.0,3.487,10.656,26.024,4965.3
DQN-energy,DQN,energy,0,100107,1,0,0,930.124,0.81159,5.9,9.468,8.604,108.104,5205.1
DQN-energy,DQN,energy,0,100108,1,0,0,1350.623,1.19308,8.65,12.066,8.316,162.421,5177.2
DQN-energy,DQN,energy,0,100109,1,0,0,907.585,0.82149,5.7,12.135,10.199,88.99,5209.4
DQN-energy,DQN,energy,0,100110,0,1,0,256.244,0.2157,1.8,3.187,8.27,30.984,5003.9
DQN-energy,DQN,energy,0,100111,1,0,0,898.453,0.78975,5.65,11.025,10.062,89.296,5221.3
DQN-energy,DQN,energy,0,100112,0,1,0,165.755,0.13736,1.2,1.703,8.496,19.509,4949.9
DQN-energy,DQN,energy,0,100113,1,0,0,665.203,0.60004,4.2,8.658,7.613,87.382,5199.5
DQN-energy,DQN,energy,0,100114,1,0,0,774.886,0.67406,5.0,10.063,8.18,94.725,5168.9
DQN-energy,DQN,energy,0,100115,0,1,0,193.913,0.15807,1.4,2.566,8.766,22.121,4962.9
DQN-energy,DQN,energy,0,100116,1,0,0,1273.609,1.12737,8.1,13.241,9.065,140.494,5191.6
DQN-energy,DQN,energy,0,100117,0,1,0,433.433,0.37385,2.95,5.399,8.733,49.63,5058.9
DQN-energy,DQN,energy,0,100118,0,1,0,475.776,0.43218,3.0,6.497,8.486,56.065,5199.0
DQN-energy,DQN,energy,0,100119,0,1,0,164.305,0.13594,1.2,1.534,7.886,20.836,4932.5
DQN-energy,DQN,energy,0,100120,1,0,0,923.223,0.82347,5.85,10.719,8.456,109.179,5196.3
DQN-energy,DQN,energy,0,100121,1,0,0,713.251,0.61926,4.6,9.385,8.116,87.88,5171.1
DQN-energy,DQN,energy,0,100122,1,0,0,732.544,0.63402,4.8,9.182,8.641,84.772,5137.1
DQN-energy,DQN,energy,0,100123,1,0,0,833.003,0.73748,5.35,10.696,9.053,92.013,5170.8
DQN-energy,DQN,energy,0,100124,0,1,0,438.559,0.37104,3.0,6.039,9.122,48.077,5055.7
DQN-energy,DQN,energy,0,100125,1,0,0,656.683,0.58393,4.15,8.922,8.265,79.458,5204.8
DQN-energy,DQN,energy,0,100126,0,1,0,180.341,0.14962,1.3,1.896,8.626,20.905,4957.2
DQN-energy,DQN,energy,0,100127,1,0,0,890.811,0.78155,5.85,11.238,8.644,103.056,5127.1
DQN-energy,DQN,energy,0,100128,1,0,0,793.871,0.69859,5.1,10.091,8.526,93.112,5173.3
DQN-energy,DQN,energy,0,100129,1,0,0,874.673,0.76863,5.7,10.333,9.076,96.37,5142.2
DQN-energy,DQN,energy,0,100130,1,0,0,722.781,0.63584,4.65,9.348,8.1,89.237,5169.8
DQN-energy,DQN,energy,0,100131,0,1,0,148.483,0.12107,1.1,1.344,8.285,17.923,4910.2
DQN-energy,DQN,energy,0,100132,1,0,0,847.379,0.74347,5.45,10.651,8.666,97.779,5171.9
DQN-energy,DQN,energy,0,100133,0,1,0,187.411,0.14969,1.35,1.506,7.926,23.644,4975.0
DQN-energy,DQN,energy,0,100134,0,1,0,447.192,0.3895,2.95,5.45,9.972,44.844,5120.1
DQN-energy,DQN,energy,0,100135,1,0,0,858.315,0.77541,5.3,9.501,7.889,108.804,5248.2
DQN-energy,DQN,energy,0,100136,1,0,0,815.373,0.71517,5.25,11.994,10.838,75.23,5169.1
DQN-energy,DQN,energy,0,100137,0,1,0,426.535,0.35251,3.0,6.757,11.395,37.432,5008.0
DQN-energy,DQN,energy,0,100138,0,1,0,292.797,0.26066,1.95,3.433,8.268,35.415,5089.2
DQN-energy,DQN,energy,0,100139,1,0,0,838.615,0.7246,5.45,9.448,8.537,98.237,5156.3
DQN-energy,DQN,energy,0,100140,0,1,0,153.158,0.12852,1.1,1.407,7.88,19.437,4959.8
DQN-energy,DQN,energy,0,100141,1,0,0,772.706,0.68318,4.9,9.897,8.995,85.904,5199.2
DQN-energy,DQN,energy,0,100142,1,0,0,794.924,0.7058,5.0,9.052,8.179,97.191,5215.6
DQN-energy,DQN,energy,0,100143,0,1,0,383.568,0.33259,2.55,5.298,7.809,49.12,5106.2
DQN-energy,DQN,energy,0,100144,1,0,0,938.424,0.83083,5.9,9.468,7.597,123.523,5216.5
DQN-energy,DQN,energy,0,100145,1,0,0,1578.853,1.40033,10.15,13.962,8.422,187.475,5166.9
DQN-energy,DQN,energy,0,100146,1,0,0,654.472,0.59189,4.05,9.017,8.28,79.046,5243.5
DQN-energy,DQN,energy,0,100147,1,0,0,1078.858,0.94607,7.05,12.077,9.371,115.122,5137.1
DQN-energy,DQN,energy,0,100148,1,0,0,1056.115,0.95808,6.55,10.971,8.724,121.064,5234.9
DQN-energy,DQN,energy,0,100149,1,0,0,827.758,0.72316,5.35,10.817,8.832,93.723,5163.0
DQN-energy,DQN,energy,0,100150,1,0,0,775.187,0.68195,4.9,9.974,9.058,85.583,5209.4
DQN-energy,DQN,energy,0,100151,0,1,0,470.735,0.41576,3.05,5.851,8.246,57.089,5152.3
DQN-energy,DQN,energy,0,100152,1,0,0,805.721,0.71594,5.05,8.779,7.9,101.989,5222.7
DQN-energy,DQN,energy,0,100153,1,0,0,1225.064,1.08254,7.9,12.991,8.949,136.894,5162.2
DQN-energy,DQN,energy,0,100154,1,0,0,706.788,0.60736,4.65,9.092,8.276,85.405,5131.7
DQN-energy,DQN,energy,0,100155,0,1,0,499.705,0.43929,3.2,6.528,8.362,59.761,5180.8
DQN-energy,DQN,energy,0,100156,1,0,0,737.056,0.66536,4.6,8.786,8.31,88.7,5224.8
DQN-energy,DQN,energy,0,100157,1,0,0,867.787,0.76973,5.45,10.964,9.876,87.867,5218.7
DQN-energy,DQN,energy,0,100158,1,0,0,1276.661,1.12868,8.2,13.301,8.77,145.577,5171.3
DQN-energy,DQN,energy,0,100159,0,1,0,333.58,0.28334,2.25,4.226,8.307,40.158,5084.9
DQN-energy,DQN,energy,0,100160,0,1,0,316.948,0.2653,2.2,4.441,8.584,36.922,5031.1
DQN-energy,DQN,energy,0,100161,0,1,0,256.071,0.21723,1.8,3.548,9.016,28.402,4999.6
DQN-energy,DQN,energy,0,100162,1,0,0,975.016,0.8674,6.1,11.507,9.181,106.196,5226.5
DQN-energy,DQN,energy,0,100163,1,0,0,859.618,0.76573,5.5,11.355,9.207,93.362,5175.5
DQN-energy,DQN,energy,0,100164,1,0,0,722.184,0.63185,4.7,9.886,9.548,75.638,5147.0
DQN-energy,DQN,energy,0,100165,1,0,0,979.637,0.8717,6.3,9.964,7.827,125.157,5165.3
DQN-energy,DQN,energy,0,100166,1,0,0,706.821,0.61325,4.65,9.337,8.452,83.625,5128.6
DQN-energy,DQN,energy,0,100167,1,0,0,1425.846,1.26032,9.15,13.525,8.696,163.972,5172.8
DQN-energy,DQN,energy,0,100168,1,0,0,1029.599,0.90457,6.65,11.572,8.828,116.634,5162.4
DQN-energy,DQN,energy,0,100169,1,0,0,891.356,0.79384,5.6,9.838,8.158,109.256,5216.3
DQN-energy,DQN,energy,0,100170,1,0,0,775.392,0.67139,5.1,9.277,7.95,97.536,5129.3
DQN-energy,DQN,energy,0,100171,1,0,0,788.474,0.68524,5.15,9.872,8.252,95.551,5142.3
DQN-energy,DQN,energy,0,100172,0,1,0,264.585,0.22132,1.8,2.474,8.797,30.076,5073.8
DQN-energy,DQN,energy,0,100173,0,1,0,102.018,0.06839,0.9,1.158,9.102,11.209,4658.9
DQN-energy,DQN,energy,0,100174,1,0,0,726.927,0.63718,4.65,9.508,7.649,95.031,5184.2
DQN-energy,DQN,energy,0,100175,0,1,0,322.47,0.27811,2.2,4.381,9.783,32.961,5052.8
DQN-energy,DQN,energy,0,100176,1,0,0,1037.656,0.92544,6.5,10.782,8.567,121.129,5221.8
DQN-energy,DQN,energy,0,100177,1,0,0,744.626,0.67256,4.65,8.921,8.088,92.069,5223.3
DQN-energy,DQN,energy,0,100178,1,0,0,710.32,0.6189,4.6,8.059,7.551,94.076,5160.7
DQN-energy,DQN,energy,0,100179,0,1,0,446.689,0.36709,3.1,6.922,10.152,44.001,5038.8
DQN-energy,DQN,energy,0,100180,1,0,0,802.197,0.7208,5.0,9.264,7.932,101.13,5229.7
DQN-energy,DQN,energy,0,100181,1,0,0,865.101,0.74712,5.65,11.489,8.764,98.706,5146.4
DQN-energy,DQN,energy,0,100182,1,0,0,688.936,0.60674,4.45,9.106,8.323,82.777,5161.1
DQN-energy,DQN,energy,0,100183,1,0,0,806.595,0.71958,5.15,11.135,10.261,78.609,5179.4
DQN-energy,DQN,energy,0,100184,1,0,0,877.387,0.79306,5.45,9.846,8.328,105.349,5234.9
DQN-energy,DQN,energy,0,100185,1,0,0,1005.811,0.88528,6.45,11.139,8.052,124.911,5177.0
DQN-energy,DQN,energy,0,100186,0,1,0,87.649,0.06443,0.7,0.824,8.821,9.936,4808.2
DQN-energy,DQN,energy,0,100187,1,0,0,850.674,0.75071,5.5,10.331,9.124,93.237,5157.5
DQN-energy,DQN,energy,0,100188,1,0,0,842.623,0.75416,5.25,8.331,7.177,117.403,5232.0
DQN-energy,DQN,energy,0,100189,0,1,0,533.653,0.46455,3.5,6.471,7.6,70.215,5131.6
DQN-energy,DQN,energy,0,100190,0,1,0,308.096,0.26302,2.1,3.49,7.866,39.169,5059.6
DQN-energy,DQN,energy,0,100191,1,0,0,792.384,0.71781,4.95,8.714,7.798,101.62,5220.2
DQN-energy,DQN,energy,0,100192,1,0,0,1299.583,1.15562,8.25,11.675,8.535,152.272,5193.3
DQN-energy,DQN,energy,0,100193,1,0,0,732.077,0.6364,4.75,9.176,8.356,87.613,5157.1
DQN-energy,DQN,energy,0,100194,0,1,0,277.223,0.23279,1.95,3.507,10.109,27.425,5000.7
DQN-energy,DQN,energy,0,100195,0,1,0,170.675,0.14154,1.25,1.822,7.92,21.549,4926.7
DQN-energy,DQN,energy,0,100196,1,0,0,816.226,0.71062,5.35,11.077,10.254,79.598,5134.3
DQN-energy,DQN,energy,0,100197,1,0,0,757.814,0.67709,4.75,9.054,7.744,97.864,5219.6
DQN-energy,DQN,energy,0,100198,0,1,0,184.353,0.14059,1.45,2.688,9.256,19.917,4821.8
DQN-energy,DQN,energy,0,100199,1,0,0,1214.178,1.09535,7.5,9.703,7.993,151.913,5247.2
DQN-energy,DQN,energy,1,100000,1,0,0,887.518,0.76148,5.75,11.119,9.237,96.08,5165.4
DQN-energy,DQN,energy,1,100001,0,1,0,363.694,0.31831,2.3,2.801,9.015,40.343,5209.5
DQN-energy,DQN,energy,1,100002,1,0,0,848.74,0.7355,5.5,9.437,7.502,113.139,5160.3
DQN-energy,DQN,energy,1,100003,1,0,0,760.187,0.66402,4.85,9.677,8.219,92.491,5190.7
DQN-energy,DQN,energy,1,100004,0,1,0,572.363,0.51071,3.55,6.574,9.385,60.984,5243.7
DQN-energy,DQN,energy,1,100005,0,1,0,468.385,0.41164,2.95,4.67,8.165,57.362,5216.6
DQN-energy,DQN,energy,1,100006,1,0,0,875.587,0.77858,5.55,9.67,8.278,105.771,5196.6
DQN-energy,DQN,energy,1,100007,1,0,0,806.772,0.71327,5.05,10.493,10.155,79.447,5227.3
DQN-energy,DQN,energy,1,100008,1,0,0,657.353,0.57293,4.25,7.765,7.34,89.559,5162.9
DQN-energy,DQN,energy,1,100009,0,1,0,386.486,0.3321,2.5,3.502,7.79,49.616,5168.4
DQN-energy,DQN,energy,1,100010,1,0,0,689.165,0.59869,4.45,8.199,7.373,93.469,5167.2
DQN-energy,DQN,energy,1,100011,1,0,0,1018.582,0.89483,6.45,9.449,7.931,128.426,5204.3
DQN-energy,DQN,energy,1,100012,1,0,0,743.822,0.66395,4.75,9.992,9.32,79.807,5178.5
DQN-energy,DQN,energy,1,100013,0,1,0,548.456,0.46527,3.7,5.957,7.38,74.316,5084.2
DQN-energy,DQN,energy,1,100014,0,1,0,290.341,0.21815,2.15,3.124,8.825,32.898,4942.8
DQN-energy,DQN,energy,1,100015,1,0,0,899.041,0.77476,5.8,10.899,9.791,91.826,5172.7
DQN-energy,DQN,energy,1,100016,1,0,0,835.666,0.72499,5.35,9.321,8.596,97.221,5186.7
DQN-energy,DQN,energy,1,100017,1,0,0,686.541,0.60285,4.4,8.719,7.793,88.097,5178.5
DQN-energy,DQN,energy,1,100018,1,0,0,1099.155,0.95305,7.15,11.514,9.017,121.898,5152.0
DQN-energy,DQN,energy,1,100019,0,0,1,3101.564,2.71397,20.0,11.431,9.673,320.65,5166.9
DQN-energy,DQN,energy,1,100020,1,0,0,643.978,0.56593,4.1,8.524,7.819,82.362,5192.6
DQN-energy,DQN,energy,1,100021,0,1,0,461.256,0.40754,2.9,4.973,8.23,56.047,5218.0
DQN-energy,DQN,energy,1,100022,1,0,0,969.802,0.84757,6.3,10.283,8.664,111.933,5151.3
DQN-energy,DQN,energy,1,100023,1,0,0,803.218,0.70512,5.05,9.384,8.437,95.201,5220.4
DQN-energy,DQN,energy,1,100024,1,0,0,1002.28,0.86415,6.5,10.92,9.114,109.967,5161.1
DQN-energy,DQN,energy,1,100025,0,1,0,453.506,0.40886,2.9,5.832,9.6,47.238,5170.9
DQN-energy,DQN,energy,1,100026,1,0,0,846.932,0.75299,5.45,9.855,9.501,89.141,5164.1
DQN-energy,DQN,energy,1,100027,0,1,0,358.677,0.30556,2.4,3.709,9.666,37.107,5099.6
DQN-energy,DQN,energy,1,100028,0,1,0,361.439,0.30972,2.35,3.192,7.748,46.647,5158.5
DQN-energy,DQN,energy,1,100029,1,0,0,1011.542,0.91589,6.3,10.759,9.057,111.688,5226.8
DQN-energy,DQN,energy,1,100030,1,0,0,999.806,0.86883,6.4,12.693,9.276,107.786,5186.0
DQN-energy,DQN,energy,1,100031,1,0,0,842.706,0.75321,5.35,8.849,8.038,104.843,5191.0
DQN-energy,DQN,energy,1,100032,1,0,0,712.366,0.61002,4.65,9.194,7.982,89.249,5150.2
DQN-energy,DQN,energy,1,100033,1,0,0,660.026,0.58891,4.2,9.191,8.528,77.398,5186.5
DQN-energy,DQN,energy,1,100034,0,1,0,423.063,0.34764,2.85,4.022,7.85,53.89,5100.9
DQN-energy,DQN,energy,1,100035,1,0,0,1165.149,0.99911,7.6,11.769,8.919,130.632,5151.0
DQN-energy,DQN,energy,1,100036,1,0,0,938.606,0.84993,5.95,11.587,10.5,89.393,5187.5
DQN-energy,DQN,energy,1,100037,1,0,0,705.01,0.60735,4.6,9.382,8.231,85.656,5148.4
DQN-energy,DQN,energy,1,100038,0,1,0,472.31,0.38978,3.2,5.024,9.882,47.796,5087.1
DQN-energy,DQN,energy,1,100039,0,0,1,3107.011,2.71498,20.0,11.737,8.568,362.613,5171.3
DQN-energy,DQN,energy,1,100040,0,1,0,529.008,0.43354,3.65,5.713,10.951,48.307,5051.8
DQN-energy,DQN,energy,1,100041,1,0,0,773.297,0.68864,4.9,8.6,7.696,100.478,5196.7
DQN-energy,DQN,energy,1,100042,1,0,0,895.861,0.78343,5.7,10.175,7.881,113.67,5196.3
DQN-energy,DQN,energy,1,100043,0,1,0,338.175,0.28947,2.2,2.952,7.344,46.045,5157.8
DQN-energy,DQN,energy,1,100044,1,0,0,933.519,0.85129,5.85,11.389,10.63,87.819,5209.6
DQN-energy,DQN,energy,1,100045,0,1,0,355.902,0.3134,2.35,3.812,8.206,43.369,5112.6
DQN-energy,DQN,energy,1,100046,0,1,0,402.152,0.34626,2.6,3.595,7.34,54.793,5168.6
DQN-energy,DQN,energy,1,100047,1,0,0,1155.47,1.01346,7.35,11.879,8.979,128.69,5195.2
DQN-energy,DQN,energy,1,100048,1,0,0,769.583,0.69176,4.85,9.265,8.494,90.602,5204.5
DQN-energy,DQN,energy,1,100049,0,1,0,450.933,0.39088,2.9,4.681,7.661,58.862,5177.0
DQN-energy,DQN,energy,1,100050,1,0,0,858.255,0.7409,5.5,11.102,9.061,94.717,5186.4
DQN-energy,DQN,energy,1,100051,1,0,0,1095.116,0.94168,7.05,12.711,10.669,102.645,5178.5
DQN-energy,DQN,energy,1,100052,0,1,0,406.248,0.35528,2.6,4.261,7.616,53.339,5183.7
DQN-energy,DQN,energy,1,100053,1,0,0,795.506,0.71081,5.1,10.168,9.208,86.396,5169.6
DQN-energy,DQN,energy,1,100054,1,0,0,1063.901,0.94561,6.8,10.89,7.938,134.023,5178.2
DQN-energy,DQN,energy,1,100055,1,0,0,989.163,0.87067,6.35,10.488,8.521,116.082,5173.5
DQN-energy,DQN,energy,1,100056,0,1,0,495.212,0.4317,3.15,5.298,8.489,58.333,5198.5
DQN-energy,DQN,energy,1,100057,1,0,0,802.507,0.70289,5.05,8.884,7.79,103.021,5219.5
DQN-energy,DQN,energy,1,100058,1,0,0,666.38,0.60607,4.1,8.394,7.642,87.202,5252.1
DQN-energy,DQN,energy,1,100059,1,0,0,845.268,0.73147,5.4,9.791,8.522,99.187,5192.0
DQN-energy,DQN,energy,1,100060,0,1,0,652.146,0.55473,4.25,7.183,10.335,63.103,5156.8
DQN-energy,DQN,energy,1,100061,0,1,0,482.782,0.42173,3.15,5.695,8.108,59.544,5141.4
DQN-energy,DQN,energy,1,100062,0,1,0,478.233,0.41739,3.05,5.127,7.732,61.847,5192.2
DQN-energy,DQN,energy,1,100063,0,1,0,474.47,0.42935,2.95,5.329,7.751,61.211,5231.0
DQN-energy,DQN,energy,1,100064,1,0,0,847.459,0.74109,5.35,9.66,8.763,96.709,5213.7
DQN-energy,DQN,energy,1,100065,1,0,0,1514.869,1.33185,9.7,11.947,7.861,192.71,5179.6
DQN-energy,DQN,energy,1,100066,1,0,0,778.001,0.68462,4.9,9.886,9.127,85.245,5216.0
DQN-energy,DQN,energy,1,100067,1,0,0,708.618,0.62563,4.6,9.582,8.907,79.561,5148.2
DQN-energy,DQN,energy,1,100068,1,0,0,913.08,0.79704,5.9,10.004,8.563,106.63,5163.3
DQN-energy,DQN,energy,1,100069,1,0,0,808.613,0.69696,5.2,9.707,9.012,89.722,5179.7
DQN-energy,DQN,energy,1,100070,1,0,0,873.307,0.75303,5.6,10.597,9.473,92.185,5185.9
DQN-energy,DQN,energy,1,100071,0,1,0,401.639,0.34434,2.65,3.807,8.226,48.826,5126.3
DQN-energy,DQN,energy,1,100072,1,0,0,709.549,0.61766,4.65,9.005,7.937,89.393,5133.6
DQN-energy,DQN,energy,1,100073,1,0,0,923.407,0.80659,5.9,9.796,8.545,108.06,5187.6
DQN-energy,DQN,energy,1,100074,1,0,0,941.779,0.83644,6.0,11.137,10.228,92.075,5186.0
DQN-energy,DQN,energy,1,100075,1,0,0,824.876,0.73308,5.25,8.779,8.097,101.877,5188.0
DQN-energy,DQN,energy,1,100076,0,1,0,355.719,0.31158,2.3,4.203,7.909,44.974,5160.5
DQN-energy,DQN,energy,1,100077,0,1,0,81.414,0.05522,0.7,0.853,7.922,10.277,4701.5
DQN-energy,DQN,energy,1,100078,1,0,0,1191.456,1.06836,7.55,11.114,10.244,116.305,5193.2
DQN-energy,DQN,energy,1,100079,0,1,0,490.787,0.40692,3.4,6.976,9.43,52.044,5039.1
DQN-energy,DQN,energy,1,100080,1,0,0,798.988,0.70184,5.2,9.568,8.957,89.198,5145.1
DQN-energy,DQN,energy,1,100081,0,1,0,475.508,0.40681,3.1,5.19,9.618,49.44,5153.4
DQN-energy,DQN,energy,1,100082,1,0,0,837.498,0.73953,5.35,9.577,8.391,99.804,5183.0
DQN-energy,DQN,energy,1,100083,1,0,0,661.102,0.60393,4.05,8.522,7.864,84.064,5259.8
DQN-energy,DQN,energy,1,100084,1,0,0,907.887,0.7951,5.75,10.941,10.165,89.312,5205.9
DQN-energy,DQN,energy,1,100085,1,0,0,784.213,0.68125,5.0,9.331,8.176,95.917,5194.6
DQN-energy,DQN,energy,1,100086,0,1,0,462.097,0.40125,2.95,4.653,7.735,59.743,5192.4
DQN-energy,DQN,energy,1,100087,1,0,0,911.911,0.78543,5.95,10.164,8.731,104.448,5148.0
DQN-energy,DQN,energy,1,100088,0,1,0,398.352,0.35241,2.55,4.782,9.119,43.681,5177.5
DQN-energy,DQN,energy,1,100089,0,1,0,295.571,0.22712,2.15,3.361,9.071,32.584,4970.2
DQN-energy,DQN,energy,1,100090,0,1,0,377.325,0.32866,2.4,3.269,8.879,42.494,5199.0
DQN-energy,DQN,energy,1,100091,0,1,0,511.185,0.45046,3.3,6.242,7.545,67.752,5161.0
DQN-energy,DQN,energy,1,100092,0,1,0,357.947,0.31579,2.3,3.872,8.325,42.997,5170.7
DQN-energy,DQN,energy,1,100093,0,1,0,568.47,0.48198,3.7,6.578,9.047,62.833,5161.0
DQN-energy,DQN,energy,1,100094,0,1,0,431.542,0.37766,2.75,4.644,7.539,57.24,5193.0
DQN-energy,DQN,energy,1,100095,0,1,0,95.266,0.07036,0.75,0.921,7.532,12.648,4832.6
DQN-energy,DQN,energy,1,100096,1,0,0,786.801,0.67486,5.15,10.641,9.195,85.57,5143.4
DQN-energy,DQN,energy,1,100097,0,1,0,496.379,0.43742,3.15,5.865,8.155,60.871,5198.5
DQN-energy,DQN,energy,1,100098,1,0,0,1002.501,0.87398,6.45,9.613,7.811,128.344,5173.4
DQN-energy,DQN,energy,1,100099,1,0,0,998.938,0.87253,6.5,9.797,8.321,120.057,5147.9
DQN-energy,DQN,energy,1,100100,0,1,0,516.322,0.45809,3.25,6.032,7.98,64.705,5213.4
DQN-energy,DQN,energy,1,100101,1,0,0,926.362,0.80854,5.85,10.857,9.617,96.325,5213.9
DQN-energy,DQN,energy,1,100102,1,0,0,1004.894,0.881,6.45,11.856,10.819,92.883,5175.8
DQN-energy,DQN,energy,1,100103,0,1,0,324.646,0.27136,2.3,4.541,9.007,36.045,4990.2
DQN-energy,DQN,energy,1,100104,0,0,1,3146.422,2.84844,20.0,11.18,9.087,346.254,5182.5
DQN-energy,DQN,energy,1,100105,1,0,0,857.892,0.7384,5.5,10.461,9.044,94.853,5186.9
DQN-energy,DQN,energy,1,100106,1,0,0,1049.309,0.93389,6.65,12.049,10.656,98.471,5196.7
DQN-energy,DQN,energy,1,100107,1,0,0,698.863,0.62975,4.4,9.092,8.604,81.225,5205.2
DQN-energy,DQN,energy,1,100108,1,0,0,864.407,0.7606,5.5,9.728,8.316,103.95,5193.4
DQN-energy,DQN,energy,1,100109,0,0,1,3158.109,2.87469,20.0,12.977,10.199,309.656,5187.9
DQN-energy,DQN,energy,1,100110,1,0,0,1068.952,0.92861,6.95,10.926,8.27,129.252,5152.0
DQN-energy,DQN,energy,1,100111,0,0,1,3147.213,2.85601,20.0,12.243,10.062,312.795,5181.8
DQN-energy,DQN,energy,1,100112,0,1,0,481.799,0.42167,3.05,4.786,8.496,56.707,5207.3
DQN-energy,DQN,energy,1,100113,0,1,0,526.17,0.46384,3.35,6.534,7.613,69.118,5191.2
DQN-energy,DQN,energy,1,100114,1,0,0,744.41,0.64374,4.85,9.132,8.18,90.999,5149.8
DQN-energy,DQN,energy,1,100115,0,1,0,181.226,0.14412,1.35,2.599,8.766,20.673,4911.4
DQN-energy,DQN,energy,1,100116,1,0,0,851.777,0.75088,5.4,10.756,9.065,93.961,5199.9
DQN-energy,DQN,energy,1,100117,1,0,0,868.846,0.7571,5.6,10.912,8.733,99.488,5169.8
DQN-energy,DQN,energy,1,100118,0,1,0,299.437,0.27115,1.9,3.803,8.486,35.285,5185.8
DQN-energy,DQN,energy,1,100119,0,1,0,203.016,0.1663,1.4,1.902,7.886,25.745,5053.7
DQN-energy,DQN,energy,1,100120,1,0,0,944.761,0.81844,6.1,9.503,8.456,111.726,5168.5
DQN-energy,DQN,energy,1,100121,1,0,0,765.862,0.65876,5.0,8.782,8.116,94.362,5147.9
DQN-energy,DQN,energy,1,100122,1,0,0,810.847,0.70268,5.2,10.364,8.641,93.833,5183.0
DQN-energy,DQN,energy,1,100123,1,0,0,805.253,0.72383,5.15,10.371,9.053,88.948,5171.6
DQN-energy,DQN,energy,1,100124,1,0,0,1189.958,1.03524,7.7,11.896,9.122,130.45,5161.7
DQN-energy,DQN,energy,1,100125,1,0,0,707.189,0.62422,4.55,8.547,8.265,85.569,5167.6
DQN-energy,DQN,energy,1,100126,0,1,0,396.334,0.33785,2.6,3.488,8.626,45.944,5141.6
DQN-energy,DQN,energy,1,100127,0,1,0,340.171,0.28346,2.35,4.35,8.644,39.354,5043.0
DQN-energy,DQN,energy,1,100128,0,1,0,174.941,0.13819,1.3,2.21,8.526,20.519,4918.5
DQN-energy,DQN,energy,1,100129,0,1,0,336.192,0.26746,2.45,4.952,9.076,37.041,4953.6
DQN-energy,DQN,energy,1,100130,1,0,0,787.829,0.68344,5.15,9.444,8.1,97.268,5141.1
DQN-energy,DQN,energy,1,100131,0,1,0,340.056,0.30189,2.15,2.897,8.285,41.047,5203.3
DQN-energy,DQN,energy,1,100132,0,1,0,653.523,0.5638,4.2,8.294,8.666,75.41,5180.7
DQN-energy,DQN,energy,1,100133,0,1,0,167.815,0.13855,1.2,1.632,7.926,21.172,4976.9
DQN-energy,DQN,energy,1,100134,0,1,0,291.163,0.25369,1.95,4.05,9.972,29.197,5087.9
DQN-energy,DQN,energy,1,100135,0,1,0,454.995,0.40638,2.85,5.736,7.889,57.677,5221.2
DQN-energy,DQN,energy,1,100136,1,0,0,1178.962,1.04169,7.65,12.214,10.838,108.776,5148.7
DQN-energy,DQN,energy,1,100137,1,0,0,1018.976,0.88123,6.6,12.321,11.395,89.423,5162.4
DQN-energy,DQN,energy,1,100138,0,1,0,402.72,0.35852,2.55,5.057,8.268,48.71,5198.6
DQN-energy,DQN,energy,1,100139,0,1,0,467.532,0.40008,3.1,5.918,8.537,54.767,5117.1
DQN-energy,DQN,energy,1,100140,0,1,0,176.46,0.14775,1.2,1.479,7.88,22.394,5073.4
DQN-energy,DQN,energy,1,100141,1,0,0,768.311,0.67894,4.95,9.862,8.995,85.416,5164.1
DQN-energy,DQN,energy,1,100142,1,0,0,624.297,0.56086,3.95,8.359,8.179,76.329,5195.9
DQN-energy,DQN,energy,1,100143,0,1,0,378.98,0.32736,2.5,4.71,7.809,48.532,5123.8
DQN-energy,DQN,energy,1,100144,0,1,0,416.977,0.36672,2.65,4.299,7.597,54.886,5196.3
DQN-energy,DQN,energy,1,100145,1,0,0,841.415,0.75696,5.35,10.524,8.422,99.911,5184.0
DQN-energy,DQN,energy,1,100146,1,0,0,616.866,0.56284,3.8,8.665,8.28,74.504,5247.8
DQN-energy,DQN,energy,1,100147,1,0,0,1002.05,0.85792,6.5,11.496,9.371,106.926,5164.0
DQN-energy,DQN,energy,1,100148,1,0,0,792.318,0.70629,4.9,9.546,8.724,90.825,5250.3
DQN-energy,DQN,energy,1,100149,0,0,1,3090.031,2.67407,20.0,11.299,8.832,349.869,5164.3
DQN-energy,DQN,energy,1,100150,1,0,0,685.784,0.61837,4.35,9.596,9.058,75.712,5188.5
DQN-energy,DQN,energy,1,100151,0,1,0,463.438,0.39831,3.0,4.537,8.246,56.204,5166.7
DQN-energy,DQN,energy,1,100152,1,0,0,891.423,0.79175,5.7,8.518,7.9,112.838,5177.9
DQN-energy,DQN,energy,1,100153,1,0,0,913.993,0.78932,5.85,10.772,8.949,102.134,5189.0
DQN-energy,DQN,energy,1,100154,0,1,0,489.388,0.41436,3.25,6.413,8.276,59.135,5118.4
DQN-energy,DQN,energy,1,100155,1,0,0,748.581,0.6661,4.75,9.221,8.362,89.525,5194.1
DQN-energy,DQN,energy,1,100156,0,1,0,265.85,0.23424,1.75,3.055,8.31,31.993,5119.4
DQN-energy,DQN,energy,1,100157,1,0,0,1154.853,1.03681,7.35,11.7,9.876,116.934,5183.2
DQN-energy,DQN,energy,1,100158,1,0,0,1104.28,0.96231,7.1,10.444,8.77,125.921,5175.0
DQN-energy,DQN,energy,1,100159,0,1,0,376.73,0.32769,2.45,4.38,8.307,45.352,5151.2
DQN-energy,DQN,energy,1,100160,1,0,0,798.733,0.6795,5.2,9.615,8.584,93.047,5158.7
DQN-energy,DQN,energy,1,100161,0,1,0,538.077,0.45764,3.5,5.734,9.016,59.681,5160.9
DQN-energy,DQN,energy,1,100162,1,0,0,630.115,0.56927,3.95,9.891,9.181,68.63,5213.7
DQN-energy,DQN,energy,1,100163,1,0,0,887.348,0.76195,5.7,10.629,9.207,96.374,5183.6
DQN-energy,DQN,energy,1,100164,1,0,0,862.021,0.76033,5.6,10.21,9.548,90.284,5146.8
DQN-energy,DQN,energy,1,100165,1,0,0,1068.4,0.93959,6.85,9.048,7.827,136.498,5176.9
DQN-energy,DQN,energy,1,100166,0,1,0,391.924,0.3354,2.6,5.165,8.452,46.369,5116.0
DQN-energy,DQN,energy,1,100167,0,1,0,563.867,0.46346,3.75,4.187,8.696,64.844,5128.0
DQN-energy,DQN,energy,1,100168,0,1,0,423.729,0.37017,2.75,6.029,8.828,48.0,5153.7
DQN-energy,DQN,energy,1,100169,1,0,0,721.66,0.64308,4.6,9.05,8.158,88.456,5183.2
DQN-energy,DQN,energy,1,100170,0,1,0,490.634,0.40562,3.3,5.661,7.95,61.716,5101.7
DQN-energy,DQN,energy,1,100171,1,0,0,855.546,0.72154,5.65,9.193,8.252,103.679,5131.7
DQN-energy,DQN,energy,1,100172,0,1,0,184.479,0.15955,1.25,2.082,8.797,20.97,5067.7
DQN-energy,DQN,energy,1,100173,1,0,0,1046.421,0.91463,6.65,11.947,9.102,114.969,5199.3
DQN-energy,DQN,energy,1,100174,1,0,0,751.167,0.65238,4.8,8.832,7.649,98.2,5190.0
DQN-energy,DQN,energy,1,100175,1,0,0,937.475,0.80679,6.05,10.745,9.783,95.823,5172.4
DQN-energy,DQN,energy,1,100176,0,1,0,477.745,0.43283,2.95,5.374,8.567,55.769,5246.4
DQN-energy,DQN,energy,1,100177,0,0,1,3109.156,2.718,20.0,10.15,8.088,384.428,5172.6
DQN-energy,DQN,energy,1,100178,1,0,0,720.397,0.62286,4.7,8.519,7.551,95.41,5146.7
DQN-energy,DQN,energy,1,100179,0,1,0,658.798,0.55069,4.35,7.441,10.152,64.895,5136.3
DQN-energy,DQN,energy,1,100180,0,1,0,510.034,0.44769,3.25,6.131,7.932,64.298,5191.4
DQN-energy,DQN,energy,1,100181,0,1,0,381.009,0.33738,2.45,5.557,8.764,43.472,5167.3
DQN-energy,DQN,energy,1,100182,1,0,0,729.257,0.6248,4.8,9.04,8.323,87.621,5131.8
DQN-energy,DQN,energy,1,100183,1,0,0,1010.224,0.89743,6.5,11.223,10.261,98.455,5164.3
DQN-energy,DQN,energy,1,100184,1,0,0,666.189,0.61049,4.1,8.987,8.328,79.991,5247.7
DQN-energy,DQN,energy,1,100185,0,1,0,538.27,0.47371,3.45,6.04,8.052,66.848,5177.4
DQN-energy,DQN,energy,1,100186,0,1,0,81.414,0.05522,0.7,0.82,8.821,9.229,4701.5
DQN-energy,DQN,energy,1,100187,1,0,0,862.592,0.76245,5.6,9.727,9.124,94.543,5147.5
DQN-energy,DQN,energy,1,100188,1,0,0,734.827,0.65134,4.65,8.042,7.177,102.383,5201.7
DQN-energy,DQN,energy,1,100189,1,0,0,782.143,0.6999,4.9,9.05,7.6,102.91,5219.7
DQN-energy,DQN,energy,1,100190,0,1,0,334.237,0.29348,2.15,3.477,7.866,42.492,5170.6
DQN-energy,DQN,energy,1,100191,0,1,0,306.938,0.26696,2.0,3.178,7.798,39.364,5147.1
DQN-energy,DQN,energy,1,100192,1,0,0,789.795,0.70713,4.9,9.265,8.535,92.54,5241.2
DQN-energy,DQN,energy,1,100193,0,1,0,156.083,0.11593,1.2,1.939,8.356,18.68,4875.1
DQN-energy,DQN,energy,1,100194,0,1,0,572.713,0.49772,3.65,5.949,10.109,56.656,5195.4
DQN-energy,DQN,energy,1,100195,1,0,0,796.722,0.69129,5.15,8.348,7.92,100.59,5165.3
DQN-energy,DQN,energy,1,100196,1,0,0,1042.317,0.91387,6.8,11.761,10.254,101.646,5140.5
DQN-energy,DQN,energy,1,100197,1,0,0,698.33,0.63562,4.3,8.746,7.744,90.183,5249.9
DQN-energy,DQN,energy,1,100198,0,1,0,290.6,0.22135,2.1,2.632,9.256,31.396,4986.4
DQN-energy,DQN,energy,1,100199,1,0,0,649.164,0.60223,3.95,8.237,7.993,81.221,5266.9
DQN-energy,DQN,energy,2,100000,1,0,0,850.369,0.73153,5.65,9.866,9.237,92.059,5109.1
DQN-energy,DQN,energy,2,100001,1,0,0,868.918,0.77776,5.6,11.42,9.015,96.386,5156.8
DQN-energy,DQN,energy,2,100002,0,1,0,484.816,0.43199,3.1,6.069,7.502,64.627,5175.8
DQN-energy,DQN,energy,2,100003,1,0,0,891.493,0.78208,5.75,10.276,8.219,108.467,5164.4
DQN-energy,DQN,energy,2,100004,0,1,0,304.481,0.27025,1.85,3.677,9.385,32.442,5292.5
DQN-energy,DQN,energy,2,100005,0,1,0,548.217,0.49482,3.35,6.906,8.165,67.139,5271.6
DQN-energy,DQN,energy,2,100006,1,0,0,789.232,0.71281,4.95,8.947,8.278,95.339,5211.8
DQN-energy,DQN,energy,2,100007,0,1,0,274.299,0.25492,1.6,2.759,10.155,27.012,5363.6
DQN-energy,DQN,energy,2,100008,1,0,0,1063.52,0.93734,6.95,9.518,7.34,144.897,5134.5
DQN-energy,DQN,energy,2,100009,0,1,0,388.641,0.34115,2.5,2.8,7.79,49.893,5169.8
DQN-energy,DQN,energy,2,100010,0,1,0,344.434,0.29443,2.25,4.122,7.373,46.714,5149.0
DQN-energy,DQN,energy,2,100011,0,1,0,316.125,0.27615,2.0,2.732,7.931,39.858,5208.7
DQN-energy,DQN,energy,2,100012,1,0,0,1238.723,1.10361,8.1,12.318,9.32,132.907,5127.5
DQN-energy,DQN,energy,2,100013,1,0,0,721.749,0.64075,4.55,8.745,7.38,97.798,5209.6
DQN-energy,DQN,energy,2,100014,1,0,0,828.13,0.71239,5.5,10.473,8.825,93.835,5110.2
DQN-energy,DQN,energy,2,100015,1,0,0,1046.65,0.9193,6.8,12.913,9.791,106.902,5148.0
DQN-energy,DQN,energy,2,100016,1,0,0,1000.8,0.90028,6.45,11.295,8.596,116.432,5154.6
DQN-energy,DQN,energy,2,100017,0,1,0,511.196,0.45044,3.3,5.395,7.793,65.597,5160.6
DQN-energy,DQN,energy,2,100018,1,0,0,1160.645,1.00555,7.55,11.514,9.017,128.717,5152.0
DQN-energy,DQN,energy,2,100019,1,0,0,1366.048,1.22798,8.75,12.777,9.673,141.226,5167.7
DQN-energy,DQN,energy,2,100020,1,0,0,1126.112,1.00184,7.3,11.353,7.819,144.025,5146.8
DQN-energy,DQN,energy,2,100021,1,0,0,782.037,0.70312,4.9,9.238,8.23,95.025,5216.6
DQN-energy,DQN,energy,2,100022,0,1,0,460.831,0.39804,3.0,6.328,8.664,53.188,5151.5
DQN-energy,DQN,energy,2,100023,1,0,0,653.999,0.59514,4.0,8.607,8.437,77.515,5264.9
DQN-energy,DQN,energy,2,100024,1,0,0,1027.74,0.90818,6.65,11.723,9.114,112.761,5154.2
DQN-energy,DQN,energy,2,100025,1,0,0,1150.588,1.03553,7.25,12.483,9.6,119.847,5203.1
DQN-energy,DQN,energy,2,100026,1,0,0,1404.33,1.25638,9.1,12.95,9.501,147.807,5144.7
DQN-energy,DQN,energy,2,100027,1,0,0,1513.288,1.35065,9.8,13.976,9.666,156.559,5147.4
DQN-energy,DQN,energy,2,100028,0,1,0,741.336,0.65966,4.75,4.809,7.748,95.677,5171.7
DQN-energy,DQN,energy,2,100029,1,0,0,909.612,0.83868,5.5,10.959,9.057,100.433,5284.8
DQN-energy,DQN,energy,2,100030,1,0,0,708.459,0.60388,4.75,9.7,9.276,76.377,5094.1
DQN-energy,DQN,energy,2,100031,1,0,0,855.733,0.75683,5.45,10.162,8.038,106.464,5188.3
DQN-energy,DQN,energy,2,100032,1,0,0,769.456,0.67004,5.1,9.211,7.982,96.401,5109.1
DQN-energy,DQN,energy,2,100033,1,0,0,1447.314,1.29737,9.3,13.105,8.528,169.72,5162.1
DQN-energy,DQN,energy,2,100034,0,1,0,495.918,0.44919,3.1,5.643,7.85,63.171,5218.0
DQN-energy,DQN,energy,2,100035,1,0,0,863.533,0.74768,5.65,10.919,8.919,96.816,5139.8
DQN-energy,DQN,energy,2,100036,1,0,0,1731.003,1.55501,11.1,13.523,10.5,164.86,5165.4
DQN-energy,DQN,energy,2,100037,0,1,0,409.726,0.34812,2.7,5.925,8.231,49.78,5132.5
DQN-energy,DQN,energy,2,100038,0,1,0,431.546,0.36136,2.85,6.188,9.882,43.671,5134.2
DQN-energy,DQN,energy,2,100039,0,1,0,347.211,0.29378,2.3,3.546,8.568,40.522,5123.2
DQN-energy,DQN,energy,2,100040,0,1,0,417.662,0.37003,2.7,4.401,10.951,38.139,5154.5
DQN-energy,DQN,energy,2,100041,0,1,0,404.831,0.36398,2.5,4.391,7.696,52.602,5249.6
DQN-energy,DQN,energy,2,100042,0,1,0,346.498,0.30096,2.2,3.868,7.881,43.965,5203.6
DQN-energy,DQN,energy,2,100043,0,1,0,504.742,0.43716,3.25,3.215,7.344,68.724,5174.3
DQN-energy,DQN,energy,2,100044,1,0,0,1467.201,1.32262,9.3,13.011,10.63,138.025,5189.2
DQN-energy,DQN,energy,2,100045,0,1,0,346.962,0.31569,2.1,3.481,8.206,42.28,5289.7
DQN-energy,DQN,energy,2,100046,0,1,0,1169.419,1.04819,7.6,3.895,7.34,159.332,5137.5
DQN-energy,DQN,energy,2,100047,1,0,0,781.387,0.70362,4.9,9.784,8.979,87.027,5213.7
DQN-energy,DQN,energy,2,100048,1,0,0,912.408,0.80825,5.85,11.191,8.494,107.417,5172.5
DQN-energy,DQN,energy,2,100049,0,1,0,379.2,0.33866,2.35,4.23,7.661,49.498,5244.9
DQN-energy,DQN,energy,2,100050,0,1,0,286.965,0.25524,1.75,3.115,9.061,31.67,5282.3
DQN-energy,DQN,energy,2,100051,1,0,0,803.382,0.69501,5.25,11.98,10.669,75.301,5142.5
DQN-energy,DQN,energy,2,100052,1,0,0,712.515,0.64389,4.45,8.895,7.616,93.551,5221.1
DQN-energy,DQN,energy,2,100053,1,0,0,1683.091,1.50305,10.9,13.781,9.208,182.793,5146.9
DQN-energy,DQN,energy,2,100054,1,0,0,864.966,0.76208,5.6,10.45,7.938,108.963,5154.4
DQN-energy,DQN,energy,2,100055,1,0,0,920.083,0.80571,5.95,11.352,8.521,107.975,5159.5
DQN-energy,DQN,energy,2,100056,1,0,0,653.782,0.59984,3.95,8.78,8.489,77.012,5289.0
DQN-energy,DQN,energy,2,100057,0,1,0,367.506,0.31548,2.35,4.104,7.79,47.178,5193.2
DQN-energy,DQN,energy,2,100058,0,1,0,335.357,0.31178,2.05,3.251,7.642,43.885,5255.6
DQN-energy,DQN,energy,2,100059,0,1,0,261.736,0.23858,1.6,2.373,8.522,30.713,5264.9
DQN-energy,DQN,energy,2,100060,1,0,0,848.07,0.73004,5.6,11.121,10.335,82.061,5122.2
DQN-energy,DQN,energy,2,100061,1,0,0,921.841,0.80826,6.0,10.091,8.108,113.695,5145.1
DQN-energy,DQN,energy,2,100062,0,1,0,325.682,0.28851,2.05,3.332,7.732,42.119,5213.9
DQN-energy,DQN,energy,2,100063,1,0,0,769.518,0.68314,4.9,9.513,7.751,99.275,5186.6
DQN-energy,DQN,energy,2,100064,1,0,0,736.36,0.63813,4.85,9.825,8.763,84.031,5124.0
DQN-energy,DQN,energy,2,100065,1,0,0,798.242,0.70192,5.15,9.741,7.861,101.546,5162.8
DQN-energy,DQN,energy,2,100066,1,0,0,808.404,0.7071,5.3,10.755,9.127,88.577,5130.2
DQN-energy,DQN,energy,2,100067,1,0,0,1289.187,1.13908,8.4,12.072,8.907,144.745,5139.5
DQN-energy,DQN,energy,2,100068,1,0,0,1124.381,1.00353,7.3,11.68,8.563,131.306,5141.9
DQN-energy,DQN,energy,2,100069,1,0,0,954.848,0.83532,6.25,11.657,9.012,105.948,5133.6
DQN-energy,DQN,energy,2,100070,1,0,0,796.494,0.68474,5.25,10.597,9.473,84.077,5126.2
DQN-energy,DQN,energy,2,100071,1,0,0,788.769,0.69811,5.1,10.373,8.226,95.888,5155.2
DQN-energy,DQN,energy,2,100072,0,0,1,3084.887,2.78413,20.0,1.752,7.937,388.651,5138.8
DQN-energy,DQN,energy,2,100073,1,0,0,982.786,0.84999,6.45,9.851,8.545,115.009,5132.8
DQN-energy,DQN,energy,2,100074,1,0,0,1061.391,0.93282,6.9,13.057,10.228,103.769,5146.4
DQN-energy,DQN,energy,2,100075,1,0,0,783.872,0.69672,5.0,9.802,8.097,96.813,5182.8
DQN-energy,DQN,energy,2,100076,1,0,0,921.478,0.8287,5.85,9.354,7.909,116.504,5188.0
DQN-energy,DQN,energy,2,100077,1,0,0,944.91,0.82769,6.2,10.963,7.922,119.28,5128.0
DQN-energy,DQN,energy,2,100078,1,0,0,1631.237,1.46672,10.4,13.099,10.244,159.235,5177.4
DQN-energy,DQN,energy,2,100079,1,0,0,1663.024,1.48113,10.8,13.745,9.43,176.349,5142.1
DQN-energy,DQN,energy,2,100080,1,0,0,1348.051,1.19274,8.75,13.462,8.957,150.495,5146.3
DQN-energy,DQN,energy,2,100081,1,0,0,949.272,0.84494,6.15,11.366,9.618,98.699,5148.2
DQN-energy,DQN,energy,2,100082,0,1,0,676.208,0.62167,4.15,6.794,8.391,80.583,5252.3
DQN-energy,DQN,energy,2,100083,0,1,0,337.826,0.29759,2.15,2.78,7.864,42.957,5191.7
DQN-energy,DQN,energy,2,100084,1,0,0,859.156,0.75281,5.6,11.7,10.165,84.518,5141.9
DQN-energy,DQN,energy,2,100085,0,1,0,464.625,0.40422,3.0,4.538,8.176,56.828,5166.1
DQN-energy,DQN,energy,2,100086,1,0,0,880.664,0.78425,5.7,10.751,7.735,113.857,5150.3
DQN-energy,DQN,energy,2,100087,1,0,0,869.973,0.7556,5.7,11.67,8.731,99.644,5135.2
DQN-energy,DQN,energy,2,100088,1,0,0,1217.697,1.10227,7.75,12.046,9.119,133.527,5178.2
DQN-energy,DQN,energy,2,100089,0,1,0,267.934,0.24794,1.6,2.392,9.071,29.537,5310.8
DQN-energy,DQN,energy,2,100090,1,0,0,851.612,0.74779,5.5,9.813,8.879,95.909,5160.7
DQN-energy,DQN,energy,2,100091,1,0,0,865.98,0.75984,5.7,9.432,7.545,114.776,5121.0
DQN-energy,DQN,energy,2,100092,1,0,0,887.19,0.78602,5.65,10.233,8.325,106.571,5187.4
DQN-energy,DQN,energy,2,100093,1,0,0,744.026,0.6415,4.9,9.835,9.047,82.237,5126.9
DQN-energy,DQN,energy,2,100094,1,0,0,888.611,0.77239,5.8,9.649,7.539,117.865,5143.5
DQN-energy,DQN,energy,2,100095,0,1,0,93.231,0.06654,0.75,0.922,7.532,12.378,4803.7
DQN-energy,DQN,energy,2,100096,1,0,0,941.338,0.81736,6.2,10.87,9.195,102.378,5123.8
DQN-energy,DQN,energy,2,100097,1,0,0,897.802,0.78548,5.8,10.645,8.155,110.097,5162.0
DQN-energy,DQN,energy,2,100098,1,0,0,1136.876,0.98819,7.45,10.851,7.811,145.547,5134.5
DQN-energy,DQN,energy,2,100099,1,0,0,835.668,0.70965,5.5,10.67,8.321,100.435,5135.4
DQN-energy,DQN,energy,2,100100,0,1,0,322.645,0.26232,2.2,3.736,7.98,40.433,5078.5
DQN-energy,DQN,energy,2,100101,1,0,0,743.817,0.64676,4.85,10.528,9.617,77.343,5144.1
DQN-energy,DQN,energy,2,100102,1,0,0,1208.914,1.05505,7.85,13.517,10.819,111.74,5152.2
DQN-energy,DQN,energy,2,100103,0,1,0,440.173,0.37308,2.95,4.734,9.007,48.872,5097.2
DQN-energy,DQN,energy,2,100104,1,0,0,1518.532,1.35719,9.7,12.928,9.087,167.11,5176.3
DQN-energy,DQN,energy,2,100105,1,0,0,703.404,0.60432,4.65,9.738,9.044,77.772,5120.2
DQN-energy,DQN,energy,2,100106,1,0,0,871.908,0.7862,5.4,11.325,10.656,81.823,5241.3
DQN-energy,DQN,energy,2,100107,1,0,0,878.761,0.78162,5.6,9.725,8.604,102.134,5184.3
DQN-energy,DQN,energy,2,100108,1,0,0,834.053,0.74628,5.3,9.537,8.316,100.3,5187.5
DQN-energy,DQN,energy,2,100109,1,0,0,1430.144,1.28607,9.1,13.167,10.199,140.227,5181.8
DQN-energy,DQN,energy,2,100110,0,1,0,424.916,0.36389,2.8,3.239,8.27,51.378,5128.9
DQN-energy,DQN,energy,2,100111,1,0,0,1711.006,1.52986,10.95,13.661,10.062,170.054,5171.9
DQN-energy,DQN,energy,2,100112,0,1,0,516.254,0.47265,3.1,7.026,8.496,60.763,5304.1
DQN-energy,DQN,energy,2,100113,1,0,0,836.848,0.74208,5.35,9.461,7.613,109.929,5179.1
DQN-energy,DQN,energy,2,100114,1,0,0,796.652,0.69044,5.2,10.121,8.18,97.386,5144.3
DQN-energy,DQN,energy,2,100115,1,0,0,1463.165,1.30563,9.5,13.576,8.766,166.911,5141.8
DQN-energy,DQN,energy,2,100116,1,0,0,855.63,0.76447,5.45,10.658,9.065,94.386,5183.4
DQN-energy,DQN,energy,2,100117,1,0,0,975.024,0.86207,6.35,11.142,8.733,111.646,5140.1
DQN-energy,DQN,energy,2,100118,1,0,0,1023.456,0.92897,6.5,10.824,8.486,120.603,5181.8
DQN-energy,DQN,energy,2,100119,1,0,0,916.756,0.82223,5.8,10.196,7.886,116.257,5195.9
DQN-energy,DQN,energy,2,100120,1,0,0,830.698,0.72815,5.4,9.966,8.456,98.237,5147.6
DQN-energy,DQN,energy,2,100121,0,1,0,447.537,0.38435,2.9,5.869,8.116,55.141,5164.1
DQN-energy,DQN,energy,2,100122,0,1,0,244.348,0.22333,1.45,2.274,8.641,28.277,5331.7
DQN-energy,DQN,energy,2,100123,1,0,0,1844.273,1.64614,11.9,14.003,9.053,203.718,5155.5
DQN-energy,DQN,energy,2,100124,1,0,0,900.189,0.80415,5.85,10.667,9.122,98.684,5140.2
DQN-energy,DQN,energy,2,100125,1,0,0,811.723,0.71196,5.2,10.061,8.265,98.217,5179.5
DQN-energy,DQN,energy,2,100126,1,0,0,752.544,0.65768,4.95,9.731,8.626,87.236,5123.4
DQN-energy,DQN,energy,2,100127,1,0,0,1355.135,1.19965,8.85,13.182,8.644,156.773,5133.1
DQN-energy,DQN,energy,2,100128,1,0,0,1471.018,1.30711,9.5,13.558,8.526,172.534,5155.8
DQN-energy,DQN,energy,2,100129,1,0,0,1300.274,1.16073,8.45,12.528,9.076,143.261,5140.0
DQN-energy,DQN,energy,2,100130,1,0,0,969.137,0.84982,6.35,10.091,8.1,119.654,5131.1
DQN-energy,DQN,energy,2,100131,1,0,0,920.999,0.81432,5.85,10.114,8.285,111.171,5194.4
DQN-energy,DQN,energy,2,100132,1,0,0,829.633,0.72354,5.45,10.514,8.666,95.731,5127.4
DQN-energy,DQN,energy,2,100133,1,0,0,1227.871,1.08889,7.9,12.289,7.926,154.91,5164.8
DQN-energy,DQN,energy,2,100134,1,0,0,1474.31,1.32125,9.55,13.994,9.972,147.842,5145.0
DQN-energy,DQN,energy,2,100135,1,0,0,641.53,0.58926,3.9,8.944,7.889,81.323,5274.2
DQN-energy,DQN,energy,2,100136,1,0,0,1350.976,1.2016,8.85,13.731,10.838,124.647,5124.4
DQN-energy,DQN,energy,2,100137,1,0,0,1226.344,1.06538,8.0,13.382,11.395,107.621,5144.3
DQN-energy,DQN,energy,2,100138,1,0,0,944.741,0.83045,6.05,10.761,8.268,114.269,5178.7
DQN-energy,DQN,energy,2,100139,1,0,0,1295.649,1.14687,8.4,13.174,8.537,151.774,5148.6
DQN-energy,DQN,energy,2,100140,0,1,0,481.953,0.42366,3.1,4.345,7.88,61.164,5169.3
DQN-energy,DQN,energy,2,100141,1,0,0,1623.115,1.44609,10.5,13.139,8.995,180.447,5150.2
DQN-energy,DQN,energy,2,100142,0,1,0,397.502,0.34699,2.55,4.125,8.179,48.6,5178.9
DQN-energy,DQN,energy,2,100143,1,0,0,1039.714,0.92312,6.75,11.341,7.809,133.147,5144.6
DQN-energy,DQN,energy,2,100144,1,0,0,764.681,0.67168,5.0,9.649,7.597,100.653,5134.6
DQN-energy,DQN,energy,2,100145,0,1,0,414.208,0.36129,2.7,4.847,8.422,49.184,5144.5
DQN-energy,DQN,energy,2,100146,0,1,0,192.903,0.15003,1.4,2.265,8.28,23.299,4969.7
DQN-energy,DQN,energy,2,100147,1,0,0,979.78,0.85638,6.4,11.782,9.371,104.55,5138.7
DQN-energy,DQN,energy,2,100148,1,0,0,644.32,0.59368,3.9,8.967,8.724,73.86,5282.7
DQN-energy,DQN,energy,2,100149,1,0,0,1116.3,0.99033,7.25,11.302,8.832,126.393,5144.8
DQN-energy,DQN,energy,2,100150,1,0,0,1353.771,1.21411,8.7,12.725,9.058,149.46,5161.5
DQN-energy,DQN,energy,2,100151,1,0,0,644.307,0.55651,4.25,8.926,8.246,78.139,5122.4
DQN-energy,DQN,energy,2,100152,1,0,0,860.167,0.7474,5.6,10.55,7.9,108.881,5148.6
DQN-energy,DQN,energy,2,100153,1,0,0,732.049,0.63528,4.8,9.458,8.949,81.802,5133.1
DQN-energy,DQN,energy,2,100154,1,0,0,1141.127,0.99668,7.45,11.902,8.276,137.888,5140.2
DQN-energy,DQN,energy,2,100155,1,0,0,1106.06,0.99179,7.1,11.358,8.362,132.277,5164.2
DQN-energy,DQN,energy,2,100156,1,0,0,1220.406,1.10024,7.8,11.951,8.31,146.868,5171.3
DQN-energy,DQN,energy,2,100157,1,0,0,1459.664,1.31395,9.4,13.145,9.876,147.797,5155.1
DQN-energy,DQN,energy,2,100158,1,0,0,883.943,0.76834,5.8,10.67,8.77,100.796,5132.0
DQN-energy,DQN,energy,2,100159,1,0,0,973.121,0.85818,6.3,10.903,8.307,117.149,5153.8
DQN-energy,DQN,energy,2,100160,0,1,0,382.834,0.34525,2.45,4.348,8.584,44.597,5168.8
DQN-energy,DQN,energy,2,100161,0,1,0,431.053,0.38324,2.7,4.918,9.016,47.81,5223.5
DQN-energy,DQN,energy,2,100162,1,0,0,1349.624,1.2034,8.65,12.609,9.181,146.997,5170.4
DQN-energy,DQN,energy,2,100163,0,1,0,436.517,0.39216,2.7,4.868,9.207,47.41,5245.2
DQN-energy,DQN,energy,2,100164,1,0,0,1467.584,1.31388,9.5,13.27,9.548,153.707,5147.1
DQN-energy,DQN,energy,2,100165,0,1,0,391.173,0.3507,2.4,4.528,7.827,49.976,5265.7
DQN-energy,DQN,energy,2,100166,1,0,0,772.445,0.69028,4.95,9.653,8.452,91.389,5170.0
DQN-energy,DQN,energy,2,100167,1,0,0,875.392,0.77859,5.55,9.912,8.696,100.67,5195.2
DQN-energy,DQN,energy,2,100168,0,1,0,337.443,0.29217,2.2,3.935,8.828,38.226,5147.1
DQN-energy,DQN,energy,2,100169,1,0,0,762.17,0.67336,4.95,10.032,8.158,93.421,5146.3
DQN-energy,DQN,energy,2,100170,1,0,0,994.155,0.87563,6.5,10.502,7.95,125.054,5133.6
DQN-energy,DQN,energy,2,100171,1,0,0,1180.369,1.02549,7.75,10.564,8.252,143.042,5130.7
DQN-energy,DQN,energy,2,100172,1,0,0,1173.781,1.05378,7.55,12.574,8.797,133.427,5159.3
DQN-energy,DQN,energy,2,100173,0,1,0,298.584,0.26693,1.85,3.078,9.102,32.805,5244.8
DQN-energy,DQN,energy,2,100174,0,1,0,388.065,0.334,2.5,4.518,7.649,50.732,5175.7
DQN-energy,DQN,energy,2,100175,1,0,0,797.08,0.70118,5.15,11.079,9.783,81.472,5159.3
DQN-energy,DQN,energy,2,100176,0,1,0,425.521,0.37428,2.7,4.988,8.567,49.672,5199.6
DQN-energy,DQN,energy,2,100177,1,0,0,867.866,0.78169,5.5,9.733,8.088,107.306,5190.3
DQN-energy,DQN,energy,2,100178,1,0,0,1331.124,1.18636,8.6,10.335,7.551,176.296,5153.5
DQN-energy,DQN,energy,2,100179,1,0,0,960.245,0.82836,6.3,11.789,10.152,94.59,5135.2
DQN-energy,DQN,energy,2,100180,0,1,0,559.006,0.50049,3.5,6.196,7.932,70.472,5220.2
DQN-energy,DQN,energy,2,100181,1,0,0,1298.28,1.1618,8.4,12.43,8.764,148.131,5147.9
DQN-energy,DQN,energy,2,100182,1,0,0,1220.388,1.08429,7.95,10.908,8.323,146.631,5137.7
DQN-energy,DQN,energy,2,100183,1,0,0,1628.841,1.45491,10.55,13.995,10.261,158.744,5146.5
DQN-energy,DQN,energy,2,100184,1,0,0,1123.144,1.01588,7.2,11.387,8.328,134.858,5162.8
DQN-energy,DQN,energy,2,100185,0,1,0,672.253,0.61629,4.1,7.324,8.052,83.487,5267.8
DQN-energy,DQN,energy,2,100186,0,1,0,84.98,0.05951,0.7,0.819,8.821,9.634,4767.3
DQN-energy,DQN,energy,2,100187,1,0,0,1350.541,1.20044,8.75,13.075,9.124,148.024,5148.3
DQN-energy,DQN,energy,2,100188,0,1,0,406.939,0.3599,2.55,3.99,7.177,56.699,5224.9
DQN-energy,DQN,energy,2,100189,1,0,0,1064.385,0.94629,6.75,11.214,7.6,140.046,5195.1
DQN-energy,DQN,energy,2,100190,0,1,0,223.385,0.17812,1.55,2.242,7.866,28.399,5050.1
DQN-energy,DQN,energy,2,100191,0,1,0,525.213,0.48325,3.2,5.963,7.798,67.357,5268.2
DQN-energy,DQN,energy,2,100192,0,1,0,342.432,0.30235,2.15,3.731,8.535,40.123,5220.7
DQN-energy,DQN,energy,2,100193,1,0,0,1101.834,0.96209,7.15,11.508,8.356,131.864,5153.5
DQN-energy,DQN,energy,2,100194,0,1,0,269.304,0.23725,1.7,2.639,10.109,26.641,5209.4
DQN-energy,DQN,energy,2,100195,1,0,0,1186.316,1.03144,7.65,12.289,7.92,149.778,5169.2
DQN-energy,DQN,energy,2,100196,1,0,0,1653.224,1.45817,10.8,14.451,10.254,161.222,5134.2
DQN-energy,DQN,energy,2,100197,1,0,0,792.795,0.69993,5.15,9.478,7.744,102.382,5146.4
DQN-energy,DQN,energy,2,100198,1,0,0,722.459,0.63016,4.7,9.75,9.256,78.053,5147.9
DQN-energy,DQN,energy,2,100199,1,0,0,1006.176,0.9066,6.3,9.86,7.993,125.889,5216.6
DQN-energy,DQN,energy,3,100000,1,0,0,797.246,0.69724,5.25,10.678,9.237,86.308,5120.7
DQN-energy,DQN,energy,3,100001,1,0,0,1624.413,1.4097,10.45,15.219,9.015,180.191,5174.5
DQN-energy,DQN,energy,3,100002,1,0,0,886.198,0.77973,5.75,9.308,7.502,118.133,5148.9
DQN-energy,DQN,energy,3,100003,1,0,0,1004.867,0.87133,6.55,9.938,8.219,122.261,5145.9
DQN-energy,DQN,energy,3,100004,0,0,1,3094.301,2.71494,20.0,12.331,9.385,329.69,5158.5
DQN-energy,DQN,energy,3,100005,0,1,0,346.099,0.31207,2.2,3.13,8.165,42.386,5181.8
DQN-energy,DQN,energy,3,100006,0,0,1,3105.973,2.70022,20.0,11.79,8.278,375.201,5171.3
DQN-energy,DQN,energy,3,100007,0,1,0,475.474,0.4285,3.0,4.146,10.155,46.822,5199.0
DQN-energy,DQN,energy,3,100008,1,0,0,869.802,0.76334,5.65,8.043,7.34,118.504,5148.2
DQN-energy,DQN,energy,3,100009,1,0,0,791.415,0.6985,5.05,8.646,7.79,101.6,5185.1
DQN-energy,DQN,energy,3,100010,1,0,0,716.8,0.63752,4.65,8.21,7.373,97.217,5144.5
DQN-energy,DQN,energy,3,100011,1,0,0,1106.36,0.9814,7.05,10.804,7.931,139.494,5184.9
DQN-energy,DQN,energy,3,100012,0,1,0,746.108,0.6707,4.6,6.359,9.32,80.053,5251.6
DQN-energy,DQN,energy,3,100013,1,0,0,1778.898,1.54373,11.5,12.27,7.38,241.043,5163.9
DQN-energy,DQN,energy,3,100014,0,1,0,215.944,0.16103,1.65,3.138,8.825,24.468,4885.0
DQN-energy,DQN,energy,3,100015,0,0,1,3088.123,2.74399,20.0,12.557,9.791,315.414,5148.6
DQN-energy,DQN,energy,3,100016,0,1,0,300.643,0.27111,1.9,3.027,8.596,34.977,5195.5
DQN-energy,DQN,energy,3,100017,1,0,0,901.32,0.78676,5.85,9.449,7.793,115.658,5152.1
DQN-energy,DQN,energy,3,100018,0,1,0,446.136,0.38283,2.95,5.71,9.017,49.477,5120.9
DQN-energy,DQN,energy,3,100019,0,0,1,3073.268,2.65508,20.0,12.416,9.673,317.724,5150.5
DQN-energy,DQN,energy,3,100020,1,0,0,1167.983,1.02147,7.6,10.579,7.819,149.38,5145.8
DQN-energy,DQN,energy,3,100021,0,0,1,3080.503,2.68913,20.0,11.971,8.23,374.309,5150.5
DQN-energy,DQN,energy,3,100022,0,0,1,3073.398,2.69944,20.0,12.124,8.664,354.726,5143.7
DQN-energy,DQN,energy,3,100023,1,0,0,793.43,0.7066,5.05,10.066,8.437,94.04,5185.9
DQN-energy,DQN,energy,3,100024,0,0,1,3099.734,2.727,20.0,16.174,9.114,340.094,5161.7
DQN-energy,DQN,energy,3,100025,1,0,0,865.459,0.76869,5.5,10.204,9.6,90.148,5190.0
DQN-energy,DQN,energy,3,100026,0,0,1,3075.202,2.66644,20.0,12.902,9.501,323.669,5150.1
DQN-energy,DQN,energy,3,100027,0,1,0,524.822,0.46672,3.25,4.765,9.666,54.296,5246.9
DQN-energy,DQN,energy,3,100028,0,1,0,460.091,0.41236,2.95,4.976,7.748,59.38,5166.0
DQN-energy,DQN,energy,3,100029,1,0,0,974.084,0.87127,6.2,10.078,9.057,107.552,5183.1
DQN-energy,DQN,energy,3,100030,1,0,0,705.792,0.62303,4.6,10.461,9.276,76.089,5138.7
DQN-energy,DQN,energy,3,100031,0,1,0,609.217,0.53833,3.9,5.25,8.038,75.794,5176.5
DQN-energy,DQN,energy,3,100032,1,0,0,940.149,0.82013,6.2,10.658,7.982,117.787,5118.9
DQN-energy,DQN,energy,3,100033,0,1,0,545.695,0.46192,3.65,5.04,8.528,63.991,5102.3
DQN-energy,DQN,energy,3,100034,1,0,0,796.355,0.70828,5.1,10.042,7.85,101.441,5172.9
DQN-energy,DQN,energy,3,100035,0,0,1,3090.287,2.68134,20.0,14.359,8.919,346.471,5161.4
DQN-energy,DQN,energy,3,100036,0,1,0,348.948,0.31458,2.2,2.447,10.5,33.234,5200.2
DQN-energy,DQN,energy,3,100037,1,0,0,926.192,0.80436,6.05,9.897,8.231,112.529,5141.4
DQN-energy,DQN,energy,3,100038,0,1,0,329.418,0.27957,2.25,5.704,9.882,33.336,5058.2
DQN-energy,DQN,energy,3,100039,0,0,1,3079.407,2.66571,20.0,12.21,8.568,359.391,5153.8
DQN-energy,DQN,energy,3,100040,0,0,1,3092.892,2.69653,20.0,19.417,10.951,282.431,5161.2
DQN-energy,DQN,energy,3,100041,1,0,0,818.959,0.7353,5.2,8.54,7.696,106.411,5186.5
DQN-energy,DQN,energy,3,100042,1,0,0,969.31,0.86419,6.15,10.592,7.881,122.989,5192.2
DQN-energy,DQN,energy,3,100043,0,1,0,286.891,0.2525,1.9,2.33,7.344,39.062,5105.8
DQN-energy,DQN,energy,3,100044,0,1,0,811.375,0.71378,5.25,7.226,10.63,76.329,5155.6
DQN-energy,DQN,energy,3,100045,0,0,1,3092.21,2.70302,20.0,14.82,8.206,376.807,5158.9
DQN-energy,DQN,energy,3,100046,0,1,0,604.287,0.52688,3.95,5.707,7.34,82.333,5137.8
DQN-energy,DQN,energy,3,100047,0,1,0,274.46,0.2359,1.85,3.621,8.979,30.568,5080.0
DQN-energy,DQN,energy,3,100048,1,0,0,770.051,0.69465,4.8,8.623,8.494,90.658,5225.0
DQN-energy,DQN,energy,3,100049,1,0,0,857.342,0.74998,5.55,8.874,7.661,111.911,5156.6
DQN-energy,DQN,energy,3,100050,1,0,0,1208.997,1.04293,7.85,13.074,9.061,133.426,5157.2
DQN-energy,DQN,energy,3,100051,0,1,0,415.587,0.35113,2.8,7.1,10.669,38.953,5087.9
DQN-energy,DQN,energy,3,100052,0,1,0,451.176,0.39734,2.95,4.128,7.616,59.238,5132.4
DQN-energy,DQN,energy,3,100053,0,1,0,610.812,0.51465,4.15,6.456,9.208,66.338,5071.1
DQN-energy,DQN,energy,3,100054,1,0,0,1007.488,0.88187,6.55,11.724,7.938,126.917,5147.7
DQN-energy,DQN,energy,3,100055,0,0,1,3088.54,2.69883,20.0,11.899,8.521,362.452,5156.5
DQN-energy,DQN,energy,3,100056,1,0,0,852.859,0.76502,5.45,9.65,8.489,100.462,5172.6
DQN-energy,DQN,energy,3,100057,1,0,0,857.096,0.7614,5.5,10.566,7.79,110.029,5168.9
DQN-energy,DQN,energy,3,100058,1,0,0,902.155,0.80481,5.7,9.518,7.642,118.056,5201.4
DQN-energy,DQN,energy,3,100059,1,0,0,838.686,0.73264,5.45,10.224,8.522,98.415,5149.6
DQN-energy,DQN,energy,3,100060,0,1,0,429.793,0.38429,2.75,6.958,10.335,41.588,5172.8
DQN-energy,DQN,energy,3,100061,0,1,0,554.23,0.47962,3.65,5.426,8.108,68.356,5125.6
DQN-energy,DQN,energy,3,100062,1,0,0,1023.646,0.89445,6.6,11.166,7.732,132.382,5166.9
DQN-energy,DQN,energy,3,100063,1,0,0,993.341,0.87289,6.4,9.341,7.751,128.15,5164.7
DQN-energy,DQN,energy,3,100064,0,1,0,308.104,0.27286,2.0,2.445,8.763,35.16,5145.1
DQN-energy,DQN,energy,3,100065,1,0,0,991.983,0.8787,6.4,10.049,7.861,126.192,5158.1
DQN-energy,DQN,energy,3,100066,0,1,0,510.861,0.46051,3.2,6.65,9.127,55.975,5215.4
DQN-energy,DQN,energy,3,100067,0,0,1,3110.189,2.60111,20.0,11.596,8.907,349.2,5192.0
DQN-energy,DQN,energy,3,100068,0,1,0,434.3,0.37043,2.9,4.381,8.563,50.718,5101.9
DQN-energy,DQN,energy,3,100069,0,1,0,253.055,0.20987,1.75,3.216,9.012,28.078,5042.0
DQN-energy,DQN,energy,3,100070,0,0,1,3092.928,2.75672,20.0,16.605,9.473,326.486,5150.5
DQN-energy,DQN,energy,3,100071,1,0,0,759.299,0.68348,4.75,9.773,8.226,92.305,5218.9
DQN-energy,DQN,energy,3,100072,0,1,0,466.454,0.40489,3.05,4.871,7.937,58.766,5139.0
DQN-energy,DQN,energy,3,100073,0,1,0,263.911,0.22773,1.75,3.378,8.545,30.884,5112.2
DQN-energy,DQN,energy,3,100074,1,0,0,1428.554,1.24191,9.25,16.614,10.228,139.665,5160.0
DQN-energy,DQN,energy,3,100075,0,1,0,344.257,0.31207,2.1,2.651,8.097,42.518,5271.4
DQN-energy,DQN,energy,3,100076,0,1,0,247.891,0.21974,1.55,2.026,7.909,31.341,5226.9
DQN-energy,DQN,energy,3,100077,0,1,0,78.032,0.0519,0.7,0.696,7.922,9.85,4631.9
DQN-energy,DQN,energy,3,100078,0,0,1,3093.548,2.69052,20.0,12.001,10.244,301.98,5161.7
DQN-energy,DQN,energy,3,100079,0,1,0,394.308,0.36286,2.35,3.183,9.43,41.813,5317.0
DQN-energy,DQN,energy,3,100080,0,1,0,334.022,0.28002,2.25,3.242,8.957,37.29,5090.8
DQN-energy,DQN,energy,3,100081,0,1,0,439.529,0.39898,2.75,5.136,9.618,45.699,5214.2
DQN-energy,DQN,energy,3,100082,0,0,1,3056.153,2.63751,20.0,10.645,8.391,364.2,5139.1
DQN-energy,DQN,energy,3,100083,0,1,0,630.318,0.56543,4.0,5.55,7.864,80.149,5188.1
DQN-energy,DQN,energy,3,100084,1,0,0,1275.708,1.11751,8.25,11.586,10.165,125.496,5158.5
DQN-energy,DQN,energy,3,100085,1,0,0,837.275,0.74205,5.35,10.442,8.176,102.407,5179.4
DQN-energy,DQN,energy,3,100086,1,0,0,897.064,0.79407,5.8,9.825,7.735,115.977,5154.7
DQN-energy,DQN,energy,3,100087,1,0,0,905.567,0.79016,5.9,10.312,8.731,103.721,5144.6
DQN-energy,DQN,energy,3,100088,1,0,0,1063.403,0.92358,6.9,11.037,9.119,116.608,5155.1
DQN-energy,DQN,energy,3,100089,0,1,0,176.715,0.12693,1.45,3.087,9.071,19.481,4766.7
DQN-energy,DQN,energy,3,100090,0,0,1,3065.035,2.71756,20.0,10.989,8.879,345.184,5132.5
DQN-energy,DQN,energy,3,100091,0,1,0,553.692,0.48579,3.6,5.699,7.545,73.385,5146.0
DQN-energy,DQN,energy,3,100092,0,0,1,3102.491,2.69325,20.0,11.871,8.325,372.679,5169.6
DQN-energy,DQN,energy,3,100093,0,0,1,3064.286,2.65651,20.0,12.092,9.047,338.694,5143.2
DQN-energy,DQN,energy,3,100094,1,0,0,885.489,0.7763,5.7,9.549,7.539,117.451,5169.1
DQN-energy,DQN,energy,3,100095,0,1,0,93.065,0.06744,0.75,0.908,7.532,12.356,4795.9
DQN-energy,DQN,energy,3,100096,0,1,0,941.138,0.81789,6.05,12.373,9.195,102.356,5175.6
DQN-energy,DQN,energy,3,100097,1,0,0,1080.184,0.93592,6.95,9.037,8.155,132.462,5174.6
DQN-energy,DQN,energy,3,100098,0,0,1,3076.807,2.6872,20.0,10.911,7.811,393.904,5148.1
DQN-energy,DQN,energy,3,100099,0,0,1,3088.776,2.67502,20.0,12.821,8.321,371.224,5161.2
DQN-energy,DQN,energy,3,100100,0,1,0,612.101,0.53279,4.0,5.491,7.98,76.708,5138.8
DQN-energy,DQN,energy,3,100101,0,1,0,496.975,0.45093,3.1,6.562,9.617,51.676,5221.0
DQN-energy,DQN,energy,3,100102,0,1,0,437.132,0.38214,2.85,5.211,10.819,40.404,5142.2
DQN-energy,DQN,energy,3,100103,0,1,0,378.064,0.34473,2.25,3.421,9.007,41.976,5325.4
DQN-energy,DQN,energy,3,100104,0,0,1,3102.361,2.69288,20.0,13.151,9.087,341.405,5169.4
DQN-energy,DQN,energy,3,100105,1,0,0,962.202,0.84555,6.25,11.094,9.044,106.386,5148.0
DQN-energy,DQN,energy,3,100106,0,1,0,332.29,0.2829,2.25,3.447,10.656,31.183,5074.4
DQN-energy,DQN,energy,3,100107,0,1,0,608.552,0.53269,3.9,5.523,8.604,70.729,5178.3
DQN-energy,DQN,energy,3,100108,0,0,1,3074.992,2.68504,20.0,12.443,8.316,369.786,5147.3
DQN-energy,DQN,energy,3,100109,0,1,0,291.026,0.25348,1.85,2.374,10.199,28.535,5198.8
DQN-energy,DQN,energy,3,100110,0,1,0,312.357,0.27854,2.0,3.413,8.27,37.768,5172.2
DQN-energy,DQN,energy,3,100111,0,0,1,3084.184,2.68219,20.0,12.093,10.062,306.531,5155.0
DQN-energy,DQN,energy,3,100112,1,0,0,1263.581,1.10903,8.15,9.84,8.496,148.722,5162.6
DQN-energy,DQN,energy,3,100113,1,0,0,1736.994,1.49761,11.25,12.713,7.613,228.174,5163.2
DQN-energy,DQN,energy,3,100114,1,0,0,851.566,0.74046,5.65,9.237,8.18,104.098,5106.3
DQN-energy,DQN,energy,3,100115,1,0,0,959.832,0.84467,6.15,10.451,8.766,109.493,5176.7
DQN-energy,DQN,energy,3,100116,1,0,0,935.153,0.83105,5.95,11.979,9.065,103.159,5187.6
DQN-energy,DQN,energy,3,100117,1,0,0,1755.259,1.51393,11.35,14.34,8.733,200.987,5166.3
DQN-energy,DQN,energy,3,100118,0,1,0,799.444,0.70521,5.05,6.632,8.486,94.205,5207.0
DQN-energy,DQN,energy,3,100119,1,0,0,949.297,0.82644,6.1,10.325,7.886,120.384,5175.5
DQN-energy,DQN,energy,3,100120,1,0,0,834.984,0.73231,5.45,10.826,8.456,98.744,5138.4
DQN-energy,DQN,energy,3,100121,1,0,0,927.918,0.80854,6.1,9.182,8.116,114.329,5125.1
DQN-energy,DQN,energy,3,100122,1,0,0,741.279,0.64037,4.9,9.603,8.641,85.782,5118.3
DQN-energy,DQN,energy,3,100123,0,1,0,609.239,0.54784,3.75,5.107,9.053,67.296,5254.6
DQN-energy,DQN,energy,3,100124,0,1,0,531.061,0.45816,3.45,5.758,9.122,58.218,5155.8
DQN-energy,DQN,energy,3,100125,0,1,0,491.359,0.42715,3.15,4.691,8.265,59.454,5180.3
DQN-energy,DQN,energy,3,100126,1,0,0,930.357,0.83321,5.85,9.887,8.626,107.849,5209.8
DQN-energy,DQN,energy,3,100127,0,0,1,3112.077,2.70027,20.0,12.653,8.644,360.03,5177.2
DQN-energy,DQN,energy,3,100128,0,1,0,343.387,0.29541,2.25,2.961,8.526,40.275,5139.4
DQN-energy,DQN,energy,3,100129,0,1,0,677.974,0.60751,4.25,6.442,9.076,74.698,5215.0
DQN-energy,DQN,energy,3,100130,1,0,0,852.813,0.73763,5.65,9.82,8.1,105.292,5112.9
DQN-energy,DQN,energy,3,100131,1,0,0,973.181,0.85042,6.25,10.059,8.285,117.469,5174.8
DQN-energy,DQN,energy,3,100132,1,0,0,663.563,0.58468,4.25,9.827,8.666,76.568,5177.6
DQN-energy,DQN,energy,3,100133,0,1,0,228.27,0.18462,1.6,1.717,7.926,28.799,5024.7
DQN-energy,DQN,energy,3,100134,0,0,1,3105.797,2.69034,20.0,12.986,9.972,311.446,5173.1
DQN-energy,DQN,energy,3,100135,1,0,0,826.107,0.75515,5.1,9.338,7.889,104.721,5240.4
DQN-energy,DQN,energy,3,100136,0,1,0,253.531,0.24392,1.4,1.581,10.838,23.392,5475.3
DQN-energy,DQN,energy,3,100137,0,1,0,426.936,0.37433,2.8,7.33,11.395,37.467,5128.6
DQN-energy,DQN,energy,3,100138,0,0,1,3089.043,2.63039,20.0,11.11,8.268,373.629,5168.9
DQN-energy,DQN,energy,3,100139,0,0,1,3079.515,2.68324,20.0,11.274,8.537,360.739,5151.3
DQN-energy,DQN,energy,3,100140,1,0,0,1195.771,1.04634,7.7,11.219,7.88,151.755,5168.5
DQN-energy,DQN,energy,3,100141,0,1,0,340.337,0.31559,2.0,2.503,8.995,37.837,5345.9
DQN-energy,DQN,energy,3,100142,1,0,0,857.761,0.75393,5.45,9.609,8.179,104.873,5195.2
DQN-energy,DQN,energy,3,100143,1,0,0,1072.938,0.94949,6.85,10.539,7.809,137.401,5182.0
DQN-energy,DQN,energy,3,100144,1,0,0,821.677,0.73733,5.15,9.124,7.597,108.156,5215.6
DQN-energy,DQN,energy,3,100145,0,0,1,3080.644,2.67473,20.0,13.188,8.422,365.8,5153.5
DQN-energy,DQN,energy,3,100146,1,0,0,806.792,0.71869,5.15,8.783,8.28,97.443,5178.8
DQN-energy,DQN,energy,3,100147,0,0,1,3094.977,2.74162,20.0,16.149,9.371,330.257,5154.9
DQN-energy,DQN,energy,3,100148,0,0,1,3102.316,2.75227,20.0,11.417,8.724,355.624,5159.1
DQN-energy,DQN,energy,3,100149,0,1,0,450.637,0.41021,2.75,3.725,8.832,51.023,5267.8
DQN-energy,DQN,energy,3,100150,1,0,0,1050.852,0.9181,6.85,10.947,9.058,116.017,5142.1
DQN-energy,DQN,energy,3,100151,0,1,0,187.192,0.15014,1.35,2.44,8.246,22.702,4971.0
DQN-energy,DQN,energy,3,100152,1,0,0,773.249,0.67692,5.0,8.771,7.9,97.879,5158.9
DQN-energy,DQN,energy,3,100153,0,0,1,3082.431,2.68667,20.0,13.091,8.949,344.444,5153.1
DQN-energy,DQN,energy,3,100154,1,0,0,1234.605,1.0705,8.2,13.355,8.276,149.184,5105.8
DQN-energy,DQN,energy,3,100155,1,0,0,1265.951,1.10826,8.15,11.356,8.362,151.399,5168.5
DQN-energy,DQN,energy,3,100156,0,1,0,578.638,0.50636,3.65,5.402,8.31,69.635,5213.7
DQN-energy,DQN,energy,3,100157,0,1,0,381.297,0.3671,2.1,2.952,9.876,38.608,5481.4
DQN-energy,DQN,energy,3,100158,0,1,0,655.475,0.56143,4.45,7.092,8.77,74.744,5065.2
DQN-energy,DQN,energy,3,100159,0,1,0,702.646,0.61618,4.5,6.857,8.307,84.588,5179.5
DQN-energy,DQN,energy,3,100160,1,0,0,2516.628,2.25839,16.1,11.757,8.584,293.169,5172.3
DQN-energy,DQN,energy,3,100161,0,1,0,410.497,0.36125,2.7,5.454,9.016,45.53,5120.5
DQN-energy,DQN,energy,3,100162,0,1,0,505.293,0.46195,3.05,5.139,9.181,55.035,5291.4
DQN-energy,DQN,energy,3,100163,0,0,1,3065.312,2.72258,20.0,12.845,9.207,332.92,5132.1
DQN-energy,DQN,energy,3,100164,0,0,1,3081.841,2.70796,20.0,13.42,9.548,322.776,5149.6
DQN-energy,DQN,energy,3,100165,0,1,0,503.621,0.44985,3.25,4.71,7.827,64.342,5152.5
DQN-energy,DQN,energy,3,100166,0,0,1,3089.042,2.68749,20.0,11.231,8.452,365.471,5159.0
DQN-energy,DQN,energy,3,100167,0,0,1,3093.382,2.68771,20.0,14.336,8.696,355.738,5162.7
DQN-energy,DQN,energy,3,100168,0,0,1,3067.253,2.68687,20.0,13.796,8.828,347.461,5139.9
DQN-energy,DQN,energy,3,100169,1,0,0,1014.006,0.89108,6.55,10.578,8.158,124.29,5159.9
DQN-energy,DQN,energy,3,100170,0,0,1,3120.176,2.73509,20.0,13.325,7.95,392.484,5178.5
DQN-energy,DQN,energy,3,100171,1,0,0,891.791,0.76712,5.9,10.262,8.252,108.071,5118.2
DQN-energy,DQN,energy,3,100172,0,1,0,330.303,0.28075,2.2,2.691,8.797,37.546,5110.0
DQN-energy,DQN,energy,3,100173,0,1,0,98.86,0.06706,0.85,1.209,9.102,10.862,4701.5
DQN-energy,DQN,energy,3,100174,0,1,0,193.572,0.14311,1.5,2.041,7.649,25.306,4860.9
DQN-energy,DQN,energy,3,100175,0,0,1,3087.925,2.73119,20.0,13.4,9.783,315.628,5150.9
DQN-energy,DQN,energy,3,100176,0,1,0,678.246,0.59267,4.3,5.077,8.567,79.174,5203.0
DQN-energy,DQN,energy,3,100177,0,0,1,3071.127,2.67686,20.0,9.802,8.088,379.726,5144.6
DQN-energy,DQN,energy,3,100178,0,0,1,3112.824,2.7104,20.0,10.29,7.551,412.266,5176.0
DQN-energy,DQN,energy,3,100179,0,0,1,3091.678,2.72979,20.0,15.418,10.152,304.548,5154.5
DQN-energy,DQN,energy,3,100180,0,1,0,572.176,0.51354,3.65,6.46,7.932,72.132,5176.1
DQN-energy,DQN,energy,3,100181,1,0,0,906.967,0.80226,5.8,9.591,8.764,103.483,5178.8
DQN-energy,DQN,energy,3,100182,1,0,0,800.91,0.70552,5.25,9.559,8.323,96.23,5127.2
DQN-energy,DQN,energy,3,100183,0,1,0,469.275,0.44572,2.7,3.558,10.261,45.735,5382.8
DQN-energy,DQN,energy,3,100184,1,0,0,878.898,0.7806,5.65,9.177,8.328,105.531,5164.4
DQN-energy,DQN,energy,3,100185,1,0,0,1770.123,1.54819,11.4,15.361,8.052,219.831,5168.8
DQN-energy,DQN,energy,3,100186,0,0,1,3081.799,2.67652,20.0,13.999,8.821,349.362,5154.2
DQN-energy,DQN,energy,3,100187,0,0,1,3082.988,2.69561,20.0,12.862,9.124,337.906,5152.6
DQN-energy,DQN,energy,3,100188,0,1,0,505.369,0.45027,3.25,4.729,7.177,70.413,5162.1
DQN-energy,DQN,energy,3,100189,1,0,0,974.783,0.85739,6.3,11.443,7.6,128.257,5158.5
DQN-energy,DQN,energy,3,100190,0,1,0,345.222,0.30003,2.25,2.863,7.866,43.888,5144.2
DQN-energy,DQN,energy,3,100191,1,0,0,928.562,0.81786,5.95,9.58,7.798,119.084,5176.9
DQN-energy,DQN,energy,3,100192,0,1,0,471.829,0.42949,2.95,3.655,8.535,55.284,5213.2
DQN-energy,DQN,energy,3,100193,0,1,0,493.924,0.42641,3.2,5.36,8.356,59.111,5161.7
DQN-energy,DQN,energy,3,100194,1,0,0,974.162,0.86858,6.2,11.65,10.109,96.37,5185.2
DQN-energy,DQN,energy,3,100195,0,1,0,331.734,0.28107,2.2,2.697,7.92,41.883,5119.7
DQN-energy,DQN,energy,3,100196,0,0,1,3063.91,2.67754,20.0,12.991,10.254,298.792,5138.7
DQN-energy,DQN,energy,3,100197,0,1,0,434.857,0.38999,2.75,3.544,7.744,56.158,5196.3
DQN-energy,DQN,energy,3,100198,0,0,1,3079.444,2.67696,20.0,12.261,9.256,332.699,5152.1
DQN-energy,DQN,energy,3,100199,0,1,0,562.885,0.5067,3.5,5.956,7.993,70.426,5231.4
DQN-energy,DQN,energy,4,100000,1,0,0,797.334,0.67286,5.35,10.54,9.237,86.317,5096.7
DQN-energy,DQN,energy,4,100001,0,1,0,491.712,0.44156,3.0,4.84,9.015,54.544,5275.0
DQN-energy,DQN,energy,4,100002,1,0,0,1787.539,1.60153,11.6,12.345,7.502,238.284,5140.5
DQN-energy,DQN,energy,4,100003,1,0,0,813.013,0.71032,5.3,10.311,8.219,98.918,5143.0
DQN-energy,DQN,energy,4,100004,0,1,0,702.157,0.629,4.4,8.078,9.385,74.813,5217.1
DQN-energy,DQN,energy,4,100005,1,0,0,1029.239,0.92158,6.65,12.09,8.165,126.049,5150.6
DQN-energy,DQN,energy,4,100006,1,0,0,741.543,0.66866,4.7,9.458,8.278,89.578,5188.9
DQN-energy,DQN,energy,4,100007,0,1,0,335.925,0.3155,1.95,2.945,10.155,33.08,5369.1
DQN-energy,DQN,energy,4,100008,0,0,1,3087.844,2.79676,20.0,15.035,7.34,420.696,5139.5
DQN-energy,DQN,energy,4,100009,1,0,0,1125.498,1.00012,7.3,10.526,7.79,144.489,5145.3
DQN-energy,DQN,energy,4,100010,1,0,0,989.01,0.87297,6.45,9.596,7.373,134.135,5137.0
DQN-energy,DQN,energy,4,100011,1,0,0,1508.949,1.35521,9.75,14.258,7.931,190.254,5148.5
DQN-energy,DQN,energy,4,100012,1,0,0,1049.085,0.92508,6.8,11.134,9.32,112.56,5151.2
DQN-energy,DQN,energy,4,100013,0,0,1,3084.672,2.79003,20.0,12.442,7.38,417.977,5137.5
DQN-energy,DQN,energy,4,100014,1,0,0,1218.548,1.06526,7.95,11.666,8.825,138.072,5140.7
DQN-energy,DQN,energy,4,100015,0,1,0,332.057,0.29874,2.05,2.314,9.791,33.916,5248.1
DQN-energy,DQN,energy,4,100016,0,1,0,244.526,0.21997,1.45,2.042,8.596,28.448,5342.7
DQN-energy,DQN,energy,4,100017,1,0,0,700.371,0.61623,4.45,8.463,7.793,89.872,5195.6
DQN-energy,DQN,energy,4,100018,1,0,0,1349.365,1.18162,8.9,13.765,9.017,149.647,5116.3
DQN-energy,DQN,energy,4,100019,1,0,0,813.31,0.70046,5.3,10.736,9.673,84.083,5149.9
DQN-energy,DQN,energy,4,100020,1,0,0,1274.1,1.11938,8.3,11.017,7.819,162.952,5140.9
DQN-energy,DQN,energy,4,100021,1,0,0,753.484,0.67721,4.8,10.227,8.23,91.555,5180.0
DQN-energy,DQN,energy,4,100022,1,0,0,1176.715,1.02249,7.75,11.174,8.664,135.814,5123.1
DQN-energy,DQN,energy,4,100023,1,0,0,734.969,0.64038,4.75,10.066,8.437,87.111,5162.9
DQN-energy,DQN,energy,4,100024,1,0,0,800.056,0.70656,5.15,9.831,9.114,87.78,5165.2
DQN-energy,DQN,energy,4,100025,1,0,0,769.925,0.70759,4.75,10.125,9.6,80.197,5239.3
DQN-energy,DQN,energy,4,100026,1,0,0,1471.474,1.30954,9.45,11.836,9.501,154.874,5167.1
DQN-energy,DQN,energy,4,100027,1,0,0,1022.242,0.88753,6.65,11.667,9.666,105.757,5150.5
DQN-energy,DQN,energy,4,100028,0,0,1,3104.612,2.73029,20.0,11.86,7.748,400.682,5166.5
DQN-energy,DQN,energy,4,100029,1,0,0,785.97,0.70381,4.9,10.368,9.057,86.782,5229.1
DQN-energy,DQN,energy,4,100030,1,0,0,809.034,0.69672,5.35,10.56,9.276,87.22,5118.5
DQN-energy,DQN,energy,4,100031,1,0,0,922.532,0.81612,6.0,9.978,8.038,114.774,5142.0
DQN-energy,DQN,energy,4,100032,1,0,0,1559.489,1.39713,10.15,14.175,7.982,195.381,5134.2
DQN-energy,DQN,energy,4,100033,1,0,0,923.85,0.83304,5.8,9.155,8.528,108.336,5209.0
DQN-energy,DQN,energy,4,100034,1,0,0,730.577,0.65629,4.65,9.183,7.85,93.062,5181.9
DQN-energy,DQN,energy,4,100035,1,0,0,789.003,0.68093,5.15,10.169,8.919,88.46,5145.9
DQN-energy,DQN,energy,4,100036,1,0,0,1339.933,1.20053,8.65,12.455,10.5,127.615,5152.6
DQN-energy,DQN,energy,4,100037,0,1,0,460.609,0.40068,3.0,4.157,8.231,55.962,5144.5
DQN-energy,DQN,energy,4,100038,1,0,0,1029.299,0.89402,6.75,11.788,9.882,104.161,5132.6
DQN-energy,DQN,energy,4,100039,0,1,0,520.508,0.46398,3.2,5.935,8.568,60.747,5262.5
DQN-energy,DQN,energy,4,100040,1,0,0,1283.037,1.13448,8.45,13.925,10.951,117.162,5114.9
DQN-energy,DQN,energy,4,100041,0,1,0,462.608,0.39908,3.05,4.485,7.696,60.109,5123.9
DQN-energy,DQN,energy,4,100042,1,0,0,665.656,0.59098,4.3,8.798,7.881,84.461,5155.1
DQN-energy,DQN,energy,4,100043,1,0,0,1081.536,0.94082,7.0,9.925,7.344,147.259,5160.7
DQN-energy,DQN,energy,4,100044,1,0,0,1335.348,1.20788,8.5,13.014,10.63,125.621,5179.1
DQN-energy,DQN,energy,4,100045,0,1,0,296.945,0.26145,1.9,3.237,8.206,36.185,5179.4
DQN-energy,DQN,energy,4,100046,0,0,1,3081.209,2.77491,20.0,14.309,7.34,419.81,5137.2
DQN-energy,DQN,energy,4,100047,0,1,0,366.888,0.32785,2.3,4.527,8.979,40.862,5218.1
DQN-energy,DQN,energy,4,100048,1,0,0,874.335,0.75987,5.65,10.601,8.494,102.935,5163.6
DQN-energy,DQN,energy,4,100049,1,0,0,751.466,0.66893,4.85,9.407,7.661,98.091,5155.3
DQN-energy,DQN,energy,4,100050,0,1,0,738.621,0.63745,4.75,7.399,9.061,81.515,5177.9
DQN-energy,DQN,energy,4,100051,1,0,0,806.966,0.70532,5.35,11.318,10.669,75.637,5105.6
DQN-energy,DQN,energy,4,100052,1,0,0,1202.213,1.07959,7.8,11.839,7.616,157.847,5139.8
DQN-energy,DQN,energy,4,100053,0,1,0,205.09,0.16821,1.35,2.014,9.208,22.274,5149.9
DQN-energy,DQN,energy,4,100054,0,1,0,264.649,0.26039,1.5,2.602,7.938,33.339,5400.3
DQN-energy,DQN,energy,4,100055,1,0,0,1092.127,0.96828,7.05,12.236,8.521,128.165,5156.6
DQN-energy,DQN,energy,4,100056,1,0,0,745.901,0.64748,4.8,10.012,8.489,87.863,5173.9
DQN-energy,DQN,energy,4,100057,1,0,0,688.722,0.61298,4.35,9.525,7.79,88.414,5203.3
DQN-energy,DQN,energy,4,100058,1,0,0,754.959,0.66098,4.85,9.935,7.642,98.794,5173.7
DQN-energy,DQN,energy,4,100059,0,1,0,437.019,0.38371,2.8,5.73,8.522,51.282,5178.4
DQN-energy,DQN,energy,4,100060,1,0,0,964.688,0.84024,6.3,11.116,10.335,93.345,5139.9
DQN-energy,DQN,energy,4,100061,0,0,1,3086.9,2.78701,20.0,14.077,8.108,380.722,5140.1
DQN-energy,DQN,energy,4,100062,1,0,0,714.447,0.6403,4.5,8.896,7.732,92.395,5206.3
DQN-energy,DQN,energy,4,100063,1,0,0,787.609,0.6933,5.05,9.292,7.751,101.609,5174.4
DQN-energy,DQN,energy,4,100064,0,1,0,257.931,0.24568,1.45,1.813,8.763,29.434,5440.4
DQN-energy,DQN,energy,4,100065,1,0,0,784.275,0.69083,5.05,9.383,7.861,99.769,5164.6
DQN-energy,DQN,energy,4,100066,0,1,0,274.801,0.2604,1.55,2.795,9.127,30.11,5434.7
DQN-energy,DQN,energy,4,100067,0,0,1,3079.74,2.76567,20.0,16.563,8.907,345.781,5137.6
DQN-energy,DQN,energy,4,100068,1,0,0,1278.691,1.13201,8.35,12.658,8.563,149.326,5132.6
DQN-energy,DQN,energy,4,100069,0,1,0,583.072,0.51684,3.7,7.876,9.012,64.697,5194.6
DQN-energy,DQN,energy,4,100070,0,1,0,344.444,0.32352,2.05,3.927,9.473,36.359,5311.6
DQN-energy,DQN,energy,4,100071,0,1,0,466.715,0.41163,2.95,6.249,8.226,56.737,5206.0
DQN-energy,DQN,energy,4,100072,0,0,1,3077.422,2.77363,20.0,12.553,7.937,387.71,5134.2
DQN-energy,DQN,energy,4,100073,1,0,0,676.93,0.60879,4.3,9.552,8.545,79.217,5185.7
DQN-energy,DQN,energy,4,100074,0,1,0,688.208,0.61134,4.45,9.524,10.228,67.284,5152.2
DQN-energy,DQN,energy,4,100075,1,0,0,955.106,0.82638,6.2,10.531,8.097,117.961,5156.2
DQN-energy,DQN,energy,4,100076,1,0,0,620.594,0.55342,3.95,8.068,7.909,78.463,5185.4
DQN-energy,DQN,energy,4,100077,1,0,0,1186.67,1.04231,7.75,10.212,7.922,149.799,5136.0
DQN-energy,DQN,energy,4,100078,0,1,0,424.044,0.37169,2.6,5.052,10.244,41.394,5277.9
DQN-energy,DQN,energy,4,100079,0,0,1,3090.607,2.7014,20.0,13.294,9.43,327.731,5158.7
DQN-energy,DQN,energy,4,100080,1,0,0,1425.279,1.25703,9.35,14.255,8.957,159.117,5124.2
DQN-energy,DQN,energy,4,100081,1,0,0,1192.185,1.05038,7.7,12.388,9.618,123.956,5158.9
DQN-energy,DQN,energy,4,100082,1,0,0,880.046,0.75562,5.75,10.227,8.391,104.875,5145.5
DQN-energy,DQN,energy,4,100083,0,1,0,434.524,0.38819,2.7,3.608,7.864,55.253,5238.2
DQN-energy,DQN,energy,4,100084,1,0,0,795.438,0.70342,5.15,10.772,10.165,78.25,5151.1
DQN-energy,DQN,energy,4,100085,1,0,0,666.648,0.57872,4.3,9.596,8.176,81.538,5168.1
DQN-energy,DQN,energy,4,100086,1,0,0,1168.693,1.03843,7.6,11.06,7.735,151.095,5139.4
DQN-energy,DQN,energy,4,100087,1,0,0,1169.91,1.02865,7.65,11.667,8.731,133.999,5132.9
DQN-energy,DQN,energy,4,100088,1,0,0,1214.979,1.08288,7.8,11.94,9.119,133.229,5166.7
DQN-energy,DQN,energy,4,100089,1,0,0,1577.01,1.36299,10.3,11.295,9.071,173.849,5143.9
DQN-energy,DQN,energy,4,100090,0,1,0,196.048,0.19494,1.05,1.502,8.879,22.079,5535.0
DQN-energy,DQN,energy,4,100091,0,1,0,574.132,0.50757,3.7,6.391,7.545,76.095,5162.1
DQN-energy,DQN,energy,4,100092,0,1,0,377.487,0.34124,2.35,4.433,8.325,45.345,5227.9
DQN-energy,DQN,energy,4,100093,1,0,0,865.27,0.76075,5.6,9.8,9.047,95.638,5155.4
DQN-energy,DQN,energy,4,100094,1,0,0,1030.888,0.88707,6.7,9.729,7.539,136.737,5156.1
DQN-energy,DQN,energy,4,100095,0,1,0,154.54,0.12702,1.05,1.257,7.532,20.518,5080.8
DQN-energy,DQN,energy,4,100096,0,0,1,3089.395,2.70441,20.0,11.795,9.195,335.995,5157.8
DQN-energy,DQN,energy,4,100097,0,1,0,481.23,0.44326,3.0,4.855,8.155,59.013,5214.5
DQN-energy,DQN,energy,4,100098,1,0,0,1128.606,0.99942,7.35,10.829,7.811,144.488,5138.3
DQN-energy,DQN,energy,4,100099,1,0,0,1035.388,0.90352,6.8,10.627,8.321,124.438,5127.2
DQN-energy,DQN,energy,4,100100,1,0,0,1028.892,0.89091,6.7,10.405,7.98,128.939,5148.9
DQN-energy,DQN,energy,4,100101,1,0,0,1207.933,1.0708,7.85,12.071,9.617,125.603,5142.0
DQN-energy,DQN,energy,4,100102,1,0,0,1363.877,1.19204,8.95,14.739,10.819,126.064,5127.7
DQN-energy,DQN,energy,4,100103,1,0,0,1022.786,0.88317,6.75,11.439,9.007,113.56,5121.6
DQN-energy,DQN,energy,4,100104,0,1,0,260.086,0.23456,1.6,1.851,9.087,28.622,5254.3
DQN-energy,DQN,energy,4,100105,1,0,0,1245.078,1.09293,8.1,13.355,9.044,137.663,5144.1
DQN-energy,DQN,energy,4,100106,1,0,0,823.852,0.72576,5.3,11.355,10.656,77.313,5167.1
DQN-energy,DQN,energy,4,100107,0,1,0,215.071,0.17619,1.4,2.367,8.604,24.997,5174.5
DQN-energy,DQN,energy,4,100108,1,0,0,674.556,0.59303,4.35,9.28,8.316,81.119,5163.5
DQN-energy,DQN,energy,4,100109,0,1,0,258.646,0.23828,1.5,2.286,10.199,25.361,5383.0
DQN-energy,DQN,energy,4,100110,1,0,0,1373.305,1.2159,8.95,13.215,8.27,166.052,5136.8
DQN-energy,DQN,energy,4,100111,1,0,0,878.517,0.76804,5.65,11.196,10.062,87.314,5171.3
DQN-energy,DQN,energy,4,100112,1,0,0,767.945,0.68668,4.85,10.3,8.496,90.386,5200.9
DQN-energy,DQN,energy,4,100113,1,0,0,1006.319,0.88496,6.6,10.907,7.613,132.191,5126.6
DQN-energy,DQN,energy,4,100114,0,1,0,403.532,0.34755,2.6,4.375,8.18,49.329,5173.6
DQN-energy,DQN,energy,4,100115,1,0,0,2315.556,2.06009,15.05,12.894,8.766,264.147,5140.2
DQN-energy,DQN,energy,4,100116,0,1,0,497.477,0.45765,3.0,4.219,9.065,54.878,5290.7
DQN-energy,DQN,energy,4,100117,1,0,0,1346.779,1.18034,8.8,12.386,8.733,154.214,5136.3
DQN-energy,DQN,energy,4,100118,1,0,0,1224.884,1.08827,7.9,11.818,8.486,144.339,5157.8
DQN-energy,DQN,energy,4,100119,0,1,0,453.885,0.42838,2.65,4.816,7.886,57.559,5352.5
DQN-energy,DQN,energy,4,100120,1,0,0,694.875,0.61274,4.5,9.647,8.456,82.175,5152.7
DQN-energy,DQN,energy,4,100121,1,0,0,1218.537,1.07361,7.95,11.186,8.116,150.136,5136.9
DQN-energy,DQN,energy,4,100122,0,1,0,239.275,0.20146,1.55,2.793,8.641,27.689,5172.6
DQN-energy,DQN,energy,4,100123,1,0,0,1461.202,1.31522,9.45,13.217,9.053,161.404,5146.2
DQN-energy,DQN,energy,4,100124,0,1,0,568.281,0.49838,3.6,6.278,9.122,62.298,5202.7
DQN-energy,DQN,energy,4,100125,1,0,0,609.332,0.54375,3.9,8.287,8.265,73.728,5171.9
DQN-energy,DQN,energy,4,100126,0,1,0,515.98,0.46521,3.25,6.747,8.626,59.813,5202.7
DQN-energy,DQN,energy,4,100127,0,0,1,3080.679,2.76355,20.0,14.29,8.644,356.398,5138.8
DQN-energy,DQN,energy,4,100128,1,0,0,1477.627,1.32459,9.65,13.942,8.526,173.309,5126.1
DQN-energy,DQN,energy,4,100129,1,0,0,1187.241,1.034,7.8,12.259,9.076,130.808,5127.3
DQN-energy,DQN,energy,4,100130,1,0,0,1362.991,1.18925,8.95,11.223,8.1,168.28,5127.9
DQN-energy,DQN,energy,4,100131,1,0,0,783.444,0.69623,5.05,11.288,8.285,94.567,5159.5
DQN-energy,DQN,energy,4,100132,1,0,0,671.175,0.57668,4.4,9.887,8.666,77.447,5138.0
DQN-energy,DQN,energy,4,100133,1,0,0,1192.619,1.05886,7.75,10.811,7.926,150.463,5141.9
DQN-energy,DQN,energy,4,100134,0,1,0,653.763,0.57839,4.1,6.14,9.972,65.559,5222.5
DQN-energy,DQN,energy,4,100135,0,1,0,509.478,0.46638,3.1,5.14,7.889,64.584,5273.7
DQN-energy,DQN,energy,4,100136,0,1,0,440.146,0.38136,2.9,3.449,10.838,40.61,5124.2
DQN-energy,DQN,energy,4,100137,1,0,0,1383.841,1.21034,9.1,14.878,11.395,121.442,5123.2
DQN-energy,DQN,energy,4,100138,1,0,0,1369.288,1.22763,8.85,11.186,8.268,165.62,5149.0
DQN-energy,DQN,energy,4,100139,1,0,0,1019.164,0.90396,6.7,10.092,8.537,119.386,5117.5
DQN-energy,DQN,energy,4,100140,1,0,0,1384.827,1.23209,9.0,12.883,7.88,175.747,5140.2
DQN-energy,DQN,energy,4,100141,1,0,0,898.235,0.77256,5.85,10.626,8.995,99.86,5151.9
DQN-energy,DQN,energy,4,100142,1,0,0,660.54,0.58051,4.2,9.05,8.179,80.76,5194.3
DQN-energy,DQN,energy,4,100143,0,1,0,559.126,0.49032,3.55,6.233,7.809,71.602,5198.1
DQN-energy,DQN,energy,4,100144,1,0,0,718.545,0.61592,4.65,9.071,7.597,94.58,5166.9
DQN-energy,DQN,energy,4,100145,1,0,0,723.277,0.64966,4.6,9.632,8.422,85.883,5183.4
DQN-energy,DQN,energy,4,100146,1,0,0,1279.921,1.11997,8.3,11.972,8.28,154.587,5153.2
DQN-energy,DQN,energy,4,100147,1,0,0,761.209,0.6689,5.0,10.359,9.371,81.227,5123.2
DQN-energy,DQN,energy,4,100148,1,0,0,812.189,0.71018,5.15,10.227,8.724,93.103,5202.5
DQN-energy,DQN,energy,4,100149,1,0,0,1026.262,0.88305,6.8,10.997,8.832,116.199,5114.9
DQN-energy,DQN,energy,4,100150,1,0,0,902.1,0.78313,5.8,10.822,9.058,99.594,5175.8
DQN-energy,DQN,energy,4,100151,1,0,0,620.448,0.54973,4.0,8.897,8.246,75.245,5159.4
DQN-energy,DQN,energy,4,100152,1,0,0,984.1,0.87431,6.35,10.662,7.9,124.569,5157.0
DQN-energy,DQN,energy,4,100153,0,1,0,480.629,0.41935,3.05,5.755,8.949,53.708,5202.4
DQN-energy,DQN,energy,4,100154,1,0,0,1175.929,1.03575,7.75,11.358,8.276,142.094,5115.5
DQN-energy,DQN,energy,4,100155,1,0,0,809.772,0.71014,5.2,10.294,8.362,96.843,5173.8
DQN-energy,DQN,energy,4,100156,1,0,0,1200.113,1.06302,7.8,10.756,8.31,144.425,5142.5
DQN-energy,DQN,energy,4,100157,1,0,0,1625.045,1.4532,10.4,12.711,9.876,164.543,5172.9
DQN-energy,DQN,energy,4,100158,1,0,0,932.855,0.82133,6.1,11.656,8.77,106.373,5132.4
DQN-energy,DQN,energy,4,100159,1,0,0,1138.724,1.01574,7.45,10.945,8.307,137.085,5124.7
DQN-energy,DQN,energy,4,100160,1,0,0,1385.905,1.23473,9.05,13.282,8.584,161.448,5129.6
DQN-energy,DQN,energy,4,100161,0,1,0,371.282,0.33022,2.3,4.802,9.016,41.181,5246.7
DQN-energy,DQN,energy,4,100162,1,0,0,794.727,0.70184,5.1,10.847,9.181,86.56,5172.0
DQN-energy,DQN,energy,4,100163,1,0,0,753.648,0.65809,4.95,10.277,9.207,81.853,5126.3
DQN-energy,DQN,energy,4,100164,0,1,0,356.229,0.30274,2.3,3.945,9.548,37.31,5176.7
DQN-energy,DQN,energy,4,100165,0,1,0,541.054,0.49043,3.35,5.359,7.827,69.125,5237.2
DQN-energy,DQN,energy,4,100166,1,0,0,1111.943,0.97969,7.25,10.61,8.452,131.556,5138.4
DQN-energy,DQN,energy,4,100167,0,1,0,339.282,0.30788,2.05,3.223,8.696,39.017,5294.0
DQN-energy,DQN,energy,4,100168,0,1,0,774.902,0.67417,4.95,8.532,8.828,87.782,5188.8
DQN-energy,DQN,energy,4,100169,1,0,0,756.97,0.66696,4.9,10.271,8.158,92.784,5154.4
DQN-energy,DQN,energy,4,100170,0,0,1,3073.799,2.76086,20.0,14.571,7.95,386.65,5133.1
DQN-energy,DQN,energy,4,100171,0,1,0,187.838,0.14097,1.45,1.969,8.252,22.763,4862.3
DQN-energy,DQN,energy,4,100172,0,1,0,305.131,0.27278,1.9,2.483,8.797,34.685,5231.6
DQN-energy,DQN,energy,4,100173,0,1,0,311.715,0.27469,1.95,3.561,9.102,34.248,5229.0
DQN-energy,DQN,energy,4,100174,0,1,0,361.623,0.3167,2.4,3.856,7.649,47.275,5102.8
DQN-energy,DQN,energy,4,100175,1,0,0,990.476,0.86115,6.45,11.969,9.783,101.24,5146.8
DQN-energy,DQN,energy,4,100176,0,1,0,512.838,0.46445,3.15,6.257,8.567,59.865,5256.8
DQN-energy,DQN,energy,4,100177,0,1,0,542.549,0.46985,3.45,5.815,8.088,67.083,5200.0
DQN-energy,DQN,energy,4,100178,0,1,0,226.149,0.20404,1.45,2.488,7.551,29.951,5164.8
DQN-energy,DQN,energy,4,100179,0,1,0,514.599,0.44154,3.3,7.384,10.152,50.691,5187.0
DQN-energy,DQN,energy,4,100180,0,1,0,357.305,0.31109,2.3,4.235,7.932,45.044,5171.5
DQN-energy,DQN,energy,4,100181,1,0,0,980.877,0.86155,6.4,10.984,8.764,111.916,5137.7
DQN-energy,DQN,energy,4,100182,1,0,0,1267.02,1.08699,8.3,10.854,8.323,152.234,5140.4
DQN-energy,DQN,energy,4,100183,1,0,0,1946.323,1.75758,12.55,13.996,10.261,189.685,5151.4
DQN-energy,DQN,energy,4,100184,1,0,0,636.001,0.57253,3.9,8.59,8.328,76.366,5264.1
DQN-energy,DQN,energy,4,100185,0,0,1,3096.901,2.79413,20.0,18.744,8.052,384.603,5147.6
DQN-energy,DQN,energy,4,100186,1,0,0,967.383,0.84972,6.3,11.065,8.821,109.665,5142.1
DQN-energy,DQN,energy,4,100187,0,1,0,572.227,0.48487,3.8,6.167,9.124,62.718,5116.8
DQN-energy,DQN,energy,4,100188,1,0,0,649.687,0.57261,4.1,8.585,7.177,90.521,5209.7
DQN-energy,DQN,energy,4,100189,0,1,0,517.555,0.47127,3.25,5.519,7.6,68.097,5204.3
DQN-energy,DQN,energy,4,100190,1,0,0,823.108,0.71725,5.35,9.144,7.866,104.642,5149.8
DQN-energy,DQN,energy,4,100191,1,0,0,979.038,0.86826,6.35,9.333,7.798,125.558,5146.4
DQN-energy,DQN,energy,4,100192,1,0,0,897.175,0.80948,5.65,11.414,8.535,105.122,5203.6
DQN-energy,DQN,energy,4,100193,1,0,0,1096.213,0.95999,7.15,10.754,8.356,131.191,5140.6
DQN-energy,DQN,energy,4,100194,1,0,0,948.442,0.83677,6.1,11.601,10.109,93.825,5166.9
DQN-energy,DQN,energy,4,100195,1,0,0,1110.164,0.97249,7.25,10.515,7.92,140.164,5136.9
DQN-energy,DQN,energy,4,100196,0,1,0,360.712,0.30684,2.35,4.244,10.254,35.177,5157.1
DQN-energy,DQN,energy,4,100197,1,0,0,621.033,0.55059,3.9,8.583,7.744,80.2,5217.4
DQN-energy,DQN,energy,4,100198,1,0,0,822.297,0.71707,5.4,9.919,9.256,88.84,5126.8
DQN-energy,DQN,energy,4,100199,1,0,0,849.867,0.7718,5.35,9.36,7.993,106.332,5200.6
SAC-standard,SAC,standard,0,100000,1,0,0,1168.313,0.91857,7.95,11.621,9.237,126.478,5098.9
SAC-standard,SAC,standard,0,100001,0,1,0,270.645,0.22492,1.75,2.183,9.015,30.022,5181.7
SAC-standard,SAC,standard,0,100002,1,0,0,772.882,0.61297,5.25,9.611,7.502,103.027,5099.7
SAC-standard,SAC,standard,0,100003,1,0,0,903.047,0.72605,6.1,11.155,8.219,109.873,5104.6
SAC-standard,SAC,standard,0,100004,1,0,0,1155.425,0.93485,7.6,13.423,9.385,123.108,5158.4
SAC-standard,SAC,standard,0,100005,1,0,0,1000.393,0.80284,6.65,9.955,8.165,122.517,5139.6
SAC-standard,SAC,standard,0,100006,1,0,0,950.422,0.76979,6.25,11.343,8.278,114.811,5158.9
SAC-standard,SAC,standard,0,100007,1,0,0,1260.412,1.0239,8.25,12.891,10.155,124.119,5167.0
SAC-standard,SAC,standard,0,100008,1,0,0,682.175,0.55034,4.65,9.626,7.34,92.941,5085.7
SAC-standard,SAC,standard,0,100009,1,0,0,993.988,0.79676,6.65,11.381,7.79,127.606,5127.1
SAC-standard,SAC,standard,0,100010,0,1,0,501.837,0.40445,3.35,5.437,7.373,68.062,5128.6
SAC-standard,SAC,standard,0,100011,1,0,0,955.198,0.78014,6.25,11.991,7.931,120.435,5166.3
SAC-standard,SAC,standard,0,100012,0,1,0,211.3,0.18594,1.25,1.919,9.32,22.671,5354.6
SAC-standard,SAC,standard,0,100013,1,0,0,664.899,0.5257,4.6,9.523,7.38,90.095,5063.4
SAC-standard,SAC,standard,0,100014,0,1,0,572.096,0.45881,3.8,3.95,8.825,64.824,5141.1
SAC-standard,SAC,standard,0,100015,1,0,0,1590.045,1.26249,10.75,13.222,9.791,162.404,5107.5
SAC-standard,SAC,standard,0,100016,1,0,0,1324.941,1.04971,8.9,10.566,8.596,154.143,5122.6
SAC-standard,SAC,standard,0,100017,1,0,0,842.943,0.66667,5.75,9.534,7.793,108.167,5090.4
SAC-standard,SAC,standard,0,100018,1,0,0,949.659,0.74475,6.5,11.115,9.017,105.319,5088.2
SAC-standard,SAC,standard,0,100019,1,0,0,999.241,0.79773,6.75,11.894,9.673,103.305,5106.9
SAC-standard,SAC,standard,0,100020,1,0,0,645.206,0.5188,4.45,9.198,7.819,82.519,5061.1
SAC-standard,SAC,standard,0,100021,1,0,0,1030.996,0.84812,6.8,12.454,8.23,125.275,5145.1
SAC-standard,SAC,standard,0,100022,1,0,0,958.151,0.74901,6.6,10.86,8.664,110.588,5075.4
SAC-standard,SAC,standard,0,100023,1,0,0,974.487,0.78899,6.45,11.833,8.437,115.5,5144.9
SAC-standard,SAC,standard,0,100024,1,0,0,1039.583,0.82156,7.0,12.162,9.114,114.06,5118.6
SAC-standard,SAC,standard,0,100025,0,1,0,374.077,0.32279,2.3,4.464,9.6,38.965,5277.0
SAC-standard,SAC,standard,0,100026,1,0,0,817.068,0.6471,5.6,11.678,9.501,85.997,5080.5
SAC-standard,SAC,standard,0,100027,1,0,0,1284.259,1.02746,8.65,13.34,9.666,132.865,5113.1
SAC-standard,SAC,standard,0,100028,1,0,0,1439.357,1.16594,9.55,11.454,7.748,185.764,5139.6
SAC-standard,SAC,standard,0,100029,1,0,0,1303.632,1.06167,8.55,14.218,9.057,143.938,5161.9
SAC-standard,SAC,standard,0,100030,1,0,0,1262.118,0.99501,8.55,10.747,9.276,136.065,5106.9
SAC-standard,SAC,standard,0,100031,1,0,0,771.147,0.63029,5.15,10.265,8.038,95.94,5121.6
SAC-standard,SAC,standard,0,100032,1,0,0,952.426,0.75406,6.5,10.954,7.982,119.325,5089.6
SAC-standard,SAC,standard,0,100033,1,0,0,889.738,0.71207,6.05,9.759,8.528,104.336,5091.8
SAC-standard,SAC,standard,0,100034,0,1,0,629.921,0.51568,4.1,5.827,7.85,80.24,5176.1
SAC-standard,SAC,standard,0,100035,1,0,0,1325.77,1.05106,8.95,11.769,8.919,148.64,5111.9
SAC-standard,SAC,standard,0,100036,1,0,0,1089.85,0.87628,7.35,12.944,10.5,103.797,5107.8
SAC-standard,SAC,standard,0,100037,1,0,0,847.419,0.66723,5.85,10.565,8.231,102.958,5068.5
SAC-standard,SAC,standard,0,100038,1,0,0,1231.08,0.97029,8.35,11.44,9.882,124.581,5104.5
SAC-standard,SAC,standard,0,100039,1,0,0,819.486,0.65941,5.5,10.107,8.568,95.641,5118.7
SAC-standard,SAC,standard,0,100040,1,0,0,1132.018,0.88635,7.75,12.359,10.951,103.372,5087.7
SAC-standard,SAC,standard,0,100041,1,0,0,836.299,0.67663,5.6,9.952,7.696,108.664,5120.4
SAC-standard,SAC,standard,0,100042,1,0,0,920.521,0.73194,6.2,10.114,7.881,116.799,5115.4
SAC-standard,SAC,standard,0,100043,1,0,0,772.182,0.62613,5.15,9.634,7.344,105.138,5129.1
SAC-standard,SAC,standard,0,100044,1,0,0,786.819,0.63725,5.3,11.718,10.63,74.019,5106.2
SAC-standard,SAC,standard,0,100045,1,0,0,772.33,0.62552,5.15,9.953,8.206,94.114,5128.7
SAC-standard,SAC,standard,0,100046,1,0,0,745.794,0.59632,5.05,9.546,7.34,101.613,5102.8
SAC-standard,SAC,standard,0,100047,1,0,0,1086.953,0.87449,7.2,11.969,8.979,121.059,5146.0
SAC-standard,SAC,standard,0,100048,1,0,0,717.229,0.59713,4.65,9.37,8.494,84.439,5177.6
SAC-standard,SAC,standard,0,100049,1,0,0,1385.939,1.11841,9.2,12.741,7.661,180.911,5140.3
SAC-standard,SAC,standard,0,100050,0,1,0,714.604,0.57469,4.75,6.234,9.061,78.864,5138.3
SAC-standard,SAC,standard,0,100051,0,1,0,882.549,0.70099,5.9,5.69,10.669,82.721,5131.8
SAC-standard,SAC,standard,0,100052,1,0,0,830.244,0.67439,5.5,9.574,7.616,109.008,5142.3
SAC-standard,SAC,standard,0,100053,1,0,0,938.248,0.74789,6.35,11.246,9.208,101.899,5103.6
SAC-standard,SAC,standard,0,100054,1,0,0,891.788,0.71858,5.95,9.53,7.938,112.342,5129.4
SAC-standard,SAC,standard,0,100055,1,0,0,891.258,0.71391,5.95,9.961,8.521,104.593,5130.7
SAC-standard,SAC,standard,0,100056,0,1,0,247.395,0.21785,1.5,2.689,8.489,29.142,5300.9
SAC-standard,SAC,standard,0,100057,1,0,0,970.127,0.7744,6.45,10.002,7.79,124.539,5141.1
SAC-standard,SAC,standard,0,100058,1,0,0,891.369,0.7316,5.9,9.199,7.642,116.644,5138.8
SAC-standard,SAC,standard,0,100059,1,0,0,1023.932,0.81587,6.9,11.252,8.522,120.152,5112.7
SAC-standard,SAC,standard,0,100060,1,0,0,1248.201,0.98487,8.45,12.042,10.335,120.779,5107.9
SAC-standard,SAC,standard,0,100061,1,0,0,903.243,0.71061,6.15,9.979,8.108,111.401,5097.0
SAC-standard,SAC,standard,0,100062,1,0,0,851.073,0.68782,5.65,10.159,7.732,110.065,5139.8
SAC-standard,SAC,standard,0,100063,0,1,0,912.007,0.72848,6.1,5.273,7.751,117.657,5128.1
SAC-standard,SAC,standard,0,100064,1,0,0,1180.186,0.96008,7.85,10.582,8.763,134.679,5130.3
SAC-standard,SAC,standard,0,100065,0,1,0,390.153,0.32667,2.5,4.999,7.861,49.632,5201.2
SAC-standard,SAC,standard,0,100066,1,0,0,949.533,0.75416,6.35,11.745,9.127,104.04,5131.1
SAC-standard,SAC,standard,0,100067,1,0,0,1044.6,0.82807,7.15,11.71,8.907,117.284,5083.4
SAC-standard,SAC,standard,0,100068,0,1,0,245.914,0.21097,1.5,2.297,8.563,28.718,5297.0
SAC-standard,SAC,standard,0,100069,1,0,0,936.983,0.74305,6.3,10.256,9.012,103.966,5120.2
SAC-standard,SAC,standard,0,100070,1,0,0,1241.856,0.99571,8.3,12.129,9.473,131.089,5127.8
SAC-standard,SAC,standard,0,100071,1,0,0,984.886,0.79379,6.55,11.568,8.226,119.729,5137.3
SAC-standard,SAC,standard,0,100072,1,0,0,1045.1,0.81381,7.2,10.019,7.937,131.667,5077.5
SAC-standard,SAC,standard,0,100073,1,0,0,1052.881,0.84361,7.0,10.301,8.545,123.212,5139.7
SAC-standard,SAC,standard,0,100074,1,0,0,1314.943,1.04007,8.9,11.743,10.228,128.558,5106.9
SAC-standard,SAC,standard,0,100075,1,0,0,911.456,0.74176,6.05,11.08,8.097,112.57,5137.0
SAC-standard,SAC,standard,0,100076,1,0,0,907.426,0.72992,6.15,10.939,7.909,114.728,5097.7
SAC-standard,SAC,standard,0,100077,1,0,0,905.551,0.71529,6.2,9.83,7.922,114.312,5083.7
SAC-standard,SAC,standard,0,100078,1,0,0,1141.386,0.93629,7.5,13.427,10.244,111.417,5154.3
SAC-standard,SAC,standard,0,100079,1,0,0,988.556,0.78623,6.7,11.631,9.43,104.828,5101.3
SAC-standard,SAC,standard,0,100080,0,1,0,574.392,0.45889,3.85,7.411,8.957,64.125,5123.5
SAC-standard,SAC,standard,0,100081,1,0,0,1069.36,0.8445,7.2,11.338,9.618,111.185,5119.1
SAC-standard,SAC,standard,0,100082,1,0,0,900.346,0.72271,6.05,10.757,8.391,107.294,5116.7
SAC-standard,SAC,standard,0,100083,1,0,0,1261.033,1.02279,8.35,15.163,7.864,160.349,5142.8
SAC-standard,SAC,standard,0,100084,1,0,0,1237.303,0.99953,8.25,13.009,10.165,121.718,5128.9
SAC-standard,SAC,standard,0,100085,1,0,0,868.617,0.69521,5.85,10.488,8.176,106.241,5112.6
SAC-standard,SAC,standard,0,100086,1,0,0,869.242,0.69728,5.8,10.959,7.735,112.38,5131.8
SAC-standard,SAC,standard,0,100087,1,0,0,1062.077,0.83796,7.2,10.67,8.731,121.648,5105.1
SAC-standard,SAC,standard,0,100088,1,0,0,1031.283,0.84288,6.85,12.272,9.119,113.086,5132.8
SAC-standard,SAC,standard,0,100089,1,0,0,966.736,0.7588,6.65,10.154,9.071,106.573,5076.8
SAC-standard,SAC,standard,0,100090,1,0,0,1049.623,0.84444,6.95,13.241,8.879,118.209,5147.1
SAC-standard,SAC,standard,0,100091,1,0,0,717.914,0.56139,5.0,9.362,7.545,95.151,5052.9
SAC-standard,SAC,standard,0,100092,1,0,0,889.74,0.72131,5.95,10.823,8.325,106.878,5123.4
SAC-standard,SAC,standard,0,100093,1,0,0,1241.167,0.9917,8.3,12.624,9.047,137.186,5128.5
SAC-standard,SAC,standard,0,100094,1,0,0,863.91,0.69623,5.75,10.595,7.539,114.589,5135.6
SAC-standard,SAC,standard,0,100095,1,0,0,759.226,0.6108,5.1,10.017,7.532,100.801,5116.2
SAC-standard,SAC,standard,0,100096,0,1,0,675.825,0.53278,4.6,5.004,9.195,73.501,5097.3
SAC-standard,SAC,standard,0,100097,1,0,0,917.991,0.74864,6.05,9.013,8.155,112.573,5150.3
SAC-standard,SAC,standard,0,100098,0,1,0,244.821,0.21288,1.55,2.483,7.811,31.343,5209.6
SAC-standard,SAC,standard,0,100099,1,0,0,1215.438,0.95875,8.25,10.61,8.321,146.077,5102.3
SAC-standard,SAC,standard,0,100100,1,0,0,740.932,0.60199,5.0,10.304,7.98,92.853,5102.4
SAC-standard,SAC,standard,0,100101,1,0,0,1201.128,0.95783,8.05,12.725,9.617,124.895,5124.0
SAC-standard,SAC,standard,0,100102,1,0,0,1381.891,1.09019,9.4,14.053,10.819,127.729,5097.8
SAC-standard,SAC,standard,0,100103,1,0,0,1055.078,0.83273,7.2,11.127,9.007,117.145,5090.8
SAC-standard,SAC,standard,0,100104,1,0,0,937.835,0.76925,6.2,10.816,9.087,103.206,5141.6
SAC-standard,SAC,standard,0,100105,1,0,0,988.472,0.78643,6.6,11.885,9.044,109.291,5133.4
SAC-standard,SAC,standard,0,100106,1,0,0,1288.984,1.03578,8.6,12.766,10.656,120.963,5130.8
SAC-standard,SAC,standard,0,100107,0,1,0,357.413,0.31975,2.1,4.0,8.604,41.54,5362.9
SAC-standard,SAC,standard,0,100108,1,0,0,1103.962,0.8867,7.35,10.78,8.316,132.758,5135.8
SAC-standard,SAC,standard,0,100109,1,0,0,929.766,0.77702,6.0,11.816,10.199,91.165,5185.0
SAC-standard,SAC,standard,0,100110,1,0,0,1203.075,0.97332,8.05,12.085,8.27,145.469,5122.8
SAC-standard,SAC,standard,0,100111,0,1,0,352.099,0.31659,2.05,4.082,10.062,34.994,5382.2
SAC-standard,SAC,standard,0,100112,1,0,0,1196.227,0.96029,7.95,10.577,8.496,140.795,5140.0
SAC-standard,SAC,standard,0,100113,1,0,0,795.871,0.64891,5.3,9.275,7.613,104.547,5129.4
SAC-standard,SAC,standard,0,100114,1,0,0,731.369,0.57781,5.05,10.349,8.18,89.405,5066.9
SAC-standard,SAC,standard,0,100115,1,0,0,838.704,0.66763,5.7,10.833,8.766,95.675,5096.3
SAC-standard,SAC,standard,0,100116,0,1,0,297.981,0.25105,1.85,2.173,9.065,32.871,5265.8
SAC-standard,SAC,standard,0,100117,1,0,0,872.127,0.68354,5.95,10.055,8.733,99.863,5094.8
SAC-standard,SAC,standard,0,100118,1,0,0,706.467,0.57389,4.75,10.118,8.486,83.249,5109.4
SAC-standard,SAC,standard,0,100119,1,0,0,746.594,0.61485,4.9,9.534,7.886,94.679,5155.9
SAC-standard,SAC,standard,0,100120,0,0,1,2963.881,2.33917,20.0,10.514,8.456,350.505,5114.8
SAC-standard,SAC,standard,0,100121,1,0,0,704.776,0.55664,4.9,9.693,8.116,86.836,5053.6
SAC-standard,SAC,standard,0,100122,1,0,0,1029.205,0.81303,7.0,10.061,8.641,119.102,5098.1
SAC-standard,SAC,standard,0,100123,0,1,0,510.368,0.42677,3.3,5.033,9.053,56.375,5180.3
SAC-standard,SAC,standard,0,100124,1,0,0,976.742,0.77446,6.55,11.411,9.122,107.076,5125.9
SAC-standard,SAC,standard,0,100125,0,1,0,244.128,0.22502,1.4,2.524,8.265,29.539,5407.3
SAC-standard,SAC,standard,0,100126,1,0,0,1186.029,0.94677,7.9,11.548,8.626,137.487,5137.1
SAC-standard,SAC,standard,0,100127,1,0,0,941.456,0.74538,6.4,11.138,8.644,108.915,5097.8
SAC-standard,SAC,standard,0,100128,0,1,0,694.018,0.57796,4.45,7.067,8.526,81.4,5201.3
SAC-standard,SAC,standard,0,100129,1,0,0,794.437,0.61338,5.6,11.403,9.076,87.529,5033.0
SAC-standard,SAC,standard,0,100130,1,0,0,750.279,0.58486,5.25,9.825,8.1,92.632,5043.9
SAC-standard,SAC,standard,0,100131,1,0,0,936.534,0.75858,6.15,10.941,8.285,113.046,5161.8
SAC-standard,SAC,standard,0,100132,1,0,0,921.189,0.73806,6.15,10.628,8.666,106.296,5131.1
SAC-standard,SAC,standard,0,100133,1,0,0,648.847,0.52416,4.45,9.581,7.926,81.86,5071.0
SAC-standard,SAC,standard,0,100134,1,0,0,1449.733,1.15815,9.75,14.206,9.972,145.378,5116.2
SAC-standard,SAC,standard,0,100135,1,0,0,772.167,0.62674,5.1,10.216,7.889,97.883,5148.4
SAC-standard,SAC,standard,0,100136,1,0,0,1285.216,1.02685,8.75,13.997,10.838,118.58,5090.9
SAC-standard,SAC,standard,0,100137,1,0,0,1205.931,0.94231,8.25,13.015,11.395,105.83,5090.2
SAC-standard,SAC,standard,0,100138,1,0,0,703.044,0.57845,4.65,9.607,8.268,85.035,5139.2
SAC-standard,SAC,standard,0,100139,1,0,0,806.147,0.64809,5.45,10.483,8.537,94.433,5103.2
SAC-standard,SAC,standard,0,100140,1,0,0,1067.249,0.87102,7.05,11.226,7.88,135.444,5146.1
SAC-standard,SAC,standard,0,100141,1,0,0,868.949,0.69216,5.85,10.684,8.995,96.604,5114.9
SAC-standard,SAC,standard,0,100142,1,0,0,725.859,0.58604,4.9,10.276,8.179,88.747,5103.7
SAC-standard,SAC,standard,0,100143,1,0,0,759.802,0.60278,5.15,9.315,7.809,97.301,5103.0
SAC-standard,SAC,standard,0,100144,1,0,0,848.141,0.68565,5.65,10.029,7.597,111.639,5132.1
SAC-standard,SAC,standard,0,100145,1,0,0,974.027,0.77247,6.55,10.604,8.422,115.657,5120.0
SAC-standard,SAC,standard,0,100146,1,0,0,824.498,0.66768,5.6,11.404,8.28,99.582,5089.6
SAC-standard,SAC,standard,0,100147,1,0,0,1149.843,0.90568,7.8,11.068,9.371,122.697,5104.5
SAC-standard,SAC,standard,0,100148,1,0,0,992.401,0.8075,6.5,12.931,8.724,113.761,5165.2
SAC-standard,SAC,standard,0,100149,1,0,0,828.673,0.64733,5.75,10.505,8.832,93.827,5059.7
SAC-standard,SAC,standard,0,100150,1,0,0,738.404,0.5937,5.0,10.304,9.058,81.522,5098.9
SAC-standard,SAC,standard,0,100151,1,0,0,947.29,0.75912,6.3,10.827,8.246,114.883,5138.9
SAC-standard,SAC,standard,0,100152,1,0,0,1087.039,0.88609,7.1,10.992,7.9,137.599,5169.4
SAC-standard,SAC,standard,0,100153,1,0,0,1152.799,0.91868,7.7,12.641,8.949,128.819,5132.1
SAC-standard,SAC,standard,0,100154,1,0,0,743.686,0.57317,5.25,10.133,8.276,89.863,5030.9
SAC-standard,SAC,standard,0,100155,1,0,0,783.318,0.62734,5.25,9.447,8.362,93.679,5122.6
SAC-standard,SAC,standard,0,100156,1,0,0,815.3,0.66274,5.45,10.255,8.31,98.116,5122.4
SAC-standard,SAC,standard,0,100157,0,1,0,517.02,0.42939,3.35,5.648,9.876,52.351,5178.2
SAC-standard,SAC,standard,0,100158,1,0,0,881.708,0.69934,5.95,10.553,8.77,100.541,5112.2
SAC-standard,SAC,standard,0,100159,1,0,0,679.023,0.54912,4.6,9.635,8.307,81.744,5096.3
SAC-standard,SAC,standard,0,100160,1,0,0,901.719,0.71417,6.1,10.422,8.584,105.044,5107.8
SAC-standard,SAC,standard,0,100161,1,0,0,927.86,0.73531,6.25,11.439,9.016,102.913,5116.9
SAC-standard,SAC,standard,0,100162,1,0,0,899.319,0.71445,6.05,10.866,9.181,97.951,5118.3
SAC-standard,SAC,standard,0,100163,1,0,0,1048.335,0.8339,7.05,11.869,9.207,113.858,5118.5
SAC-standard,SAC,standard,0,100164,1,0,0,1038.584,0.82357,7.1,13.304,9.548,108.776,5085.1
SAC-standard,SAC,standard,0,100165,1,0,0,801.931,0.65407,5.35,9.914,7.827,102.454,5125.0
SAC-standard,SAC,standard,0,100166,1,0,0,1084.453,0.8656,7.35,10.891,8.452,128.304,5101.6
SAC-standard,SAC,standard,0,100167,1,0,0,1031.601,0.82017,6.9,10.886,8.696,118.634,5130.1
SAC-standard,SAC,standard,0,100168,1,0,0,914.763,0.72765,6.15,9.801,8.828,103.625,5118.9
SAC-standard,SAC,standard,0,100169,1,0,0,948.808,0.75616,6.4,9.769,8.158,116.298,5111.5
SAC-standard,SAC,standard,0,100170,1,0,0,803.619,0.63261,5.5,9.057,7.95,101.086,5086.7
SAC-standard,SAC,standard,0,100171,0,1,0,470.793,0.37662,3.15,4.382,8.252,57.053,5127.1
SAC-standard,SAC,standard,0,100172,0,1,0,394.404,0.34967,2.35,4.851,8.797,44.833,5336.6
SAC-standard,SAC,standard,0,100173,1,0,0,1096.522,0.87531,7.3,11.572,9.102,120.474,5138.2
SAC-standard,SAC,standard,0,100174,1,0,0,683.949,0.52927,4.8,9.133,7.649,89.412,5041.0
SAC-standard,SAC,standard,0,100175,1,0,0,1463.871,1.17541,9.8,15.098,9.783,149.628,5124.3
SAC-standard,SAC,standard,0,100176,0,1,0,532.18,0.4422,3.45,5.256,8.567,62.123,5177.7
SAC-standard,SAC,standard,0,100177,1,0,0,864.928,0.70904,5.7,9.236,8.088,106.943,5149.2
SAC-standard,SAC,standard,0,100178,1,0,0,1445.434,1.15146,9.75,11.792,7.551,191.435,5111.0
SAC-standard,SAC,standard,0,100179,1,0,0,1249.914,0.98588,8.5,12.084,10.152,123.124,5098.4
SAC-standard,SAC,standard,0,100180,1,0,0,783.385,0.631,5.25,9.423,7.932,98.759,5120.5
SAC-standard,SAC,standard,0,100181,1,0,0,763.06,0.62542,5.05,10.583,8.764,87.063,5140.0
SAC-standard,SAC,standard,0,100182,1,0,0,757.287,0.58595,5.35,10.022,8.323,90.989,5028.6
SAC-standard,SAC,standard,0,100183,1,0,0,1382.28,1.10585,9.3,14.599,10.261,134.715,5114.5
SAC-standard,SAC,standard,0,100184,0,1,0,470.669,0.40083,3.0,4.535,8.328,56.514,5203.6
SAC-standard,SAC,standard,0,100185,1,0,0,732.399,0.5968,4.95,10.497,8.052,90.956,5098.0
SAC-standard,SAC,standard,0,100186,1,0,0,789.071,0.63282,5.3,10.713,8.821,89.451,5117.8
SAC-standard,SAC,standard,0,100187,1,0,0,858.522,0.67384,5.95,11.727,9.124,94.097,5061.0
SAC-standard,SAC,standard,0,100188,0,1,0,415.549,0.34169,2.7,3.311,7.177,57.898,5177.8
SAC-standard,SAC,standard,0,100189,1,0,0,891.401,0.71893,5.9,10.128,7.6,117.286,5146.5
SAC-standard,SAC,standard,0,100190,1,0,0,835.023,0.67353,5.6,9.72,7.866,106.157,5119.1
SAC-standard,SAC,standard,0,100191,0,1,0,271.728,0.2445,1.6,2.632,7.798,34.848,5357.3
SAC-standard,SAC,standard,0,100192,0,1,0,571.353,0.47371,3.7,5.408,8.535,66.945,5180.3
SAC-standard,SAC,standard,0,100193,1,0,0,924.26,0.7272,6.35,10.771,8.356,110.613,5079.0
SAC-standard,SAC,standard,0,100194,1,0,0,2126.194,1.71622,14.15,17.023,10.109,210.336,5133.7
SAC-standard,SAC,standard,0,100195,1,0,0,819.45,0.65881,5.55,10.051,7.92,103.46,5099.9
SAC-standard,SAC,standard,0,100196,0,1,0,766.344,0.61113,5.15,8.192,10.254,74.734,5119.2
SAC-standard,SAC,standard,0,100197,0,1,0,320.065,0.27726,1.95,3.356,7.744,41.333,5295.7
SAC-standard,SAC,standard,0,100198,1,0,0,1094.052,0.86677,7.35,12.215,9.256,118.2,5122.4
SAC-standard,SAC,standard,0,100199,0,1,0,917.457,0.78067,5.8,7.982,7.993,114.788,5222.4
SAC-standard,SAC,standard,1,100000,1,0,0,875.17,0.74403,5.65,10.838,9.237,94.743,5175.7
SAC-standard,SAC,standard,1,100001,1,0,0,839.045,0.69122,5.5,10.57,9.015,93.072,5157.5
SAC-standard,SAC,standard,1,100002,1,0,0,591.561,0.47535,3.95,8.175,7.502,78.857,5129.2
SAC-standard,SAC,standard,1,100003,1,0,0,733.438,0.59516,4.8,9.789,8.219,89.236,5167.7
SAC-standard,SAC,standard,1,100004,1,0,0,1054.026,0.8646,6.85,11.69,9.385,112.304,5178.3
SAC-standard,SAC,standard,1,100005,1,0,0,886.209,0.746,5.7,9.979,8.165,108.533,5188.7
SAC-standard,SAC,standard,1,100006,1,0,0,755.549,0.62062,4.85,9.391,8.278,91.27,5204.0
SAC-standard,SAC,standard,1,100007,1,0,0,838.221,0.69458,5.4,11.204,10.155,82.544,5192.4
SAC-standard,SAC,standard,1,100008,1,0,0,593.534,0.47076,4.0,8.437,7.34,80.865,5115.1
SAC-standard,SAC,standard,1,100009,0,0,1,2977.452,2.35366,20.0,10.575,7.79,382.238,5123.8
SAC-standard,SAC,standard,1,100010,0,1,0,367.947,0.3009,2.45,2.111,7.373,49.903,5125.1
SAC-standard,SAC,standard,1,100011,1,0,0,766.601,0.63021,4.95,9.638,7.931,96.656,5191.1
SAC-standard,SAC,standard,1,100012,1,0,0,808.015,0.65286,5.35,10.458,9.32,86.695,5144.7
SAC-standard,SAC,standard,1,100013,1,0,0,754.985,0.60282,5.15,8.437,7.38,102.301,5087.0
SAC-standard,SAC,standard,1,100014,1,0,0,725.805,0.59601,4.85,10.608,8.825,82.24,5116.0
SAC-standard,SAC,standard,1,100015,0,1,0,655.807,0.53707,4.3,4.815,9.791,66.983,5159.3
SAC-standard,SAC,standard,1,100016,1,0,0,798.401,0.64615,5.35,9.979,8.596,92.885,5117.1
SAC-standard,SAC,standard,1,100017,1,0,0,904.782,0.74671,5.9,9.613,7.793,116.102,5167.1
SAC-standard,SAC,standard,1,100018,1,0,0,837.14,0.67547,5.6,11.865,9.017,92.84,5123.8
SAC-standard,SAC,standard,1,100019,1,0,0,764.704,0.61812,5.05,10.303,9.673,79.058,5150.3
SAC-standard,SAC,standard,1,100020,1,0,0,642.253,0.52311,4.2,8.811,7.819,82.141,5167.6
SAC-standard,SAC,standard,1,100021,1,0,0,853.555,0.69658,5.55,9.701,8.23,103.715,5179.0
SAC-standard,SAC,standard,1,100022,1,0,0,737.636,0.59503,4.9,10.014,8.664,85.137,5138.1
SAC-standard,SAC,standard,1,100023,1,0,0,924.594,0.75793,6.0,9.595,8.437,109.587,5181.3
SAC-standard,SAC,standard,1,100024,1,0,0,871.294,0.71535,5.8,10.905,9.114,95.596,5125.1
SAC-standard,SAC,standard,1,100025,1,0,0,972.695,0.80587,6.25,10.512,9.6,101.318,5198.2
SAC-standard,SAC,standard,1,100026,0,1,0,472.05,0.37252,3.2,6.265,9.501,49.684,5105.3
SAC-standard,SAC,standard,1,100027,1,0,0,871.286,0.71676,5.75,11.79,9.666,90.14,5143.6
SAC-standard,SAC,standard,1,100028,0,1,0,627.083,0.50424,4.15,5.938,7.748,80.932,5148.0
SAC-standard,SAC,standard,1,100029,0,1,0,342.774,0.2763,2.25,3.561,9.057,37.847,5164.1
SAC-standard,SAC,standard,1,100030,1,0,0,1085.903,0.91092,7.2,13.606,9.276,117.068,5124.2
SAC-standard,SAC,standard,1,100031,1,0,0,687.672,0.58009,4.35,8.946,8.038,85.555,5224.4
SAC-standard,SAC,standard,1,100032,1,0,0,666.57,0.53103,4.5,9.102,7.982,83.511,5109.0
SAC-standard,SAC,standard,1,100033,1,0,0,835.613,0.68961,5.4,10.393,8.528,97.989,5187.7
SAC-standard,SAC,standard,1,100034,1,0,0,789.641,0.64914,5.15,9.593,7.85,100.585,5169.4
SAC-standard,SAC,standard,1,100035,1,0,0,737.498,0.59187,4.9,10.202,8.919,82.685,5139.8
SAC-standard,SAC,standard,1,100036,1,0,0,829.1,0.69442,5.3,12.214,10.5,78.963,5203.8
SAC-standard,SAC,standard,1,100037,1,0,0,1048.222,0.84562,7.0,9.654,8.231,127.355,5126.7
SAC-standard,SAC,standard,1,100038,1,0,0,1199.208,0.98761,8.0,14.852,9.882,121.355,5119.3
SAC-standard,SAC,standard,1,100039,1,0,0,733.185,0.6156,4.65,9.786,8.568,85.569,5220.9
SAC-standard,SAC,standard,1,100040,1,0,0,961.79,0.79422,6.4,12.227,10.951,87.827,5123.4
SAC-standard,SAC,standard,1,100041,0,1,0,413.874,0.32836,2.85,4.695,7.696,53.777,5069.5
SAC-standard,SAC,standard,1,100042,0,1,0,419.664,0.32298,2.95,5.359,7.881,53.248,5040.2
SAC-standard,SAC,standard,1,100043,0,1,0,934.782,0.75984,6.2,6.838,7.344,127.277,5138.4
SAC-standard,SAC,standard,1,100044,1,0,0,1097.811,0.91413,7.0,11.749,10.63,103.275,5212.8
SAC-standard,SAC,standard,1,100045,1,0,0,940.634,0.78427,6.1,9.27,8.206,114.623,5175.8
SAC-standard,SAC,standard,1,100046,0,1,0,545.026,0.4567,3.55,3.072,7.34,74.259,5162.6
SAC-standard,SAC,standard,1,100047,1,0,0,1122.122,0.90479,7.4,11.114,8.979,124.976,5153.9
SAC-standard,SAC,standard,1,100048,1,0,0,802.973,0.68096,5.05,10.016,8.494,94.533,5235.1
SAC-standard,SAC,standard,1,100049,1,0,0,695.532,0.57753,4.45,8.873,7.661,90.79,5206.5
SAC-standard,SAC,standard,1,100050,1,0,0,1149.83,0.95694,7.6,14.602,9.061,126.896,5133.7
SAC-standard,SAC,standard,1,100051,0,1,0,912.886,0.76635,5.9,13.364,10.669,85.564,5179.1
SAC-standard,SAC,standard,1,100052,1,0,0,1013.205,0.83908,6.55,9.44,7.616,133.031,5185.1
SAC-standard,SAC,standard,1,100053,1,0,0,980.773,0.79718,6.5,11.521,9.208,106.517,5140.5
SAC-standard,SAC,standard,1,100054,1,0,0,1089.221,0.88013,7.2,10.592,7.938,137.213,5148.2
SAC-standard,SAC,standard,1,100055,1,0,0,763.724,0.61498,5.05,9.803,8.521,89.626,5148.6
SAC-standard,SAC,standard,1,100056,1,0,0,775.934,0.63873,5.0,9.28,8.489,91.401,5194.9
SAC-standard,SAC,standard,1,100057,1,0,0,747.467,0.61254,4.85,9.5,7.79,95.956,5181.1
SAC-standard,SAC,standard,1,100058,1,0,0,809.882,0.6808,5.15,9.527,7.642,105.981,5214.3
SAC-standard,SAC,standard,1,100059,1,0,0,781.764,0.66663,4.95,9.938,8.522,91.735,5217.6
SAC-standard,SAC,standard,1,100060,0,1,0,1185.806,0.94134,7.95,5.967,10.335,114.741,5125.8
SAC-standard,SAC,standard,1,100061,1,0,0,687.97,0.55289,4.6,9.515,8.108,84.851,5125.8
SAC-standard,SAC,standard,1,100062,1,0,0,785.443,0.65293,5.05,8.972,7.732,101.577,5195.5
SAC-standard,SAC,standard,1,100063,0,1,0,548.997,0.45347,3.55,5.624,7.751,70.826,5185.4
SAC-standard,SAC,standard,1,100064,0,1,0,951.281,0.80954,6.05,12.017,8.763,108.557,5209.0
SAC-standard,SAC,standard,1,100065,1,0,0,927.841,0.76169,6.0,9.655,7.861,118.033,5188.1
SAC-standard,SAC,standard,1,100066,1,0,0,855.609,0.71365,5.6,10.767,9.127,93.749,5154.8
SAC-standard,SAC,standard,1,100067,0,1,0,551.54,0.44727,3.65,3.719,8.907,61.925,5143.7
SAC-standard,SAC,standard,1,100068,1,0,0,650.904,0.53282,4.25,8.958,8.563,76.013,5169.0
SAC-standard,SAC,standard,1,100069,1,0,0,735.14,0.59079,4.95,10.019,9.012,81.57,5110.3
SAC-standard,SAC,standard,1,100070,1,0,0,1116.979,0.93032,7.35,14.18,9.473,117.907,5143.6
SAC-standard,SAC,standard,1,100071,1,0,0,706.39,0.57926,4.6,9.433,8.226,85.873,5173.9
SAC-standard,SAC,standard,1,100072,0,1,0,198.341,0.15533,1.35,1.643,7.937,24.988,5099.9
SAC-standard,SAC,standard,1,100073,0,1,0,854.485,0.75354,5.2,9.888,8.545,99.995,5290.3
SAC-standard,SAC,standard,1,100074,1,0,0,837.987,0.68411,5.55,11.469,10.228,81.927,5139.3
SAC-standard,SAC,standard,1,100075,1,0,0,675.307,0.56143,4.3,8.749,8.097,83.405,5216.4
SAC-standard,SAC,standard,1,100076,1,0,0,689.6,0.56333,4.5,8.76,7.909,87.188,5171.2
SAC-standard,SAC,standard,1,100077,0,1,0,128.232,0.10041,0.9,0.985,7.922,16.187,5035.3
SAC-standard,SAC,standard,1,100078,1,0,0,838.903,0.70729,5.25,10.756,10.244,81.89,5248.5
SAC-standard,SAC,standard,1,100079,0,1,0,449.721,0.34619,3.15,6.653,9.43,47.689,5047.5
SAC-standard,SAC,standard,1,100080,1,0,0,685.3,0.55278,4.55,9.708,8.957,76.506,5139.6
SAC-standard,SAC,standard,1,100081,1,0,0,847.097,0.69065,5.6,10.677,9.618,88.076,5143.2
SAC-standard,SAC,standard,1,100082,1,0,0,1574.531,1.28399,10.45,15.202,8.391,187.636,5135.3
SAC-standard,SAC,standard,1,100083,1,0,0,1240.226,1.05602,7.9,11.147,7.864,157.703,5205.9
SAC-standard,SAC,standard,1,100084,1,0,0,925.494,0.75431,6.15,12.051,10.165,91.044,5131.9
SAC-standard,SAC,standard,1,100085,1,0,0,789.388,0.64986,5.15,10.275,8.176,96.55,5168.1
SAC-standard,SAC,standard,1,100086,1,0,0,676.878,0.55152,4.45,8.489,7.735,87.511,5155.8
SAC-standard,SAC,standard,1,100087,1,0,0,738.279,0.59707,4.9,9.846,8.731,84.561,5138.2
SAC-standard,SAC,standard,1,100088,1,0,0,796.124,0.66439,5.05,10.137,9.119,87.299,5223.0
SAC-standard,SAC,standard,1,100089,0,1,0,326.387,0.2538,2.3,3.733,9.071,35.981,5030.3
SAC-standard,SAC,standard,1,100090,1,0,0,800.836,0.65296,5.2,9.622,8.879,90.19,5182.2
SAC-standard,SAC,standard,1,100091,1,0,0,729.348,0.59853,4.8,8.56,7.545,96.667,5151.8
SAC-standard,SAC,standard,1,100092,1,0,0,728.741,0.59724,4.7,9.392,8.325,87.538,5194.8
SAC-standard,SAC,standard,1,100093,1,0,0,782.375,0.66538,4.95,11.027,9.047,86.476,5219.5
SAC-standard,SAC,standard,1,100094,1,0,0,679.585,0.56013,4.4,8.355,7.539,90.14,5184.4
SAC-standard,SAC,standard,1,100095,0,1,0,1077.076,0.878,7.05,8.116,7.532,143.001,5165.3
SAC-standard,SAC,standard,1,100096,1,0,0,759.516,0.6117,5.1,10.847,9.195,82.603,5114.7
SAC-standard,SAC,standard,1,100097,0,1,0,426.415,0.35193,2.75,4.522,8.155,52.291,5192.3
SAC-standard,SAC,standard,1,100098,1,0,0,675.97,0.55753,4.35,8.861,7.811,86.54,5197.3
SAC-standard,SAC,standard,1,100099,1,0,0,695.38,0.56816,4.6,9.505,8.321,83.574,5141.2
SAC-standard,SAC,standard,1,100100,0,0,1,2973.86,2.35082,20.0,10.051,7.98,372.68,5121.2
SAC-standard,SAC,standard,1,100101,1,0,0,793.026,0.67147,5.0,11.174,9.617,82.46,5230.2
SAC-standard,SAC,standard,1,100102,0,0,1,2959.399,2.34186,20.0,6.526,10.819,273.538,5110.7
SAC-standard,SAC,standard,1,100103,1,0,0,770.479,0.6245,5.1,10.216,9.007,85.546,5144.3
SAC-standard,SAC,standard,1,100104,1,0,0,762.223,0.65103,4.75,9.915,9.087,83.88,5252.0
SAC-standard,SAC,standard,1,100105,1,0,0,1172.619,0.96651,7.75,14.256,9.044,129.651,5139.2
SAC-standard,SAC,standard,1,100106,1,0,0,1189.002,0.97809,7.8,14.857,10.656,111.58,5156.0
SAC-standard,SAC,standard,1,100107,1,0,0,927.993,0.77545,6.0,9.458,8.604,107.856,5179.7
SAC-standard,SAC,standard,1,100108,1,0,0,979.371,0.79414,6.45,10.518,8.316,117.775,5154.4
SAC-standard,SAC,standard,1,100109,1,0,0,872.38,0.7358,5.5,10.949,10.199,85.538,5232.1
SAC-standard,SAC,standard,1,100110,1,0,0,675.426,0.53899,4.55,9.541,8.27,81.669,5113.0
SAC-standard,SAC,standard,1,100111,1,0,0,829.13,0.68615,5.3,10.579,10.062,82.406,5210.0
SAC-standard,SAC,standard,1,100112,1,0,0,715.27,0.59458,4.55,9.049,8.496,84.187,5218.5
SAC-standard,SAC,standard,1,100113,1,0,0,630.966,0.51453,4.15,8.66,7.613,82.885,5155.6
SAC-standard,SAC,standard,1,100114,1,0,0,676.806,0.53516,4.6,8.548,8.18,82.735,5099.1
SAC-standard,SAC,standard,1,100115,1,0,0,615.544,0.49248,4.1,8.988,8.766,70.218,5136.3
SAC-standard,SAC,standard,1,100116,0,0,1,2982.899,2.40174,20.0,16.564,9.065,329.049,5119.4
SAC-standard,SAC,standard,1,100117,0,1,0,288.965,0.21458,2.15,3.445,8.733,33.088,4939.7
SAC-standard,SAC,standard,1,100118,0,1,0,415.99,0.34215,2.7,4.961,8.486,49.02,5180.3
SAC-standard,SAC,standard,1,100119,0,1,0,477.41,0.39535,3.1,5.108,7.886,60.542,5176.2
SAC-standard,SAC,standard,1,100120,1,0,0,845.244,0.6949,5.5,9.619,8.456,99.958,5174.1
SAC-standard,SAC,standard,1,100121,1,0,0,626.162,0.4961,4.2,8.802,8.116,77.15,5125.7
SAC-standard,SAC,standard,1,100122,1,0,0,728.668,0.59489,4.85,10.453,8.641,84.323,5128.8
SAC-standard,SAC,standard,1,100123,0,0,1,2961.093,2.33478,20.0,12.544,9.053,327.081,5113.3
SAC-standard,SAC,standard,1,100124,1,0,0,791.952,0.66455,5.2,10.758,9.122,86.819,5143.9
SAC-standard,SAC,standard,1,100125,1,0,0,736.159,0.60642,4.8,9.219,8.265,89.074,5169.3
SAC-standard,SAC,standard,1,100126,1,0,0,1570.863,1.27974,10.4,14.775,8.626,182.097,5141.0
SAC-standard,SAC,standard,1,100127,0,1,0,236.633,0.17855,1.7,2.639,8.644,27.376,5004.5
SAC-standard,SAC,standard,1,100128,1,0,0,599.908,0.47582,4.05,8.792,8.526,70.362,5111.6
SAC-standard,SAC,standard,1,100129,1,0,0,632.311,0.51326,4.2,9.993,9.076,69.667,5135.7
SAC-standard,SAC,standard,1,100130,0,1,0,275.171,0.20977,1.95,2.749,8.1,33.974,5027.9
SAC-standard,SAC,standard,1,100131,1,0,0,818.021,0.68128,5.2,10.182,8.285,98.741,5219.6
SAC-standard,SAC,standard,1,100132,1,0,0,935.467,0.76627,6.1,10.006,8.666,107.943,5171.3
SAC-standard,SAC,standard,1,100133,1,0,0,638.726,0.51583,4.25,8.741,7.926,80.583,5134.6
SAC-standard,SAC,standard,1,100134,1,0,0,763.621,0.61492,5.05,10.947,9.972,76.575,5148.6
SAC-standard,SAC,standard,1,100135,0,1,0,380.976,0.3034,2.65,2.446,7.889,48.294,5045.0
SAC-standard,SAC,standard,1,100136,1,0,0,1008.025,0.8258,6.6,13.339,10.838,93.005,5162.2
SAC-standard,SAC,standard,1,100137,1,0,0,822.776,0.6659,5.5,12.294,11.395,72.205,5122.2
SAC-standard,SAC,standard,1,100138,0,1,0,251.85,0.21583,1.55,2.202,8.268,30.462,5278.5
SAC-standard,SAC,standard,1,100139,1,0,0,725.043,0.58643,4.8,9.502,8.537,84.933,5144.3
SAC-standard,SAC,standard,1,100140,1,0,0,695.982,0.56815,4.55,9.146,7.88,88.327,5167.5
SAC-standard,SAC,standard,1,100141,1,0,0,708.411,0.57899,4.65,9.715,8.995,78.757,5158.2
SAC-standard,SAC,standard,1,100142,1,0,0,1538.447,1.23315,10.3,10.288,8.179,188.097,5124.3
SAC-standard,SAC,standard,1,100143,1,0,0,1153.939,0.93322,7.65,9.991,7.809,147.774,5142.0
SAC-standard,SAC,standard,1,100144,1,0,0,727.102,0.5998,4.7,8.891,7.597,95.707,5187.2
SAC-standard,SAC,standard,1,100145,1,0,0,1044.074,0.84182,6.9,11.715,8.422,123.975,5149.5
SAC-standard,SAC,standard,1,100146,0,0,1,2978.251,2.37239,20.0,11.078,8.28,359.71,5121.3
SAC-standard,SAC,standard,1,100147,1,0,0,1151.268,0.95759,7.6,14.333,9.371,122.849,5137.2
SAC-standard,SAC,standard,1,100148,1,0,0,1045.659,0.86409,6.75,10.634,8.724,119.866,5189.1
SAC-standard,SAC,standard,1,100149,1,0,0,749.663,0.62726,4.9,10.199,8.832,84.881,5156.6
SAC-standard,SAC,standard,1,100150,1,0,0,747.181,0.61025,4.85,9.921,9.058,82.491,5182.5
SAC-standard,SAC,standard,1,100151,1,0,0,1088.081,0.90228,7.15,12.702,8.246,131.958,5148.3
SAC-standard,SAC,standard,1,100152,1,0,0,593.736,0.48915,3.85,8.342,7.9,75.156,5180.1
SAC-standard,SAC,standard,1,100153,0,1,0,1144.053,0.95517,7.45,12.883,8.949,127.842,5166.4
SAC-standard,SAC,standard,1,100154,1,0,0,644.668,0.50795,4.45,8.742,8.276,77.899,5067.8
SAC-standard,SAC,standard,1,100155,1,0,0,716.518,0.59907,4.6,9.375,8.362,85.691,5196.2
SAC-standard,SAC,standard,1,100156,1,0,0,677.355,0.56273,4.35,8.951,8.31,81.515,5198.5
SAC-standard,SAC,standard,1,100157,1,0,0,847.996,0.69434,5.5,11.377,9.876,85.863,5183.1
SAC-standard,SAC,standard,1,100158,0,1,0,674.033,0.56456,4.4,8.812,8.77,76.86,5157.4
SAC-standard,SAC,standard,1,100159,1,0,0,748.778,0.60012,5.0,9.55,8.307,90.141,5130.2
SAC-standard,SAC,standard,1,100160,1,0,0,1000.192,0.80886,6.65,10.19,8.584,116.515,5135.3
SAC-standard,SAC,standard,1,100161,1,0,0,776.224,0.63342,5.15,10.138,9.016,86.095,5135.2
SAC-standard,SAC,standard,1,100162,1,0,0,823.108,0.69916,5.25,11.267,9.181,89.651,5202.3
SAC-standard,SAC,standard,1,100163,1,0,0,782.434,0.64927,5.05,10.873,9.207,84.979,5187.4
SAC-standard,SAC,standard,1,100164,1,0,0,709.019,0.56464,4.75,10.151,9.548,74.259,5126.0
SAC-standard,SAC,standard,1,100165,1,0,0,670.458,0.56096,4.25,8.554,7.827,85.657,5223.5
SAC-standard,SAC,standard,1,100166,1,0,0,730.053,0.58832,4.85,9.949,8.452,86.374,5138.4
SAC-standard,SAC,standard,1,100167,0,1,0,970.074,0.8191,6.25,11.972,8.696,111.558,5183.9
SAC-standard,SAC,standard,1,100168,1,0,0,1294.227,1.05866,8.45,12.852,8.828,146.611,5169.6
SAC-standard,SAC,standard,1,100169,1,0,0,802.936,0.65108,5.3,9.991,8.158,98.418,5149.6
SAC-standard,SAC,standard,1,100170,0,1,0,310.624,0.25773,2.0,3.082,7.95,39.073,5193.5
SAC-standard,SAC,standard,1,100171,0,1,0,215.932,0.15677,1.65,2.435,8.252,26.167,4897.3
SAC-standard,SAC,standard,1,100172,1,0,0,864.054,0.71633,5.55,9.902,8.797,98.22,5199.2
SAC-standard,SAC,standard,1,100173,0,1,0,819.247,0.70945,5.1,9.672,9.102,90.01,5247.8
SAC-standard,SAC,standard,1,100174,0,1,0,425.769,0.36147,2.7,4.717,7.649,55.661,5216.8
SAC-standard,SAC,standard,1,100175,1,0,0,855.609,0.7084,5.55,10.886,9.783,87.455,5177.5
SAC-standard,SAC,standard,1,100176,0,0,1,2991.399,2.37976,20.0,13.003,8.567,349.196,5130.9
SAC-standard,SAC,standard,1,100177,1,0,0,705.481,0.58753,4.5,9.037,8.088,87.228,5211.6
SAC-standard,SAC,standard,1,100178,0,1,0,652.211,0.52928,4.35,4.601,7.551,86.38,5126.4
SAC-standard,SAC,standard,1,100179,1,0,0,874.577,0.72556,5.8,11.515,10.152,86.151,5128.4
SAC-standard,SAC,standard,1,100180,0,1,0,571.015,0.46053,3.8,6.513,7.932,71.986,5134.2
SAC-standard,SAC,standard,1,100181,1,0,0,2824.002,2.23323,19.0,11.056,8.764,322.213,5120.3
SAC-standard,SAC,standard,1,100182,0,1,0,729.156,0.59531,4.85,6.449,8.323,87.609,5131.2
SAC-standard,SAC,standard,1,100183,1,0,0,1080.911,0.87653,7.1,11.213,10.261,105.344,5159.4
SAC-standard,SAC,standard,1,100184,0,0,1,2977.009,2.3613,20.0,11.131,8.328,357.455,5121.9
SAC-standard,SAC,standard,1,100185,1,0,0,691.104,0.56101,4.55,9.421,8.052,85.828,5154.9
SAC-standard,SAC,standard,1,100186,0,1,0,233.492,0.18426,1.6,1.132,8.821,26.469,5082.1
SAC-standard,SAC,standard,1,100187,1,0,0,712.105,0.5714,4.8,9.909,9.124,78.049,5109.6
SAC-standard,SAC,standard,1,100188,0,1,0,495.011,0.39699,3.35,5.028,7.177,68.97,5101.1
SAC-standard,SAC,standard,1,100189,0,1,0,414.501,0.33322,2.75,4.805,7.6,54.538,5142.0
SAC-standard,SAC,standard,1,100190,0,1,0,357.426,0.29584,2.3,3.557,7.866,45.44,5195.5
SAC-standard,SAC,standard,1,100191,1,0,0,666.514,0.5543,4.3,8.572,7.798,85.478,5188.0
SAC-standard,SAC,standard,1,100192,0,1,0,402.283,0.33328,2.55,4.235,8.535,47.135,5227.6
SAC-standard,SAC,standard,1,100193,0,1,0,271.164,0.20959,1.9,3.272,8.356,32.452,5044.7
SAC-standard,SAC,standard,1,100194,0,1,0,727.653,0.60127,4.7,6.477,10.109,71.984,5187.4
SAC-standard,SAC,standard,1,100195,1,0,0,580.29,0.46846,3.85,8.389,7.92,73.264,5141.3
SAC-standard,SAC,standard,1,100196,1,0,0,1324.615,1.10394,8.8,15.862,10.254,129.176,5124.1
SAC-standard,SAC,standard,1,100197,0,0,1,2980.955,2.37133,20.0,11.215,7.744,384.962,5123.4
SAC-standard,SAC,standard,1,100198,0,1,0,870.928,0.73883,5.55,12.806,9.256,94.094,5205.8
SAC-standard,SAC,standard,1,100199,1,0,0,921.584,0.77564,5.85,9.486,7.993,115.305,5217.4
SAC-standard,SAC,standard,2,100000,1,0,0,691.01,0.54832,4.7,9.971,9.237,74.807,5095.9
SAC-standard,SAC,standard,2,100001,1,0,0,711.19,0.58017,4.8,10.076,9.015,78.89,5100.7
SAC-standard,SAC,standard,2,100002,1,0,0,769.253,0.61641,5.2,9.498,7.502,102.543,5104.7
SAC-standard,SAC,standard,2,100003,1,0,0,867.081,0.68989,5.9,10.491,8.219,105.497,5094.0
SAC-standard,SAC,standard,2,100004,0,1,0,530.471,0.45535,3.4,6.447,9.385,56.52,5189.3
SAC-standard,SAC,standard,2,100005,1,0,0,831.772,0.68957,5.45,10.624,8.165,101.866,5156.4
SAC-standard,SAC,standard,2,100006,1,0,0,807.19,0.66386,5.35,10.481,8.278,97.509,5136.0
SAC-standard,SAC,standard,2,100007,1,0,0,850.879,0.70258,5.7,12.594,10.155,83.79,5109.6
SAC-standard,SAC,standard,2,100008,1,0,0,688.493,0.55619,4.7,8.67,7.34,93.802,5080.6
SAC-standard,SAC,standard,2,100009,0,1,0,335.848,0.3061,2.0,3.592,7.79,43.115,5325.4
SAC-standard,SAC,standard,2,100010,1,0,0,739.704,0.61405,4.8,8.946,7.373,100.323,5175.6
SAC-standard,SAC,standard,2,100011,1,0,0,853.428,0.71928,5.6,10.871,7.931,107.603,5146.3
SAC-standard,SAC,standard,2,100012,1,0,0,809.098,0.68794,5.15,11.089,9.32,86.811,5206.3
SAC-standard,SAC,standard,2,100013,0,1,0,210.259,0.19427,1.2,1.421,7.38,28.49,5416.5
SAC-standard,SAC,standard,2,100014,1,0,0,606.318,0.46923,4.25,9.228,8.825,68.701,5043.5
SAC-standard,SAC,standard,2,100015,1,0,0,754.85,0.61377,5.15,11.242,9.791,77.099,5078.5
SAC-standard,SAC,standard,2,100016,1,0,0,835.154,0.6955,5.6,11.331,8.596,97.161,5105.2
SAC-standard,SAC,standard,2,100017,1,0,0,749.554,0.62419,4.9,9.605,7.793,96.183,5157.3
SAC-standard,SAC,standard,2,100018,0,0,1,2959.299,2.34967,20.0,12.527,9.017,328.191,5109.0
SAC-standard,SAC,standard,2,100019,1,0,0,861.228,0.71006,5.7,11.729,9.673,89.036,5135.6
SAC-standard,SAC,standard,2,100020,1,0,0,616.182,0.52182,4.0,8.748,7.819,78.807,5166.1
SAC-standard,SAC,standard,2,100021,1,0,0,791.131,0.657,5.05,10.125,8.23,96.13,5211.2
SAC-standard,SAC,standard,2,100022,1,0,0,864.68,0.69297,5.85,10.056,8.664,99.8,5103.1
SAC-standard,SAC,standard,2,100023,1,0,0,801.346,0.67918,5.15,10.44,8.437,94.979,5188.5
SAC-standard,SAC,standard,2,100024,0,1,0,434.009,0.3711,2.7,4.565,9.114,47.618,5255.2
SAC-standard,SAC,standard,2,100025,1,0,0,904.111,0.75914,5.7,11.681,9.6,94.174,5233.8
SAC-standard,SAC,standard,2,100026,0,1,0,1044.617,0.83881,7.05,8.895,9.501,109.947,5106.4
SAC-standard,SAC,standard,2,100027,1,0,0,929.045,0.75431,6.3,13.041,9.666,96.116,5091.1
SAC-standard,SAC,standard,2,100028,1,0,0,654.107,0.53237,4.5,9.36,7.748,84.419,5063.0
SAC-standard,SAC,standard,2,100029,1,0,0,808.177,0.69378,5.15,11.162,9.057,89.234,5201.6
SAC-standard,SAC,standard,2,100030,1,0,0,724.59,0.58896,4.8,10.159,9.276,78.116,5141.4
SAC-standard,SAC,standard,2,100031,1,0,0,908.013,0.75923,5.8,11.295,8.038,112.968,5206.2
SAC-standard,SAC,standard,2,100032,1,0,0,846.632,0.67014,5.75,10.069,7.982,106.07,5099.4
SAC-standard,SAC,standard,2,100033,0,1,0,308.787,0.23308,2.25,4.226,8.528,36.21,4974.3
SAC-standard,SAC,standard,2,100034,1,0,0,792.317,0.66984,5.1,10.117,7.85,100.926,5186.2
SAC-standard,SAC,standard,2,100035,1,0,0,707.107,0.56419,4.8,9.41,8.919,79.278,5096.7
SAC-standard,SAC,standard,2,100036,1,0,0,905.997,0.74814,5.9,12.353,10.5,86.287,5169.9
SAC-standard,SAC,standard,2,100037,1,0,0,877.861,0.68668,6.1,9.583,8.231,106.657,5057.4
SAC-standard,SAC,standard,2,100038,1,0,0,850.505,0.68343,5.7,11.125,9.882,86.068,5121.0
SAC-standard,SAC,standard,2,100039,1,0,0,718.226,0.61407,4.5,10.159,8.568,83.823,5239.3
SAC-standard,SAC,standard,2,100040,1,0,0,914.315,0.73103,6.2,12.618,10.951,83.492,5099.3
SAC-standard,SAC,standard,2,100041,1,0,0,885.487,0.7424,5.8,10.64,7.696,115.056,5151.1
SAC-standard,SAC,standard,2,100042,1,0,0,860.34,0.74094,5.5,11.155,7.881,109.163,5192.9
SAC-standard,SAC,standard,2,100043,1,0,0,706.8,0.58274,4.8,9.643,7.344,96.236,5081.7
SAC-standard,SAC,standard,2,100044,1,0,0,914.017,0.76571,5.85,12.495,10.63,85.985,5201.3
SAC-standard,SAC,standard,2,100045,0,1,0,263.824,0.20674,1.85,2.91,8.206,32.149,5037.7
SAC-standard,SAC,standard,2,100046,0,1,0,263.548,0.23161,1.6,2.396,7.34,35.908,5298.5
SAC-standard,SAC,standard,2,100047,1,0,0,914.132,0.76403,5.95,12.203,8.979,101.811,5167.0
SAC-standard,SAC,standard,2,100048,1,0,0,767.758,0.64402,4.9,10.622,8.494,90.388,5207.2
SAC-standard,SAC,standard,2,100049,1,0,0,728.039,0.60181,4.8,9.339,7.661,95.033,5145.3
SAC-standard,SAC,standard,2,100050,1,0,0,1168.309,0.96766,7.75,12.705,9.061,128.935,5129.6
SAC-standard,SAC,standard,2,100051,1,0,0,824.214,0.65674,5.6,11.981,10.669,77.253,5095.9
SAC-standard,SAC,standard,2,100052,1,0,0,825.274,0.67134,5.55,10.158,7.616,108.356,5109.5
SAC-standard,SAC,standard,2,100053,1,0,0,793.169,0.6751,5.05,11.345,9.208,86.142,5204.8
SAC-standard,SAC,standard,2,100054,0,1,0,532.195,0.4321,3.6,7.074,7.938,67.042,5098.9
SAC-standard,SAC,standard,2,100055,1,0,0,844.458,0.68152,5.7,11.441,8.521,99.1,5105.0
SAC-standard,SAC,standard,2,100056,1,0,0,825.886,0.68916,5.4,11.017,8.489,97.285,5159.0
SAC-standard,SAC,standard,2,100057,1,0,0,1282.87,1.05573,8.4,12.797,7.79,164.687,5161.8
SAC-standard,SAC,standard,2,100058,1,0,0,898.863,0.75353,5.9,11.349,7.642,117.625,5144.3
SAC-standard,SAC,standard,2,100059,0,1,0,453.378,0.3758,3.0,5.908,8.522,53.201,5137.3
SAC-standard,SAC,standard,2,100060,1,0,0,657.232,0.52919,4.55,10.925,10.335,63.595,5053.2
SAC-standard,SAC,standard,2,100061,1,0,0,733.314,0.59307,4.95,9.89,8.108,90.443,5103.8
SAC-standard,SAC,standard,2,100062,1,0,0,838.39,0.73394,5.3,10.276,7.732,108.424,5208.7
SAC-standard,SAC,standard,2,100063,0,1,0,350.478,0.3025,2.2,3.735,7.751,45.215,5230.0
SAC-standard,SAC,standard,2,100064,1,0,0,1032.676,0.86764,6.85,14.036,8.763,117.846,5121.6
SAC-standard,SAC,standard,2,100065,1,0,0,825.337,0.66513,5.55,9.931,7.861,104.993,5114.0
SAC-standard,SAC,standard,2,100066,1,0,0,755.348,0.61364,5.15,11.119,9.127,82.763,5080.2
SAC-standard,SAC,standard,2,100067,1,0,0,830.901,0.67535,5.65,11.016,8.907,93.29,5085.5
SAC-standard,SAC,standard,2,100068,0,1,0,445.587,0.35715,3.05,6.161,8.563,52.036,5077.4
SAC-standard,SAC,standard,2,100069,1,0,0,672.848,0.54328,4.65,10.243,9.012,74.658,5053.4
SAC-standard,SAC,standard,2,100070,1,0,0,1203.123,1.00909,7.85,13.544,9.473,127.0,5160.8
SAC-standard,SAC,standard,2,100071,1,0,0,1226.288,0.99253,8.3,11.528,8.226,149.076,5097.2
SAC-standard,SAC,standard,2,100072,0,0,1,2955.001,2.3305,20.0,10.786,7.937,372.287,5108.8
SAC-standard,SAC,standard,2,100073,1,0,0,813.038,0.66562,5.4,11.11,8.545,95.145,5133.5
SAC-standard,SAC,standard,2,100074,1,0,0,763.868,0.61801,5.25,11.974,10.228,74.681,5064.8
SAC-standard,SAC,standard,2,100075,1,0,0,946.259,0.78028,6.1,8.672,8.097,116.869,5193.0
SAC-standard,SAC,standard,2,100076,1,0,0,652.952,0.56204,4.1,8.643,7.909,82.554,5231.5
SAC-standard,SAC,standard,2,100077,1,0,0,1295.259,1.02468,8.75,11.57,7.922,163.506,5111.1
SAC-standard,SAC,standard,2,100078,1,0,0,1061.636,0.86866,6.95,12.704,10.244,103.633,5163.1
SAC-standard,SAC,standard,2,100079,1,0,0,993.182,0.81359,6.65,12.287,9.43,105.318,5113.7
SAC-standard,SAC,standard,2,100080,1,0,0,692.902,0.57354,4.55,10.15,8.957,77.355,5149.7
SAC-standard,SAC,standard,2,100081,1,0,0,726.657,0.58601,4.95,10.449,9.618,75.553,5085.8
SAC-standard,SAC,standard,2,100082,1,0,0,835.161,0.70433,5.35,10.64,8.391,99.526,5196.8
SAC-standard,SAC,standard,2,100083,0,1,0,407.33,0.34259,2.6,5.247,7.864,51.795,5205.7
SAC-standard,SAC,standard,2,100084,1,0,0,983.467,0.84063,6.4,12.953,10.165,96.747,5157.1
SAC-standard,SAC,standard,2,100085,1,0,0,725.206,0.58147,4.9,9.781,8.176,88.7,5106.0
SAC-standard,SAC,standard,2,100086,1,0,0,707.329,0.57827,4.75,9.366,7.735,91.447,5111.7
SAC-standard,SAC,standard,2,100087,1,0,0,616.863,0.49138,4.3,9.465,8.731,70.654,5044.4
SAC-standard,SAC,standard,2,100088,1,0,0,946.479,0.80971,5.95,11.801,9.119,103.786,5230.7
SAC-standard,SAC,standard,2,100089,1,0,0,656.24,0.50445,4.6,9.349,9.071,72.344,5046.7
SAC-standard,SAC,standard,2,100090,0,1,0,389.542,0.36033,2.3,4.837,8.879,43.87,5338.0
SAC-standard,SAC,standard,2,100091,1,0,0,742.03,0.58905,5.1,8.525,7.545,98.347,5074.0
SAC-standard,SAC,standard,2,100092,1,0,0,815.235,0.66293,5.45,9.756,8.325,97.928,5121.6
SAC-standard,SAC,standard,2,100093,0,1,0,390.405,0.32229,2.55,4.847,9.047,43.151,5164.6
SAC-standard,SAC,standard,2,100094,0,1,0,732.814,0.62129,4.8,7.54,7.539,97.2,5146.6
SAC-standard,SAC,standard,2,100095,0,1,0,121.219,0.08513,1.0,1.073,7.532,16.094,4762.6
SAC-standard,SAC,standard,2,100096,1,0,0,688.501,0.54183,4.8,9.917,9.195,74.88,5048.3
SAC-standard,SAC,standard,2,100097,1,0,0,1118.203,0.90722,7.55,12.242,8.155,137.125,5102.1
SAC-standard,SAC,standard,2,100098,1,0,0,714.523,0.57393,4.85,8.712,7.811,91.476,5094.7
SAC-standard,SAC,standard,2,100099,1,0,0,765.044,0.60118,5.25,9.009,8.321,91.947,5081.7
SAC-standard,SAC,standard,2,100100,1,0,0,742.746,0.5988,5.05,9.518,7.98,93.08,5090.2
SAC-standard,SAC,standard,2,100101,1,0,0,679.26,0.5515,4.6,10.34,9.617,70.631,5095.4
SAC-standard,SAC,standard,2,100102,1,0,0,850.903,0.69063,5.75,12.319,10.819,78.649,5099.7
SAC-standard,SAC,standard,2,100103,1,0,0,1536.673,1.21638,10.45,12.951,9.007,170.616,5097.3
SAC-standard,SAC,standard,2,100104,1,0,0,903.049,0.74775,5.9,11.346,9.087,99.378,5161.8
SAC-standard,SAC,standard,2,100105,1,0,0,655.717,0.53561,4.45,10.162,9.044,72.5,5088.3
SAC-standard,SAC,standard,2,100106,1,0,0,729.976,0.59935,4.9,11.686,10.656,68.504,5109.5
SAC-standard,SAC,standard,2,100107,1,0,0,732.418,0.63006,4.55,9.894,8.604,85.125,5255.3
SAC-standard,SAC,standard,2,100108,1,0,0,830.472,0.69577,5.4,10.784,8.316,99.869,5167.7
SAC-standard,SAC,standard,2,100109,1,0,0,1129.286,0.92277,7.4,12.132,10.199,110.728,5161.9
SAC-standard,SAC,standard,2,100110,1,0,0,856.234,0.69278,5.8,10.558,8.27,103.531,5096.0
SAC-standard,SAC,standard,2,100111,1,0,0,980.505,0.80199,6.45,11.867,10.062,97.45,5153.3
SAC-standard,SAC,standard,2,100112,0,1,0,346.322,0.31415,2.05,4.165,8.496,40.762,5341.4
SAC-standard,SAC,standard,2,100113,1,0,0,921.652,0.73708,6.2,9.87,7.613,121.069,5115.4
SAC-standard,SAC,standard,2,100114,1,0,0,837.343,0.66306,5.75,9.841,8.18,102.36,5076.4
SAC-standard,SAC,standard,2,100115,1,0,0,787.222,0.64739,5.3,11.87,8.766,89.802,5101.4
SAC-standard,SAC,standard,2,100116,1,0,0,1071.693,0.8644,7.15,13.749,9.065,118.22,5128.9
SAC-standard,SAC,standard,2,100117,1,0,0,699.582,0.55311,4.8,9.451,8.733,80.106,5079.0
SAC-standard,SAC,standard,2,100118,1,0,0,771.048,0.64066,4.95,10.799,8.486,90.859,5198.3
SAC-standard,SAC,standard,2,100119,0,1,0,549.665,0.43402,3.75,3.626,7.886,69.705,5091.4
SAC-standard,SAC,standard,2,100120,1,0,0,727.973,0.59371,4.85,9.934,8.456,86.089,5129.1
SAC-standard,SAC,standard,2,100121,1,0,0,791.437,0.63404,5.4,9.994,8.116,97.513,5085.4
SAC-standard,SAC,standard,2,100122,0,1,0,257.61,0.20719,1.7,2.702,8.641,29.811,5153.4
SAC-standard,SAC,standard,2,100123,1,0,0,732.665,0.62285,4.75,10.832,9.053,80.93,5166.7
SAC-standard,SAC,standard,2,100124,1,0,0,746.273,0.59814,5.05,10.073,9.122,81.811,5102.3
SAC-standard,SAC,standard,2,100125,1,0,0,669.974,0.55535,4.45,9.064,8.265,81.066,5127.1
SAC-standard,SAC,standard,2,100126,1,0,0,668.748,0.54453,4.5,9.465,8.626,77.522,5107.5
SAC-standard,SAC,standard,2,100127,1,0,0,778.237,0.63912,5.3,11.333,8.644,90.033,5077.7
SAC-standard,SAC,standard,2,100128,1,0,0,854.784,0.69326,5.7,11.136,8.526,100.256,5128.0
SAC-standard,SAC,standard,2,100129,1,0,0,1709.997,1.34874,11.6,11.305,9.076,188.404,5103.5
SAC-standard,SAC,standard,2,100130,1,0,0,745.952,0.59029,5.1,9.281,8.1,92.098,5086.1
SAC-standard,SAC,standard,2,100131,1,0,0,835.581,0.69207,5.55,11.34,8.285,100.86,5128.8
SAC-standard,SAC,standard,2,100132,1,0,0,773.788,0.63083,5.15,10.168,8.666,89.287,5130.7
SAC-standard,SAC,standard,2,100133,1,0,0,965.802,0.79291,6.45,12.354,7.926,121.847,5118.7
SAC-standard,SAC,standard,2,100134,1,0,0,891.993,0.72675,6.0,12.956,9.972,89.448,5106.6
SAC-standard,SAC,standard,2,100135,1,0,0,879.357,0.73359,5.75,11.456,7.889,111.471,5156.2
SAC-standard,SAC,standard,2,100136,1,0,0,996.461,0.81787,6.7,13.713,10.838,91.938,5103.5
SAC-standard,SAC,standard,2,100137,1,0,0,823.543,0.66321,5.65,12.192,11.395,72.272,5071.0
SAC-standard,SAC,standard,2,100138,1,0,0,687.675,0.57085,4.4,9.55,8.268,83.176,5206.2
SAC-standard,SAC,standard,2,100139,1,0,0,702.87,0.58662,4.55,9.491,8.537,82.335,5178.5
SAC-standard,SAC,standard,2,100140,1,0,0,833.44,0.68774,5.6,10.697,7.88,105.771,5105.4
SAC-standard,SAC,standard,2,100141,1,0,0,759.595,0.64688,4.85,10.518,8.995,84.447,5199.5
SAC-standard,SAC,standard,2,100142,1,0,0,675.96,0.58711,4.2,9.393,8.179,82.646,5250.5
SAC-standard,SAC,standard,2,100143,0,1,0,421.316,0.33558,2.9,4.831,7.809,53.954,5069.3
SAC-standard,SAC,standard,2,100144,1,0,0,683.688,0.56895,4.5,8.897,7.597,89.992,5144.3
SAC-standard,SAC,standard,2,100145,1,0,0,947.841,0.76308,6.35,12.389,8.422,112.548,5122.0
SAC-standard,SAC,standard,2,100146,1,0,0,826.038,0.68801,5.4,11.435,8.28,99.768,5158.1
SAC-standard,SAC,standard,2,100147,1,0,0,910.683,0.74553,6.05,11.414,9.371,97.177,5132.9
SAC-standard,SAC,standard,2,100148,1,0,0,850.827,0.73692,5.4,10.937,8.724,97.532,5205.2
SAC-standard,SAC,standard,2,100149,1,0,0,783.321,0.62013,5.4,9.879,8.832,88.692,5068.4
SAC-standard,SAC,standard,2,100150,1,0,0,768.579,0.65223,4.9,10.897,9.058,84.853,5204.2
SAC-standard,SAC,standard,2,100151,1,0,0,655.367,0.53962,4.4,9.124,8.246,79.48,5107.8
SAC-standard,SAC,standard,2,100152,1,0,0,815.476,0.66414,5.5,10.584,7.9,103.224,5103.5
SAC-standard,SAC,standard,2,100153,1,0,0,937.13,0.78423,6.1,11.941,8.949,104.719,5166.3
SAC-standard,SAC,standard,2,100154,0,1,0,532.022,0.41475,3.7,6.516,8.276,64.287,5057.1
SAC-standard,SAC,standard,2,100155,1,0,0,817.186,0.67832,5.4,10.509,8.362,97.73,5134.9
SAC-standard,SAC,standard,2,100156,1,0,0,979.788,0.79311,6.5,10.676,8.31,117.911,5139.3
SAC-standard,SAC,standard,2,100157,1,0,0,846.31,0.71428,5.4,12.081,9.876,85.693,5205.4
SAC-standard,SAC,standard,2,100158,1,0,0,1127.397,0.92157,7.4,13.071,8.77,128.557,5157.7
SAC-standard,SAC,standard,2,100159,1,0,0,872.327,0.71204,5.8,11.59,8.307,105.014,5130.3
SAC-standard,SAC,standard,2,100160,1,0,0,792.143,0.62582,5.45,10.373,8.584,92.279,5074.2
SAC-standard,SAC,standard,2,100161,1,0,0,953.542,0.76624,6.5,10.916,9.016,105.762,5085.4
SAC-standard,SAC,standard,2,100162,1,0,0,1074.774,0.87202,7.2,11.838,9.181,117.061,5116.3
SAC-standard,SAC,standard,2,100163,1,0,0,823.698,0.66895,5.5,10.447,9.207,89.461,5125.4
SAC-standard,SAC,standard,2,100164,1,0,0,735.055,0.59917,4.85,11.249,9.548,76.986,5146.8
SAC-standard,SAC,standard,2,100165,1,0,0,692.126,0.57767,4.4,9.059,7.827,88.425,5217.4
SAC-standard,SAC,standard,2,100166,1,0,0,612.125,0.50169,4.1,9.359,8.452,72.422,5112.9
SAC-standard,SAC,standard,2,100167,0,1,0,398.157,0.33263,2.65,6.394,8.696,45.788,5121.4
SAC-standard,SAC,standard,2,100168,1,0,0,941.124,0.76954,6.3,11.409,8.828,106.611,5114.5
SAC-standard,SAC,standard,2,100169,1,0,0,833.564,0.67073,5.6,11.036,8.158,102.172,5116.1
SAC-standard,SAC,standard,2,100170,1,0,0,704.098,0.56146,4.8,9.252,7.95,88.568,5088.2
SAC-standard,SAC,standard,2,100171,1,0,0,666.011,0.50872,4.75,8.626,8.252,80.71,5013.7
SAC-standard,SAC,standard,2,100172,0,1,0,582.021,0.49009,3.7,9.053,8.797,66.16,5215.0
SAC-standard,SAC,standard,2,100173,1,0,0,858.67,0.71039,5.65,11.612,9.102,94.341,5148.0
SAC-standard,SAC,standard,2,100174,1,0,0,910.695,0.72381,6.15,10.082,7.649,119.055,5109.7
SAC-standard,SAC,standard,2,100175,1,0,0,900.089,0.73448,5.95,11.68,9.783,92.001,5144.3
SAC-standard,SAC,standard,2,100176,1,0,0,1545.009,1.2739,10.05,14.194,8.567,180.354,5174.1
SAC-standard,SAC,standard,2,100177,1,0,0,740.177,0.61947,4.8,9.454,8.088,91.518,5172.8
SAC-standard,SAC,standard,2,100178,0,1,0,391.198,0.32621,2.55,4.664,7.551,51.811,5164.0
SAC-standard,SAC,standard,2,100179,1,0,0,713.224,0.56615,4.95,11.083,10.152,70.257,5052.9
SAC-standard,SAC,standard,2,100180,0,1,0,341.418,0.28726,2.25,3.972,7.932,43.042,5136.4
SAC-standard,SAC,standard,2,100181,0,1,0,465.603,0.37757,3.1,6.977,8.764,53.124,5130.8
SAC-standard,SAC,standard,2,100182,1,0,0,737.249,0.57299,5.15,9.369,8.323,88.582,5047.9
SAC-standard,SAC,standard,2,100183,0,1,0,530.186,0.42629,3.55,7.719,10.261,51.671,5122.2
SAC-standard,SAC,standard,2,100184,1,0,0,723.466,0.61812,4.55,10.054,8.328,86.868,5230.2
SAC-standard,SAC,standard,2,100185,0,1,0,593.268,0.4866,4.0,6.658,8.052,73.678,5100.2
SAC-standard,SAC,standard,2,100186,0,1,0,96.653,0.06487,0.85,1.018,8.821,10.957,4664.3
SAC-standard,SAC,standard,2,100187,1,0,0,738.138,0.61757,4.8,10.209,9.124,80.902,5167.2
SAC-standard,SAC,standard,2,100188,1,0,0,1027.141,0.84978,6.75,10.952,7.177,143.111,5151.3
SAC-standard,SAC,standard,2,100189,1,0,0,752.095,0.61987,4.95,9.831,7.6,98.957,5149.5
SAC-standard,SAC,standard,2,100190,1,0,0,749.974,0.65305,4.65,10.548,7.866,95.345,5253.4
SAC-standard,SAC,standard,2,100191,1,0,0,842.117,0.69168,5.6,11.706,7.798,107.998,5126.8
SAC-standard,SAC,standard,2,100192,1,0,0,870.728,0.74613,5.45,10.704,8.535,102.023,5240.6
SAC-standard,SAC,standard,2,100193,1,0,0,824.063,0.6564,5.6,10.289,8.356,98.621,5095.7
SAC-standard,SAC,standard,2,100194,1,0,0,691.594,0.57138,4.6,10.801,10.109,68.416,5125.8
SAC-standard,SAC,standard,2,100195,0,0,1,2969.224,2.37013,20.0,13.039,7.92,374.879,5114.3
SAC-standard,SAC,standard,2,100196,0,0,1,2952.393,2.34853,20.0,12.981,10.254,287.916,5103.4
SAC-standard,SAC,standard,2,100197,1,0,0,906.517,0.75567,5.95,10.945,7.744,117.068,5148.5
SAC-standard,SAC,standard,2,100198,1,0,0,875.536,0.72064,5.75,11.512,9.256,94.592,5154.5
SAC-standard,SAC,standard,2,100199,1,0,0,715.552,0.63044,4.3,9.34,7.993,89.527,5319.0
SAC-standard,SAC,standard,3,100000,1,0,0,886.037,0.69799,6.05,12.075,9.237,95.92,5090.6
SAC-standard,SAC,standard,3,100001,1,0,0,822.156,0.65877,5.5,10.584,9.015,91.199,5126.5
SAC-standard,SAC,standard,3,100002,0,1,0,178.39,0.1469,1.15,1.183,7.502,23.78,5193.5
SAC-standard,SAC,standard,3,100003,1,0,0,1072.317,0.87666,7.0,9.994,8.219,130.467,5170.1
SAC-standard,SAC,standard,3,100004,0,1,0,527.637,0.43439,3.45,6.481,9.385,56.218,5163.3
SAC-standard,SAC,standard,3,100005,1,0,0,873.305,0.73158,5.55,8.748,8.165,106.952,5217.6
SAC-standard,SAC,standard,3,100006,1,0,0,847.931,0.71474,5.4,9.637,8.278,102.43,5210.5
SAC-standard,SAC,standard,3,100007,1,0,0,854.743,0.6913,5.7,11.68,10.155,84.171,5128.6
SAC-standard,SAC,standard,3,100008,1,0,0,744.486,0.60934,4.85,8.604,7.34,101.431,5172.9
SAC-standard,SAC,standard,3,100009,1,0,0,813.454,0.68068,5.2,8.521,7.79,104.429,5206.1
SAC-standard,SAC,standard,3,100010,1,0,0,834.085,0.69666,5.4,8.901,7.373,113.123,5179.1
SAC-standard,SAC,standard,3,100011,1,0,0,804.197,0.69238,5.0,9.204,7.931,101.396,5254.7
SAC-standard,SAC,standard,3,100012,1,0,0,751.872,0.62753,4.9,10.542,9.32,80.671,5165.1
SAC-standard,SAC,standard,3,100013,1,0,0,871.076,0.70833,5.85,9.694,7.38,118.032,5110.3
SAC-standard,SAC,standard,3,100014,1,0,0,900.46,0.71343,6.1,11.77,8.825,102.03,5104.4
SAC-standard,SAC,standard,3,100015,1,0,0,857.464,0.68789,5.75,11.048,9.791,87.579,5120.4
SAC-standard,SAC,standard,3,100016,1,0,0,795.308,0.63783,5.3,9.478,8.596,92.525,5133.8
SAC-standard,SAC,standard,3,100017,1,0,0,967.166,0.8088,6.25,10.19,7.793,124.107,5181.0
SAC-standard,SAC,standard,3,100018,0,0,1,2955.949,2.32352,20.0,11.251,9.017,327.819,5110.9
SAC-standard,SAC,standard,3,100019,1,0,0,996.984,0.80182,6.65,10.251,9.673,103.071,5130.8
SAC-standard,SAC,standard,3,100020,1,0,0,666.366,0.55006,4.35,9.496,7.819,85.225,5165.6
SAC-standard,SAC,standard,3,100021,1,0,0,802.187,0.67639,5.1,9.487,8.23,97.473,5213.9
SAC-standard,SAC,standard,3,100022,1,0,0,829.499,0.68188,5.45,10.287,8.664,95.739,5151.9
SAC-standard,SAC,standard,3,100023,1,0,0,692.846,0.57194,4.45,8.952,8.437,82.119,5200.5
SAC-standard,SAC,standard,3,100024,1,0,0,1029.66,0.82319,6.9,11.21,9.114,112.972,5123.7
SAC-standard,SAC,standard,3,100025,0,1,0,620.126,0.50612,4.05,5.938,9.6,64.594,5169.8
SAC-standard,SAC,standard,3,100026,1,0,0,1081.9,0.87477,7.2,11.233,9.501,113.871,5133.8
SAC-standard,SAC,standard,3,100027,0,1,0,792.999,0.65053,5.15,9.386,9.666,82.041,5180.1
SAC-standard,SAC,standard,3,100028,1,0,0,820.387,0.6823,5.25,8.615,7.748,105.879,5206.0
SAC-standard,SAC,standard,3,100029,1,0,0,1322.77,1.08988,8.5,10.758,9.057,146.051,5200.2
SAC-standard,SAC,standard,3,100030,1,0,0,835.639,0.65923,5.75,10.719,9.276,90.088,5073.2
SAC-standard,SAC,standard,3,100031,1,0,0,640.496,0.54555,4.0,8.734,8.038,79.685,5248.9
SAC-standard,SAC,standard,3,100032,1,0,0,820.858,0.6467,5.6,10.254,7.982,102.841,5092.1
SAC-standard,SAC,standard,3,100033,1,0,0,756.908,0.65901,4.75,9.988,8.528,88.759,5227.1
SAC-standard,SAC,standard,3,100034,1,0,0,882.713,0.73153,5.7,8.92,7.85,112.441,5187.3
SAC-standard,SAC,standard,3,100035,0,1,0,343.475,0.26232,2.45,3.851,8.919,38.509,5012.5
SAC-standard,SAC,standard,3,100036,1,0,0,718.54,0.60223,4.65,11.782,10.5,68.434,5178.1
SAC-standard,SAC,standard,3,100037,0,1,0,408.991,0.3478,2.65,2.989,8.231,49.691,5166.5
SAC-standard,SAC,standard,3,100038,1,0,0,868.199,0.68529,5.95,12.371,9.882,87.858,5081.5
SAC-standard,SAC,standard,3,100039,1,0,0,936.355,0.78121,6.0,10.277,8.568,109.28,5201.5
SAC-standard,SAC,standard,3,100040,1,0,0,1256.151,1.00207,8.5,13.666,10.951,114.707,5103.9
SAC-standard,SAC,standard,3,100041,1,0,0,757.318,0.64555,4.8,8.922,7.696,98.402,5215.3
SAC-standard,SAC,standard,3,100042,1,0,0,843.318,0.70915,5.45,9.351,7.881,107.003,5178.6
SAC-standard,SAC,standard,3,100043,1,0,0,839.557,0.70399,5.35,8.63,7.344,114.312,5211.6
SAC-standard,SAC,standard,3,100044,1,0,0,777.933,0.65745,4.95,11.558,10.63,73.183,5211.6
SAC-standard,SAC,standard,3,100045,1,0,0,1333.178,1.09576,8.8,11.605,8.206,162.457,5142.8
SAC-standard,SAC,standard,3,100046,0,1,0,614.094,0.48887,4.15,4.915,7.34,83.669,5107.7
SAC-standard,SAC,standard,3,100047,1,0,0,818.986,0.67079,5.3,9.145,8.979,91.214,5187.5
SAC-standard,SAC,standard,3,100048,1,0,0,819.491,0.70245,5.1,10.131,8.494,96.478,5253.9
SAC-standard,SAC,standard,3,100049,1,0,0,801.837,0.67323,5.15,9.182,7.661,104.666,5193.7
SAC-standard,SAC,standard,3,100050,1,0,0,994.873,0.80235,6.6,13.465,9.061,109.795,5141.5
SAC-standard,SAC,standard,3,100051,1,0,0,982.171,0.77884,6.6,13.716,10.669,92.058,5121.3
SAC-standard,SAC,standard,3,100052,0,1,0,469.662,0.37861,3.15,4.468,7.616,61.665,5119.1
SAC-standard,SAC,standard,3,100053,1,0,0,1022.696,0.83334,6.8,11.194,9.208,111.07,5131.5
SAC-standard,SAC,standard,3,100054,0,1,0,402.147,0.31207,2.85,4.985,7.938,50.66,5018.4
SAC-standard,SAC,standard,3,100055,0,1,0,694.15,0.54381,4.75,6.754,8.521,81.461,5088.4
SAC-standard,SAC,standard,3,100056,1,0,0,725.128,0.60294,4.6,8.673,8.489,85.416,5224.4
SAC-standard,SAC,standard,3,100057,1,0,0,742.39,0.59646,4.95,9.363,7.79,95.304,5131.9
SAC-standard,SAC,standard,3,100058,1,0,0,1169.298,0.96639,7.55,10.018,7.642,153.014,5189.4
SAC-standard,SAC,standard,3,100059,1,0,0,872.085,0.69419,5.9,10.896,8.522,102.334,5105.3
SAC-standard,SAC,standard,3,100060,1,0,0,926.255,0.73378,6.3,11.812,10.335,89.626,5096.5
SAC-standard,SAC,standard,3,100061,0,1,0,285.405,0.22378,1.95,2.644,8.108,35.2,5090.9
SAC-standard,SAC,standard,3,100062,0,1,0,350.93,0.27078,2.5,3.587,7.732,45.384,5010.6
SAC-standard,SAC,standard,3,100063,1,0,0,728.17,0.62975,4.5,8.983,7.751,93.941,5266.2
SAC-standard,SAC,standard,3,100064,1,0,0,786.194,0.64271,5.15,10.043,8.763,89.718,5161.7
SAC-standard,SAC,standard,3,100065,0,1,0,463.61,0.3744,3.1,5.937,7.861,58.977,5123.3
SAC-standard,SAC,standard,3,100066,1,0,0,739.969,0.58988,5.0,10.237,9.127,81.078,5106.9
SAC-standard,SAC,standard,3,100067,1,0,0,1114.397,0.90844,7.4,12.363,8.907,125.12,5134.0
SAC-standard,SAC,standard,3,100068,1,0,0,774.114,0.65085,4.95,9.573,8.563,90.402,5202.5
SAC-standard,SAC,standard,3,100069,1,0,0,886.267,0.70696,5.95,10.672,9.012,98.338,5120.8
SAC-standard,SAC,standard,3,100070,1,0,0,945.918,0.76979,6.3,11.627,9.473,99.85,5127.4
SAC-standard,SAC,standard,3,100071,0,1,0,208.874,0.16187,1.45,1.552,8.226,25.392,5062.8
SAC-standard,SAC,standard,3,100072,1,0,0,1423.179,1.18119,9.5,13.289,7.937,179.3,5114.1
SAC-standard,SAC,standard,3,100073,1,0,0,792.216,0.64344,5.3,9.441,8.545,92.708,5119.2
SAC-standard,SAC,standard,3,100074,1,0,0,1007.498,0.80888,6.75,12.144,10.228,98.5,5122.4
SAC-standard,SAC,standard,3,100075,1,0,0,684.025,0.58234,4.25,8.838,8.097,84.481,5259.9
SAC-standard,SAC,standard,3,100076,1,0,0,885.31,0.74363,5.65,9.163,7.909,111.932,5207.1
SAC-standard,SAC,standard,3,100077,0,1,0,429.742,0.34931,2.9,2.733,7.922,54.248,5101.9
SAC-standard,SAC,standard,3,100078,1,0,0,718.321,0.61938,4.45,10.752,10.244,70.12,5260.2
SAC-standard,SAC,standard,3,100079,1,0,0,782.22,0.66957,5.05,11.095,9.43,82.947,5173.9
SAC-standard,SAC,standard,3,100080,1,0,0,657.931,0.54224,4.3,9.954,8.957,73.451,5163.5
SAC-standard,SAC,standard,3,100081,0,1,0,334.86,0.27784,2.15,3.684,9.618,34.817,5199.8
SAC-standard,SAC,standard,3,100082,1,0,0,1180.17,0.99101,7.7,12.807,8.391,140.64,5159.4
SAC-standard,SAC,standard,3,100083,0,0,1,2984.975,2.36073,20.0,3.472,7.864,379.56,5128.9
SAC-standard,SAC,standard,3,100084,0,1,0,588.845,0.48759,3.75,8.201,10.165,57.927,5217.8
SAC-standard,SAC,standard,3,100085,0,1,0,311.478,0.25084,2.05,3.224,8.176,38.097,5158.9
SAC-standard,SAC,standard,3,100086,1,0,0,672.53,0.55196,4.35,8.418,7.735,86.948,5187.9
SAC-standard,SAC,standard,3,100087,1,0,0,956.13,0.7609,6.5,10.65,8.731,109.513,5094.8
SAC-standard,SAC,standard,3,100088,1,0,0,704.668,0.60026,4.45,10.346,9.119,77.271,5224.8
SAC-standard,SAC,standard,3,100089,0,0,1,2948.001,2.31724,20.0,9.929,9.071,324.986,5105.2
SAC-standard,SAC,standard,3,100090,1,0,0,930.894,0.77851,5.95,10.8,8.879,104.837,5205.6
SAC-standard,SAC,standard,3,100091,1,0,0,891.675,0.75552,5.8,9.02,7.545,118.181,5160.4
SAC-standard,SAC,standard,3,100092,1,0,0,829.169,0.69173,5.3,9.181,8.325,99.602,5206.9
SAC-standard,SAC,standard,3,100093,1,0,0,876.166,0.70129,5.85,11.472,9.047,96.842,5130.8
SAC-standard,SAC,standard,3,100094,1,0,0,921.153,0.77409,5.85,8.87,7.539,122.182,5218.1
SAC-standard,SAC,standard,3,100095,1,0,0,1356.82,1.09816,9.05,11.649,7.532,180.142,5128.4
SAC-standard,SAC,standard,3,100096,1,0,0,915.209,0.72518,6.2,11.82,9.195,99.536,5104.4
SAC-standard,SAC,standard,3,100097,1,0,0,1066.61,0.89978,6.8,10.362,8.155,130.798,5207.8
SAC-standard,SAC,standard,3,100098,1,0,0,812.377,0.67924,5.2,9.233,7.811,104.003,5202.0
SAC-standard,SAC,standard,3,100099,0,0,1,2965.242,2.35393,20.0,8.301,8.321,356.377,5112.7
SAC-standard,SAC,standard,3,100100,1,0,0,678.397,0.57513,4.3,8.576,7.98,85.016,5218.9
SAC-standard,SAC,standard,3,100101,0,1,0,460.697,0.38206,2.95,5.549,9.617,47.904,5205.6
SAC-standard,SAC,standard,3,100102,0,1,0,429.487,0.34877,2.85,5.609,10.819,39.698,5138.3
SAC-standard,SAC,standard,3,100103,1,0,0,654.086,0.52773,4.4,10.043,9.007,72.623,5111.7
SAC-standard,SAC,standard,3,100104,1,0,0,751.164,0.64629,4.65,9.939,9.087,82.663,5263.9
SAC-standard,SAC,standard,3,100105,1,0,0,922.985,0.7388,6.15,12.256,9.044,102.05,5135.1
SAC-standard,SAC,standard,3,100106,1,0,0,821.966,0.66435,5.5,11.166,10.656,77.136,5121.1
SAC-standard,SAC,standard,3,100107,1,0,0,707.355,0.58678,4.55,9.073,8.604,82.212,5195.5
SAC-standard,SAC,standard,3,100108,1,0,0,883.545,0.73474,5.75,9.908,8.316,106.252,5169.1
SAC-standard,SAC,standard,3,100109,0,1,0,477.041,0.40955,2.95,6.161,10.199,46.774,5267.2
SAC-standard,SAC,standard,3,100110,1,0,0,866.335,0.69891,5.7,9.723,8.27,104.752,5159.1
SAC-standard,SAC,standard,3,100111,0,1,0,676.895,0.57231,4.4,4.949,10.062,67.275,5162.0
SAC-standard,SAC,standard,3,100112,1,0,0,796.438,0.67496,5.05,9.834,8.496,93.74,5217.8
SAC-standard,SAC,standard,3,100113,0,1,0,524.011,0.41523,3.6,6.35,7.613,68.835,5074.6
SAC-standard,SAC,standard,3,100114,1,0,0,1561.559,1.2606,10.6,13.148,8.18,190.89,5091.6
SAC-standard,SAC,standard,3,100115,1,0,0,637.675,0.5195,4.2,9.387,8.766,72.743,5152.6
SAC-standard,SAC,standard,3,100116,1,0,0,1052.379,0.84964,7.05,12.089,9.065,116.09,5119.0
SAC-standard,SAC,standard,3,100117,1,0,0,1036.095,0.8176,7.0,11.615,8.733,118.639,5112.1
SAC-standard,SAC,standard,3,100118,1,0,0,715.895,0.59715,4.6,9.643,8.486,84.36,5195.7
SAC-standard,SAC,standard,3,100119,1,0,0,704.767,0.59632,4.4,8.839,7.886,89.374,5252.2
SAC-standard,SAC,standard,3,100120,1,0,0,767.31,0.61453,5.15,9.696,8.456,90.741,5119.2
SAC-standard,SAC,standard,3,100121,1,0,0,698.786,0.56619,4.6,9.189,8.116,86.098,5155.3
SAC-standard,SAC,standard,3,100122,1,0,0,790.576,0.61643,5.5,10.527,8.641,91.487,5055.9
SAC-standard,SAC,standard,3,100123,0,1,0,256.834,0.19464,1.85,2.118,9.053,28.37,4996.2
SAC-standard,SAC,standard,3,100124,0,1,0,217.296,0.18459,1.35,1.718,9.122,23.821,5260.6
SAC-standard,SAC,standard,3,100125,1,0,0,657.169,0.53828,4.25,9.335,8.265,79.517,5189.0
SAC-standard,SAC,standard,3,100126,0,1,0,347.684,0.27565,2.35,3.439,8.626,40.304,5108.6
SAC-standard,SAC,standard,3,100127,1,0,0,680.384,0.55888,4.5,9.937,8.644,78.712,5140.1
SAC-standard,SAC,standard,3,100128,1,0,0,1166.799,0.95323,7.75,12.643,8.526,136.852,5132.8
SAC-standard,SAC,standard,3,100129,1,0,0,867.003,0.69622,5.85,11.075,9.076,95.525,5106.6
SAC-standard,SAC,standard,3,100130,1,0,0,1004.062,0.81573,6.65,10.078,8.1,123.965,5140.7
SAC-standard,SAC,standard,3,100131,1,0,0,1005.343,0.83553,6.45,10.015,8.285,121.352,5200.9
SAC-standard,SAC,standard,3,100132,1,0,0,811.593,0.64404,5.5,10.672,8.666,93.65,5102.7
SAC-standard,SAC,standard,3,100133,1,0,0,715.697,0.58175,4.7,9.561,7.926,90.293,5159.4
SAC-standard,SAC,standard,3,100134,1,0,0,1092.916,0.90273,7.15,12.19,9.972,109.596,5160.6
SAC-standard,SAC,standard,3,100135,1,0,0,2089.627,1.68502,13.8,9.901,7.889,264.89,5151.7
SAC-standard,SAC,standard,3,100136,1,0,0,1000.011,0.82778,6.55,13.031,10.838,92.266,5157.8
SAC-standard,SAC,standard,3,100137,0,0,1,2956.53,2.32955,20.0,14.525,11.395,259.458,5110.4
SAC-standard,SAC,standard,3,100138,1,0,0,669.444,0.55956,4.25,9.313,8.268,80.971,5220.8
SAC-standard,SAC,standard,3,100139,1,0,0,684.979,0.57807,4.35,9.626,8.537,80.239,5216.0
SAC-standard,SAC,standard,3,100140,1,0,0,774.89,0.65517,4.9,9.946,7.88,98.341,5224.3
SAC-standard,SAC,standard,3,100141,1,0,0,605.083,0.50211,3.95,9.628,8.995,67.269,5162.4
SAC-standard,SAC,standard,3,100142,1,0,0,1304.412,1.07145,8.6,11.728,8.179,159.483,5145.4
SAC-standard,SAC,standard,3,100143,1,0,0,849.026,0.73019,5.4,10.486,7.809,108.727,5204.1
SAC-standard,SAC,standard,3,100144,1,0,0,823.539,0.69489,5.25,9.015,7.597,108.401,5208.1
SAC-standard,SAC,standard,3,100145,1,0,0,1012.656,0.83236,6.6,10.554,8.422,120.244,5170.6
SAC-standard,SAC,standard,3,100146,1,0,0,893.303,0.73808,5.75,9.835,8.28,107.892,5196.1
SAC-standard,SAC,standard,3,100147,1,0,0,855.78,0.67738,5.8,11.654,9.371,91.318,5103.9
SAC-standard,SAC,standard,3,100148,0,1,0,502.534,0.40486,3.35,5.847,8.724,57.606,5131.7
SAC-standard,SAC,standard,3,100149,1,0,0,1055.06,0.86633,6.95,10.638,8.832,119.459,5147.9
SAC-standard,SAC,standard,3,100150,1,0,0,793.284,0.66651,5.15,10.438,9.058,87.581,5170.3
SAC-standard,SAC,standard,3,100151,1,0,0,750.374,0.60548,5.0,9.65,8.246,91.002,5131.0
SAC-standard,SAC,standard,3,100152,1,0,0,737.452,0.63478,4.6,9.144,7.9,93.348,5246.8
SAC-standard,SAC,standard,3,100153,1,0,0,1031.057,0.8281,6.85,10.701,8.949,115.215,5140.0
SAC-standard,SAC,standard,3,100154,0,1,0,460.603,0.35662,3.3,6.594,8.276,55.657,4997.1
SAC-standard,SAC,standard,3,100155,1,0,0,669.811,0.57282,4.2,9.698,8.362,80.105,5238.1
SAC-standard,SAC,standard,3,100156,1,0,0,653.005,0.54131,4.2,9.098,8.31,78.585,5196.2
SAC-standard,SAC,standard,3,100157,0,1,0,493.524,0.40555,3.2,6.247,9.876,49.971,5182.1
SAC-standard,SAC,standard,3,100158,1,0,0,932.769,0.79595,5.95,10.85,8.77,106.363,5202.2
SAC-standard,SAC,standard,3,100159,1,0,0,903.64,0.74672,5.9,10.79,8.307,108.784,5164.8
SAC-standard,SAC,standard,3,100160,1,0,0,934.654,0.7441,6.3,10.563,8.584,108.88,5112.8
SAC-standard,SAC,standard,3,100161,1,0,0,923.292,0.73762,6.2,10.622,9.016,102.407,5119.5
SAC-standard,SAC,standard,3,100162,1,0,0,830.995,0.71292,5.25,10.207,9.181,90.51,5219.6
SAC-standard,SAC,standard,3,100163,1,0,0,827.426,0.65593,5.6,11.18,9.207,89.866,5106.3
SAC-standard,SAC,standard,3,100164,1,0,0,1132.993,0.92389,7.45,12.12,9.548,118.664,5155.0
SAC-standard,SAC,standard,3,100165,1,0,0,676.882,0.57395,4.25,8.561,7.827,86.478,5238.6
SAC-standard,SAC,standard,3,100166,1,0,0,705.14,0.57659,4.6,10.301,8.452,83.427,5171.1
SAC-standard,SAC,standard,3,100167,1,0,0,748.183,0.60401,4.95,9.945,8.696,86.041,5146.2
SAC-standard,SAC,standard,3,100168,0,1,0,525.697,0.42775,3.55,6.302,8.828,59.551,5098.7
SAC-standard,SAC,standard,3,100169,1,0,0,907.541,0.73754,5.95,9.257,8.158,111.24,5162.2
SAC-standard,SAC,standard,3,100170,1,0,0,858.027,0.67988,5.8,9.666,7.95,107.93,5108.9
SAC-standard,SAC,standard,3,100171,0,0,1,2967.05,2.3608,20.0,12.434,8.252,359.559,5113.3
SAC-standard,SAC,standard,3,100172,1,0,0,725.645,0.59998,4.7,10.033,8.797,82.486,5181.8
SAC-standard,SAC,standard,3,100173,1,0,0,787.191,0.63464,5.25,10.875,9.102,86.488,5129.4
SAC-standard,SAC,standard,3,100174,0,1,0,207.425,0.16411,1.5,1.499,7.649,27.117,4972.3
SAC-standard,SAC,standard,3,100175,0,1,0,311.539,0.25936,2.0,3.263,9.783,31.844,5196.5
SAC-standard,SAC,standard,3,100176,1,0,0,819.027,0.69894,5.1,9.848,8.567,95.608,5254.6
SAC-standard,SAC,standard,3,100177,1,0,0,706.796,0.60426,4.45,9.226,8.088,87.391,5229.3
SAC-standard,SAC,standard,3,100178,0,1,0,375.353,0.30615,2.55,2.849,7.551,49.712,5085.4
SAC-standard,SAC,standard,3,100179,1,0,0,1086.482,0.86149,7.35,12.392,10.152,107.025,5107.4
SAC-standard,SAC,standard,3,100180,1,0,0,715.4,0.61596,4.5,9.023,7.932,90.188,5229.2
SAC-standard,SAC,standard,3,100181,1,0,0,697.074,0.57713,4.55,9.955,8.764,79.535,5165.4
SAC-standard,SAC,standard,3,100182,0,1,0,376.648,0.31076,2.5,2.994,8.323,45.255,5132.0
SAC-standard,SAC,standard,3,100183,1,0,0,1224.21,1.01797,8.05,12.499,10.261,119.309,5145.9
SAC-standard,SAC,standard,3,100184,1,0,0,596.183,0.50048,3.8,8.718,8.328,71.585,5210.4
SAC-standard,SAC,standard,3,100185,1,0,0,752.422,0.62606,4.8,9.881,8.052,93.443,5212.4
SAC-standard,SAC,standard,3,100186,0,1,0,666.342,0.54046,4.5,6.82,8.821,75.538,5100.8
SAC-standard,SAC,standard,3,100187,1,0,0,835.352,0.67059,5.6,9.778,9.124,91.557,5120.9
SAC-standard,SAC,standard,3,100188,1,0,0,752.114,0.64023,4.8,8.475,7.177,104.792,5202.1
SAC-standard,SAC,standard,3,100189,1,0,0,689.176,0.57006,4.45,8.645,7.6,90.678,5188.8
SAC-standard,SAC,standard,3,100190,1,0,0,731.692,0.61834,4.65,8.586,7.866,93.021,5214.4
SAC-standard,SAC,standard,3,100191,1,0,0,644.594,0.54471,4.05,8.651,7.798,82.667,5239.1
SAC-standard,SAC,standard,3,100192,1,0,0,841.938,0.71026,5.3,9.731,8.535,98.65,5235.7
SAC-standard,SAC,standard,3,100193,0,0,1,2959.031,2.33376,20.0,10.087,8.356,354.128,5111.6
SAC-standard,SAC,standard,3,100194,1,0,0,867.977,0.7082,5.7,12.025,10.109,85.865,5158.0
SAC-standard,SAC,standard,3,100195,1,0,0,732.736,0.59276,4.8,9.269,7.92,92.511,5166.9
SAC-standard,SAC,standard,3,100196,1,0,0,1283.525,1.04928,8.55,12.816,10.254,125.169,5124.8
SAC-standard,SAC,standard,3,100197,1,0,0,996.311,0.8418,6.35,9.758,7.744,128.664,5207.5
SAC-standard,SAC,standard,3,100198,1,0,0,864.053,0.68716,5.8,11.647,9.256,93.351,5122.2
SAC-standard,SAC,standard,3,100199,1,0,0,720.754,0.61809,4.45,8.709,7.993,90.178,5270.9
SAC-standard,SAC,standard,4,100000,0,1,0,444.186,0.36404,2.9,4.377,9.237,48.086,5169.0
SAC-standard,SAC,standard,4,100001,1,0,0,625.191,0.51315,4.3,10.182,9.015,69.35,5058.8
SAC-standard,SAC,standard,4,100002,1,0,0,562.81,0.44356,4.05,9.033,7.502,75.024,4981.3
SAC-standard,SAC,standard,4,100003,1,0,0,659.215,0.52813,4.55,10.083,8.219,80.206,5060.3
SAC-standard,SAC,standard,4,100004,1,0,0,751.454,0.62859,4.9,10.499,9.385,80.066,5163.2
SAC-standard,SAC,standard,4,100005,1,0,0,605.144,0.49913,4.05,9.293,8.165,74.111,5114.3
SAC-standard,SAC,standard,4,100006,1,0,0,634.214,0.5299,4.15,9.251,8.278,76.613,5156.6
SAC-standard,SAC,standard,4,100007,1,0,0,792.121,0.6597,5.25,12.037,10.155,78.004,5128.9
SAC-standard,SAC,standard,4,100008,1,0,0,618.121,0.49666,4.3,8.943,7.34,84.215,5043.4
SAC-standard,SAC,standard,4,100009,0,1,0,283.073,0.25831,1.65,2.794,7.79,36.34,5373.9
SAC-standard,SAC,standard,4,100010,0,1,0,406.078,0.3323,2.75,5.596,7.373,55.075,5092.4
SAC-standard,SAC,standard,4,100011,1,0,0,620.898,0.5111,4.2,9.461,7.931,78.285,5091.6
SAC-standard,SAC,standard,4,100012,1,0,0,1007.103,0.8034,6.8,12.045,9.32,108.056,5108.2
SAC-standard,SAC,standard,4,100013,0,1,0,206.916,0.19558,1.15,1.558,7.38,28.037,5468.5
SAC-standard,SAC,standard,4,100014,1,0,0,619.728,0.48207,4.4,9.929,8.825,70.221,5014.5
SAC-standard,SAC,standard,4,100015,1,0,0,711.43,0.56796,4.95,11.2,9.791,72.664,5045.6
SAC-standard,SAC,standard,4,100016,1,0,0,602.214,0.49159,4.2,9.954,8.596,70.061,5030.6
SAC-standard,SAC,standard,4,100017,1,0,0,612.131,0.48309,4.3,8.729,7.793,78.549,5030.9
SAC-standard,SAC,standard,4,100018,1,0,0,692.781,0.53962,4.9,10.241,9.017,76.83,5021.2
SAC-standard,SAC,standard,4,100019,1,0,0,795.073,0.64248,5.4,10.739,9.673,82.197,5090.6
SAC-standard,SAC,standard,4,100020,1,0,0,646.875,0.52392,4.5,9.58,7.819,82.733,5040.2
SAC-standard,SAC,standard,4,100021,1,0,0,726.189,0.61449,4.7,10.001,8.23,88.239,5174.4
SAC-standard,SAC,standard,4,100022,1,0,0,670.933,0.52503,4.75,10.12,8.664,77.438,5018.6
SAC-standard,SAC,standard,4,100023,1,0,0,704.59,0.57433,4.75,9.719,8.437,83.511,5103.2
SAC-standard,SAC,standard,4,100024,0,1,0,396.845,0.34884,2.4,4.578,9.114,43.541,5307.2
SAC-standard,SAC,standard,4,100025,1,0,0,885.687,0.7476,5.7,13.198,9.6,92.255,5186.6
SAC-standard,SAC,standard,4,100026,1,0,0,829.086,0.66472,5.65,10.792,9.501,87.262,5087.3
SAC-standard,SAC,standard,4,100027,1,0,0,987.056,0.78779,6.8,12.645,9.666,102.117,5067.0
SAC-standard,SAC,standard,4,100028,1,0,0,555.939,0.45062,3.85,8.532,7.748,71.75,5048.8
SAC-standard,SAC,standard,4,100029,1,0,0,809.661,0.68267,5.1,9.863,9.057,89.397,5234.4
SAC-standard,SAC,standard,4,100030,1,0,0,696.645,0.55533,4.75,10.064,9.276,75.103,5088.7
SAC-standard,SAC,standard,4,100031,1,0,0,716.897,0.58318,4.9,9.7,8.038,89.191,5075.5
SAC-standard,SAC,standard,4,100032,1,0,0,594.222,0.46022,4.3,9.228,7.982,74.447,4977.5
SAC-standard,SAC,standard,4,100033,1,0,0,632.385,0.50762,4.35,9.629,8.528,74.157,5066.4
SAC-standard,SAC,standard,4,100034,1,0,0,681.673,0.55531,4.55,9.571,7.85,86.832,5125.0
SAC-standard,SAC,standard,4,100035,1,0,0,662.917,0.52152,4.6,9.746,8.919,74.324,5057.0
SAC-standard,SAC,standard,4,100036,1,0,0,1809.661,1.45488,12.1,14.872,10.5,172.352,5126.2
SAC-standard,SAC,standard,4,100037,1,0,0,652.815,0.50645,4.7,10.348,8.231,79.314,4987.5
SAC-standard,SAC,standard,4,100038,1,0,0,896.573,0.71205,6.1,11.039,9.882,90.73,5094.5
SAC-standard,SAC,standard,4,100039,1,0,0,648.242,0.52616,4.45,10.003,8.568,75.655,5067.2
SAC-standard,SAC,standard,4,100040,1,0,0,921.944,0.72269,6.45,13.042,10.951,84.189,5041.4
SAC-standard,SAC,standard,4,100041,1,0,0,703.827,0.57209,4.8,9.287,7.696,91.452,5079.5
SAC-standard,SAC,standard,4,100042,1,0,0,687.3,0.56234,4.55,9.791,7.881,87.207,5140.4
SAC-standard,SAC,standard,4,100043,1,0,0,558.459,0.45181,3.9,8.47,7.344,76.038,5031.6
SAC-standard,SAC,standard,4,100044,1,0,0,833.466,0.6809,5.6,11.971,10.63,78.407,5109.9
SAC-standard,SAC,standard,4,100045,1,0,0,755.268,0.60649,5.2,10.184,8.206,92.035,5064.3
SAC-standard,SAC,standard,4,100046,1,0,0,517.562,0.4098,3.7,8.206,7.34,70.517,4992.3
SAC-standard,SAC,standard,4,100047,1,0,0,1068.999,0.8773,7.05,11.552,8.979,119.059,5147.0
SAC-standard,SAC,standard,4,100048,1,0,0,673.506,0.55347,4.55,9.957,8.494,79.291,5095.5
SAC-standard,SAC,standard,4,100049,1,0,0,579.444,0.47084,4.0,8.601,7.661,75.636,5054.8
SAC-standard,SAC,standard,4,100050,1,0,0,689.492,0.54603,4.7,9.843,9.061,76.093,5092.6
SAC-standard,SAC,standard,4,100051,1,0,0,1057.0,0.84476,7.2,11.605,10.669,99.072,5088.5
SAC-standard,SAC,standard,4,100052,1,0,0,629.954,0.51021,4.35,9.055,7.616,82.711,5055.0
SAC-standard,SAC,standard,4,100053,0,1,0,456.126,0.37584,3.05,6.763,9.208,49.538,5115.3
SAC-standard,SAC,standard,4,100054,1,0,0,764.894,0.62383,5.05,9.928,7.938,96.356,5146.4
SAC-standard,SAC,standard,4,100055,1,0,0,723.47,0.58256,5.0,10.211,8.521,84.902,5056.3
SAC-standard,SAC,standard,4,100056,1,0,0,769.879,0.63664,5.15,10.497,8.489,90.688,5114.1
SAC-standard,SAC,standard,4,100057,1,0,0,665.867,0.54595,4.4,9.16,7.79,85.48,5142.5
SAC-standard,SAC,standard,4,100058,1,0,0,690.841,0.56377,4.7,9.057,7.642,90.403,5083.7
SAC-standard,SAC,standard,4,100059,1,0,0,703.142,0.57554,4.65,10.426,8.522,82.509,5141.5
SAC-standard,SAC,standard,4,100060,1,0,0,849.341,0.67199,5.8,11.235,10.335,82.184,5087.9
SAC-standard,SAC,standard,4,100061,1,0,0,607.292,0.47414,4.3,9.176,8.108,74.9,5017.8
SAC-standard,SAC,standard,4,100062,1,0,0,675.415,0.55951,4.45,9.101,7.732,87.348,5145.3
SAC-standard,SAC,standard,4,100063,1,0,0,891.877,0.7463,5.75,9.345,7.751,115.06,5187.1
SAC-standard,SAC,standard,4,100064,1,0,0,717.919,0.60411,4.7,10.498,8.763,81.927,5151.5
SAC-standard,SAC,standard,4,100065,1,0,0,609.277,0.49503,4.15,8.917,7.861,77.507,5083.2
SAC-standard,SAC,standard,4,100066,1,0,0,717.219,0.58685,4.9,11.083,9.127,78.586,5072.9
SAC-standard,SAC,standard,4,100067,1,0,0,726.13,0.57038,5.1,10.339,8.907,81.527,5033.2
SAC-standard,SAC,standard,4,100068,1,0,0,871.688,0.69837,5.9,10.462,8.563,101.796,5101.0
SAC-standard,SAC,standard,4,100069,1,0,0,589.29,0.4646,4.15,9.754,9.012,65.386,5025.6
SAC-standard,SAC,standard,4,100070,1,0,0,804.431,0.65786,5.4,11.399,9.473,84.915,5110.5
SAC-standard,SAC,standard,4,100071,1,0,0,602.003,0.48253,4.15,9.021,8.226,73.183,5063.2
SAC-standard,SAC,standard,4,100072,0,1,0,448.544,0.36091,3.1,6.42,7.937,56.51,5054.6
SAC-standard,SAC,standard,4,100073,1,0,0,666.284,0.53709,4.5,9.137,8.545,77.971,5103.1
SAC-standard,SAC,standard,4,100074,0,1,0,460.91,0.38551,2.9,5.576,10.228,45.062,5239.7
SAC-standard,SAC,standard,4,100075,1,0,0,936.105,0.7557,6.25,10.441,8.097,115.615,5127.2
SAC-standard,SAC,standard,4,100076,1,0,0,820.738,0.65612,5.55,9.576,7.909,103.768,5104.6
SAC-standard,SAC,standard,4,100077,1,0,0,635.285,0.4943,4.55,9.283,7.922,80.195,4997.7
SAC-standard,SAC,standard,4,100078,1,0,0,780.246,0.64637,5.2,11.399,10.244,76.164,5120.2
SAC-standard,SAC,standard,4,100079,1,0,0,660.152,0.5166,4.65,10.445,9.43,70.003,5029.2
SAC-standard,SAC,standard,4,100080,0,1,0,468.056,0.3815,3.15,6.895,8.957,52.253,5106.4
SAC-standard,SAC,standard,4,100081,1,0,0,683.188,0.54498,4.75,10.687,9.618,71.033,5047.5
SAC-standard,SAC,standard,4,100082,1,0,0,705.549,0.57281,4.8,10.104,8.391,84.08,5085.2
SAC-standard,SAC,standard,4,100083,1,0,0,650.586,0.53937,4.3,9.375,7.864,82.726,5138.9
SAC-standard,SAC,standard,4,100084,1,0,0,765.919,0.6178,5.1,10.604,10.165,75.346,5133.5
SAC-standard,SAC,standard,4,100085,1,0,0,617.622,0.49014,4.3,8.969,8.176,75.541,5045.5
SAC-standard,SAC,standard,4,100086,0,1,0,271.214,0.24886,1.6,2.291,7.735,35.064,5342.1
SAC-standard,SAC,standard,4,100087,0,1,0,372.777,0.30382,2.45,4.624,8.731,42.697,5155.6
SAC-standard,SAC,standard,4,100088,1,0,0,722.754,0.59096,4.9,10.195,9.119,79.254,5089.7
SAC-standard,SAC,standard,4,100089,1,0,0,611.688,0.46256,4.55,10.212,9.071,67.432,4932.1
SAC-standard,SAC,standard,4,100090,1,0,0,747.322,0.61595,5.1,11.428,8.879,84.163,5072.1
SAC-standard,SAC,standard,4,100091,1,0,0,584.817,0.45802,4.2,8.946,7.545,77.511,4989.3
SAC-standard,SAC,standard,4,100092,1,0,0,664.358,0.5398,4.55,9.843,8.325,79.804,5070.9
SAC-standard,SAC,standard,4,100093,1,0,0,694.918,0.56128,4.65,9.941,9.047,76.809,5122.5
SAC-standard,SAC,standard,4,100094,1,0,0,606.256,0.49271,4.2,9.23,7.539,80.414,5047.6
SAC-standard,SAC,standard,4,100095,1,0,0,676.889,0.54205,4.6,8.782,7.532,89.869,5093.7
SAC-standard,SAC,standard,4,100096,1,0,0,663.788,0.52757,4.6,10.488,9.195,72.192,5056.1
SAC-standard,SAC,standard,4,100097,1,0,0,750.879,0.60542,5.15,9.648,8.155,92.08,5071.1
SAC-standard,SAC,standard,4,100098,0,1,0,270.569,0.24575,1.6,2.769,7.811,34.639,5342.5
SAC-standard,SAC,standard,4,100099,0,1,0,298.813,0.24639,2.0,3.461,8.321,35.913,5114.3
SAC-standard,SAC,standard,4,100100,1,0,0,662.076,0.53111,4.6,9.511,7.98,82.971,5046.5
SAC-standard,SAC,standard,4,100101,1,0,0,740.049,0.60604,4.95,10.784,9.617,76.952,5117.1
SAC-standard,SAC,standard,4,100102,1,0,0,760.524,0.59422,5.3,11.924,10.819,70.295,5050.6
SAC-standard,SAC,standard,4,100103,1,0,0,695.309,0.54272,4.85,9.625,9.007,77.2,5050.2
SAC-standard,SAC,standard,4,100104,1,0,0,684.696,0.56306,4.6,10.539,9.087,75.349,5107.5
SAC-standard,SAC,standard,4,100105,1,0,0,668.655,0.53125,4.55,9.49,9.044,73.93,5094.9
SAC-standard,SAC,standard,4,100106,1,0,0,794.316,0.66172,5.1,11.237,10.656,74.542,5196.7
SAC-standard,SAC,standard,4,100107,1,0,0,923.977,0.74963,6.2,10.783,8.604,107.389,5115.1
SAC-standard,SAC,standard,4,100108,1,0,0,745.074,0.62735,4.8,10.398,8.316,89.6,5186.0
SAC-standard,SAC,standard,4,100109,1,0,0,825.685,0.69621,5.3,11.462,10.199,80.959,5193.5
SAC-standard,SAC,standard,4,100110,1,0,0,652.396,0.5266,4.45,9.855,8.27,78.884,5081.9
SAC-standard,SAC,standard,4,100111,0,1,0,346.709,0.31339,2.05,4.095,10.062,34.459,5346.1
SAC-standard,SAC,standard,4,100112,1,0,0,661.439,0.55398,4.35,9.972,8.496,77.851,5144.5
SAC-standard,SAC,standard,4,100113,1,0,0,610.162,0.49052,4.3,9.336,7.613,80.152,5016.8
SAC-standard,SAC,standard,4,100114,1,0,0,694.529,0.5442,4.95,10.161,8.18,84.902,5004.0
SAC-standard,SAC,standard,4,100115,1,0,0,753.591,0.60569,5.2,10.654,8.766,85.966,5060.3
SAC-standard,SAC,standard,4,100116,1,0,0,744.262,0.60655,5.0,10.596,9.065,82.101,5111.1
SAC-standard,SAC,standard,4,100117,1,0,0,614.565,0.47596,4.45,10.32,8.733,70.371,4976.4
SAC-standard,SAC,standard,4,100118,1,0,0,682.718,0.55878,4.65,9.724,8.486,80.451,5080.1
SAC-standard,SAC,standard,4,100119,1,0,0,664.951,0.54435,4.5,9.303,7.886,84.325,5093.5
SAC-standard,SAC,standard,4,100120,1,0,0,620.594,0.49157,4.3,9.183,8.456,73.391,5056.3
SAC-standard,SAC,standard,4,100121,1,0,0,691.205,0.55133,4.85,10.016,8.116,85.164,5028.4
SAC-standard,SAC,standard,4,100122,1,0,0,608.502,0.47177,4.35,9.656,8.641,70.417,5002.4
SAC-standard,SAC,standard,4,100123,1,0,0,1013.156,0.81773,6.8,12.365,9.053,111.913,5116.1
SAC-standard,SAC,standard,4,100124,1,0,0,636.931,0.50675,4.45,10.098,9.122,69.824,5038.9
SAC-standard,SAC,standard,4,100125,0,1,0,267.498,0.25089,1.5,2.45,8.265,32.367,5451.2
SAC-standard,SAC,standard,4,100126,1,0,0,636.366,0.52567,4.3,9.565,8.626,73.769,5092.8
SAC-standard,SAC,standard,4,100127,1,0,0,669.485,0.52649,4.8,10.929,8.644,77.451,4990.3
SAC-standard,SAC,standard,4,100128,0,1,0,412.822,0.35397,2.65,5.862,8.526,48.419,5185.7
SAC-standard,SAC,standard,4,100129,1,0,0,871.039,0.67321,6.1,11.493,9.076,95.969,5046.1
SAC-standard,SAC,standard,4,100130,1,0,0,624.858,0.49077,4.45,9.711,8.1,77.148,5005.8
SAC-standard,SAC,standard,4,100131,1,0,0,643.209,0.53892,4.25,9.71,8.285,77.64,5134.0
SAC-standard,SAC,standard,4,100132,1,0,0,590.607,0.46437,4.15,9.331,8.666,68.15,5030.6
SAC-standard,SAC,standard,4,100133,1,0,0,682.286,0.5487,4.7,9.389,7.926,86.078,5063.1
SAC-standard,SAC,standard,4,100134,1,0,0,864.327,0.69603,5.95,12.473,9.972,86.674,5065.0
SAC-standard,SAC,standard,4,100135,1,0,0,716.432,0.58293,4.9,10.334,7.889,90.818,5073.2
SAC-standard,SAC,standard,4,100136,1,0,0,1450.469,1.1623,9.85,15.751,10.838,133.827,5094.2
SAC-standard,SAC,standard,4,100137,1,0,0,933.279,0.7239,6.55,12.854,11.395,81.902,5039.2
SAC-standard,SAC,standard,4,100138,1,0,0,660.407,0.53804,4.5,10.171,8.268,79.878,5080.4
SAC-standard,SAC,standard,4,100139,1,0,0,661.875,0.53458,4.55,9.88,8.537,77.533,5066.3
SAC-standard,SAC,standard,4,100140,1,0,0,586.106,0.48245,4.0,9.235,7.88,74.382,5072.6
SAC-standard,SAC,standard,4,100141,1,0,0,660.231,0.52094,4.6,9.62,8.995,73.4,5047.4
SAC-standard,SAC,standard,4,100142,1,0,0,743.136,0.59559,5.15,10.012,8.179,90.859,5053.0
SAC-standard,SAC,standard,4,100143,1,0,0,621.479,0.4985,4.3,8.812,7.809,79.587,5055.1
SAC-standard,SAC,standard,4,100144,1,0,0,632.159,0.51857,4.25,9.031,7.597,83.21,5106.2
SAC-standard,SAC,standard,4,100145,1,0,0,710.681,0.58394,4.65,9.688,8.422,84.387,5163.3
SAC-standard,SAC,standard,4,100146,1,0,0,745.905,0.60804,5.1,10.65,8.28,90.089,5073.5
SAC-standard,SAC,standard,4,100147,0,1,0,370.179,0.30588,2.4,4.364,9.371,39.501,5180.7
SAC-standard,SAC,standard,4,100148,1,0,0,771.629,0.64331,5.05,10.253,8.724,88.453,5157.1
SAC-standard,SAC,standard,4,100149,1,0,0,716.683,0.55684,5.05,9.791,8.832,81.147,5030.9
SAC-standard,SAC,standard,4,100150,1,0,0,651.344,0.52466,4.5,9.917,9.058,71.91,5057.6
SAC-standard,SAC,standard,4,100151,1,0,0,609.501,0.49438,4.1,8.875,8.246,73.918,5109.9
SAC-standard,SAC,standard,4,100152,1,0,0,686.223,0.55953,4.65,9.229,7.9,86.863,5090.7
SAC-standard,SAC,standard,4,100153,1,0,0,694.289,0.55955,4.65,9.546,8.949,77.583,5122.0
SAC-standard,SAC,standard,4,100154,1,0,0,675.218,0.52603,4.85,9.874,8.276,81.59,4992.3
SAC-standard,SAC,standard,4,100155,1,0,0,646.68,0.53939,4.25,9.701,8.362,77.339,5148.0
SAC-standard,SAC,standard,4,100156,0,1,0,411.173,0.35902,2.55,5.877,8.31,49.482,5253.6
SAC-standard,SAC,standard,4,100157,1,0,0,1260.54,1.01768,8.4,13.953,9.876,127.635,5131.0
SAC-standard,SAC,standard,4,100158,1,0,0,958.974,0.76427,6.5,11.118,8.77,109.351,5100.3
SAC-standard,SAC,standard,4,100159,1,0,0,668.84,0.54317,4.6,9.604,8.307,80.518,5062.2
SAC-standard,SAC,standard,4,100160,1,0,0,907.029,0.71781,6.35,11.157,8.584,105.662,5035.9
SAC-standard,SAC,standard,4,100161,1,0,0,665.313,0.52792,4.65,10.186,9.016,73.793,5037.4
SAC-standard,SAC,standard,4,100162,1,0,0,990.314,0.78972,6.7,11.866,9.181,107.862,5104.3
SAC-standard,SAC,standard,4,100163,1,0,0,708.237,0.57116,4.75,10.513,9.207,76.921,5117.8
SAC-standard,SAC,standard,4,100164,1,0,0,1007.559,0.79652,6.95,12.332,9.548,105.527,5067.8
SAC-standard,SAC,standard,4,100165,1,0,0,657.23,0.53087,4.55,9.425,7.827,83.967,5051.1
SAC-standard,SAC,standard,4,100166,1,0,0,748.574,0.60088,5.2,10.703,8.452,88.565,5046.7
SAC-standard,SAC,standard,4,100167,1,0,0,698.743,0.57022,4.6,9.587,8.696,80.355,5152.7
SAC-standard,SAC,standard,4,100168,1,0,0,922.006,0.77019,6.05,11.771,8.828,104.446,5149.6
SAC-standard,SAC,standard,4,100169,1,0,0,661.008,0.52753,4.55,9.202,8.158,81.022,5068.1
SAC-standard,SAC,standard,4,100170,0,1,0,413.513,0.33411,2.85,5.812,7.95,52.015,5058.5
SAC-standard,SAC,standard,4,100171,1,0,0,657.555,0.50627,4.75,9.776,8.252,79.685,4984.8
SAC-standard,SAC,standard,4,100172,0,1,0,401.492,0.35453,2.45,5.184,8.797,45.639,5285.5
SAC-standard,SAC,standard,4,100173,1,0,0,822.667,0.68551,5.3,10.998,9.102,90.385,5190.3
SAC-standard,SAC,standard,4,100174,1,0,0,599.705,0.46796,4.3,8.813,7.649,78.399,4994.7
SAC-standard,SAC,standard,4,100175,1,0,0,766.35,0.6128,5.25,10.995,9.783,78.331,5076.1
SAC-standard,SAC,standard,4,100176,1,0,0,754.518,0.62723,4.95,9.55,8.567,88.077,5152.1
SAC-standard,SAC,standard,4,100177,1,0,0,653.232,0.53145,4.45,9.418,8.088,80.768,5082.6
SAC-standard,SAC,standard,4,100178,1,0,0,703.654,0.57447,4.75,9.749,7.551,93.193,5099.0
SAC-standard,SAC,standard,4,100179,1,0,0,699.013,0.54877,4.85,11.049,10.152,68.857,5057.9
SAC-standard,SAC,standard,4,100180,1,0,0,619.299,0.49722,4.3,8.94,7.932,78.073,5047.4
SAC-standard,SAC,standard,4,100181,1,0,0,710.446,0.58283,4.8,9.941,8.764,81.06,5095.5
SAC-standard,SAC,standard,4,100182,1,0,0,636.46,0.49074,4.6,9.67,8.323,76.472,4981.5
SAC-standard,SAC,standard,4,100183,1,0,0,1417.06,1.1561,9.5,15.963,10.261,138.104,5113.8
SAC-standard,SAC,standard,4,100184,0,1,0,382.597,0.32807,2.45,3.898,8.328,45.939,5190.8
SAC-standard,SAC,standard,4,100185,1,0,0,690.399,0.5563,4.8,10.21,8.052,85.74,5043.1
SAC-standard,SAC,standard,4,100186,1,0,0,756.791,0.61005,5.2,10.595,8.821,85.792,5068.2
SAC-standard,SAC,standard,4,100187,1,0,0,771.268,0.61141,5.35,10.525,9.124,84.534,5055.0
SAC-standard,SAC,standard,4,100188,0,1,0,336.004,0.27902,2.2,3.057,7.177,46.815,5157.6
SAC-standard,SAC,standard,4,100189,1,0,0,683.116,0.56946,4.45,9.169,7.6,89.881,5167.6
SAC-standard,SAC,standard,4,100190,1,0,0,632.145,0.52419,4.15,9.184,7.866,80.365,5152.7
SAC-standard,SAC,standard,4,100191,1,0,0,789.906,0.64313,5.3,9.077,7.798,101.302,5113.4
SAC-standard,SAC,standard,4,100192,1,0,0,658.604,0.55923,4.25,9.415,8.535,77.168,5179.1
SAC-standard,SAC,standard,4,100193,1,0,0,655.984,0.51311,4.7,10.612,8.356,78.506,4993.3
SAC-standard,SAC,standard,4,100194,1,0,0,794.451,0.64719,5.3,10.839,10.109,78.592,5124.9
SAC-standard,SAC,standard,4,100195,1,0,0,630.883,0.50933,4.35,9.598,7.92,79.652,5059.5
SAC-standard,SAC,standard,4,100196,1,0,0,878.308,0.68457,6.15,11.405,10.254,85.652,5043.8
SAC-standard,SAC,standard,4,100197,1,0,0,798.585,0.64564,5.35,9.243,7.744,103.13,5118.6
SAC-standard,SAC,standard,4,100198,1,0,0,725.509,0.58403,4.85,9.942,9.256,78.383,5126.4
SAC-standard,SAC,standard,4,100199,1,0,0,705.323,0.59199,4.65,9.855,7.993,88.247,5137.8
SAC-energy_harv,SAC,energy_harv,0,100000,1,0,0,901.856,0.71361,6.2,10.259,9.237,97.632,5074.9
SAC-energy_harv,SAC,energy_harv,0,100001,0,1,0,388.227,0.33365,2.4,3.186,9.015,43.065,5267.5
SAC-energy_harv,SAC,energy_harv,0,100002,1,0,0,792.457,0.63094,5.5,9.802,7.502,105.637,5052.2
SAC-energy_harv,SAC,energy_harv,0,100003,1,0,0,816.56,0.65576,5.6,10.435,8.219,99.35,5073.3
SAC-energy_harv,SAC,energy_harv,0,100004,1,0,0,997.267,0.80532,6.7,11.65,9.385,106.256,5114.4
SAC-energy_harv,SAC,energy_harv,0,100005,1,0,0,813.107,0.65443,5.55,10.088,8.165,99.58,5082.0
SAC-energy_harv,SAC,energy_harv,0,100006,1,0,0,793.385,0.64576,5.35,9.841,8.278,95.841,5102.7
SAC-energy_harv,SAC,energy_harv,0,100007,1,0,0,924.273,0.7458,6.3,12.514,10.155,91.018,5083.4
SAC-energy_harv,SAC,energy_harv,0,100008,1,0,0,907.908,0.73626,6.15,10.764,7.34,123.696,5094.7
SAC-energy_harv,SAC,energy_harv,0,100009,1,0,0,851.981,0.68338,5.85,9.918,7.79,109.375,5070.7
SAC-energy_harv,SAC,energy_harv,0,100010,1,0,0,719.309,0.57175,5.0,9.447,7.373,97.557,5049.1
SAC-energy_harv,SAC,energy_harv,0,100011,1,0,0,751.717,0.60745,5.15,10.259,7.931,94.779,5073.2
SAC-energy_harv,SAC,energy_harv,0,100012,0,1,0,226.669,0.19943,1.35,2.03,9.32,24.32,5339.6
SAC-energy_harv,SAC,energy_harv,0,100013,1,0,0,707.599,0.55807,4.95,9.428,7.38,95.881,5040.4
SAC-energy_harv,SAC,energy_harv,0,100014,1,0,0,810.417,0.64468,5.65,10.48,8.825,91.828,5044.3
SAC-energy_harv,SAC,energy_harv,0,100015,1,0,0,975.521,0.79126,6.65,13.134,9.791,99.637,5082.3
SAC-energy_harv,SAC,energy_harv,0,100016,1,0,0,827.772,0.66124,5.65,10.439,8.596,96.302,5085.3
SAC-energy_harv,SAC,energy_harv,0,100017,1,0,0,664.418,0.52925,4.6,8.757,7.793,85.259,5057.9
SAC-energy_harv,SAC,energy_harv,0,100018,1,0,0,1040.309,0.83451,7.1,11.832,9.017,115.372,5084.6
SAC-energy_harv,SAC,energy_harv,0,100019,1,0,0,789.154,0.63287,5.4,10.865,9.673,81.585,5078.5
SAC-energy_harv,SAC,energy_harv,0,100020,1,0,0,662.154,0.53557,4.6,9.731,7.819,84.687,5043.9
SAC-energy_harv,SAC,energy_harv,0,100021,1,0,0,872.966,0.71857,5.8,10.845,8.23,106.073,5130.8
SAC-energy_harv,SAC,energy_harv,0,100022,1,0,0,835.343,0.65819,5.8,10.614,8.664,96.414,5055.6
SAC-energy_harv,SAC,energy_harv,0,100023,1,0,0,753.547,0.60676,5.15,9.715,8.437,89.313,5080.1
SAC-energy_harv,SAC,energy_harv,0,100024,1,0,0,992.399,0.80134,6.75,12.105,9.114,108.883,5087.5
SAC-energy_harv,SAC,energy_harv,0,100025,1,0,0,867.822,0.71367,5.75,10.901,9.6,90.394,5136.7
SAC-energy_harv,SAC,energy_harv,0,100026,1,0,0,827.821,0.66571,5.65,11.123,9.501,87.129,5082.8
SAC-energy_harv,SAC,energy_harv,0,100027,1,0,0,921.593,0.75508,6.25,12.703,9.666,95.345,5088.0
SAC-energy_harv,SAC,energy_harv,0,100028,1,0,0,780.39,0.62647,5.35,9.935,7.748,100.717,5073.9
SAC-energy_harv,SAC,energy_harv,0,100029,1,0,0,976.956,0.78522,6.6,11.305,9.057,107.869,5104.4
SAC-energy_harv,SAC,energy_harv,0,100030,1,0,0,778.734,0.61545,5.4,9.829,9.276,83.953,5057.5
SAC-energy_harv,SAC,energy_harv,0,100031,1,0,0,716.399,0.58775,4.85,10.137,8.038,89.129,5091.8
SAC-energy_harv,SAC,energy_harv,0,100032,1,0,0,753.571,0.59407,5.3,10.101,7.982,94.411,5029.1
SAC-energy_harv,SAC,energy_harv,0,100033,1,0,0,685.9,0.54555,4.75,9.448,8.528,80.432,5057.6
SAC-energy_harv,SAC,energy_harv,0,100034,1,0,0,720.699,0.57785,4.95,9.263,7.85,91.803,5071.6
SAC-energy_harv,SAC,energy_harv,0,100035,1,0,0,839.028,0.65965,5.8,9.948,8.919,94.069,5065.9
SAC-energy_harv,SAC,energy_harv,0,100036,1,0,0,913.996,0.73057,6.2,12.981,10.5,87.049,5098.6
SAC-energy_harv,SAC,energy_harv,0,100037,1,0,0,806.888,0.63235,5.65,10.659,8.231,98.034,5038.9
SAC-energy_harv,SAC,energy_harv,0,100038,1,0,0,816.942,0.64854,5.7,10.864,9.882,82.671,5043.3
SAC-energy_harv,SAC,energy_harv,0,100039,1,0,0,732.079,0.59588,4.95,9.853,8.568,85.44,5098.4
SAC-energy_harv,SAC,energy_harv,0,100040,1,0,0,1048.958,0.8395,7.2,12.986,10.951,95.787,5074.4
SAC-energy_harv,SAC,energy_harv,0,100041,1,0,0,725.438,0.58449,4.95,9.403,7.696,94.26,5082.7
SAC-energy_harv,SAC,energy_harv,0,100042,1,0,0,729.548,0.57978,5.0,9.166,7.881,92.568,5080.1
SAC-energy_harv,SAC,energy_harv,0,100043,1,0,0,682.182,0.54786,4.7,8.938,7.344,92.884,5064.5
SAC-energy_harv,SAC,energy_harv,0,100044,1,0,0,792.016,0.64167,5.35,11.884,10.63,74.508,5099.9
SAC-energy_harv,SAC,energy_harv,0,100045,1,0,0,756.351,0.61662,5.1,10.5,8.206,92.166,5103.1
SAC-energy_harv,SAC,energy_harv,0,100046,1,0,0,782.146,0.62621,5.4,9.758,7.34,106.566,5060.1
SAC-energy_harv,SAC,energy_harv,0,100047,1,0,0,961.08,0.7901,6.35,10.762,8.979,107.04,5141.9
SAC-energy_harv,SAC,energy_harv,0,100048,1,0,0,743.418,0.61108,5.0,10.227,8.494,87.522,5104.8
SAC-energy_harv,SAC,energy_harv,0,100049,1,0,0,662.657,0.5345,4.55,9.016,7.661,86.499,5069.7
SAC-energy_harv,SAC,energy_harv,0,100050,1,0,0,765.26,0.60869,5.3,9.693,9.061,84.454,5058.1
SAC-energy_harv,SAC,energy_harv,0,100051,0,1,0,509.847,0.42254,3.35,5.578,10.669,47.788,5151.9
SAC-energy_harv,SAC,energy_harv,0,100052,1,0,0,672.774,0.54833,4.6,9.525,7.616,88.333,5074.7
SAC-energy_harv,SAC,energy_harv,0,100053,1,0,0,729.049,0.57632,5.1,10.484,9.208,79.179,5039.0
SAC-energy_harv,SAC,energy_harv,0,100054,1,0,0,1004.569,0.80496,6.85,9.287,7.938,126.549,5086.6
SAC-energy_harv,SAC,energy_harv,0,100055,1,0,0,901.906,0.72374,6.15,11.01,8.521,105.842,5084.2
SAC-energy_harv,SAC,energy_harv,0,100056,0,1,0,428.421,0.37003,2.7,3.5,8.489,50.466,5223.2
SAC-energy_harv,SAC,energy_harv,0,100057,1,0,0,745.263,0.59649,5.1,8.456,7.79,95.673,5079.9
SAC-energy_harv,SAC,energy_harv,0,100058,1,0,0,665.839,0.54993,4.5,9.239,7.642,87.132,5092.9
SAC-energy_harv,SAC,energy_harv,0,100059,1,0,0,1296.862,1.04831,8.8,12.323,8.522,152.179,5093.1
SAC-energy_harv,SAC,energy_harv,0,100060,1,0,0,863.051,0.69456,5.95,11.49,10.335,83.511,5062.7
SAC-energy_harv,SAC,energy_harv,0,100061,1,0,0,805.781,0.64124,5.6,10.58,8.108,99.381,5049.5
SAC-energy_harv,SAC,energy_harv,0,100062,1,0,0,678.38,0.55409,4.55,8.836,7.732,87.731,5114.6
SAC-energy_harv,SAC,energy_harv,0,100063,1,0,0,942.17,0.76361,6.35,9.818,7.751,121.548,5106.0
SAC-energy_harv,SAC,energy_harv,0,100064,1,0,0,995.403,0.80388,6.75,10.792,8.763,113.592,5094.5
SAC-energy_harv,SAC,energy_harv,0,100065,1,0,0,662.843,0.5415,4.5,9.267,7.861,84.322,5088.7
SAC-energy_harv,SAC,energy_harv,0,100066,1,0,0,910.21,0.7329,6.25,12.388,9.127,99.732,5070.7
SAC-energy_harv,SAC,energy_harv,0,100067,1,0,0,836.459,0.65893,5.85,11.472,8.907,93.914,5040.8
SAC-energy_harv,SAC,energy_harv,0,100068,1,0,0,983.494,0.80419,6.65,9.751,8.563,114.853,5094.4
SAC-energy_harv,SAC,energy_harv,0,100069,1,0,0,891.711,0.72071,6.15,11.855,9.012,98.943,5060.1
SAC-energy_harv,SAC,energy_harv,0,100070,1,0,0,940.139,0.76071,6.4,11.395,9.473,99.24,5086.2
SAC-energy_harv,SAC,energy_harv,0,100071,1,0,0,813.134,0.65412,5.55,10.276,8.226,98.85,5082.6
SAC-energy_harv,SAC,energy_harv,0,100072,0,1,0,515.718,0.41924,3.5,6.788,7.937,64.973,5090.1
SAC-energy_harv,SAC,energy_harv,0,100073,1,0,0,871.883,0.70195,5.9,9.694,8.545,102.031,5099.9
SAC-energy_harv,SAC,energy_harv,0,100074,1,0,0,926.694,0.75008,6.4,12.986,10.228,90.6,5056.8
SAC-energy_harv,SAC,energy_harv,0,100075,1,0,0,874.174,0.71141,5.9,10.745,8.097,107.966,5100.4
SAC-energy_harv,SAC,energy_harv,0,100076,1,0,0,988.148,0.80498,6.7,12.1,7.909,124.933,5091.8
SAC-energy_harv,SAC,energy_harv,0,100077,1,0,0,770.824,0.60148,5.45,9.221,7.922,97.305,5023.1
SAC-energy_harv,SAC,energy_harv,0,100078,1,0,0,885.381,0.72656,5.9,11.553,10.244,86.427,5125.4
SAC-energy_harv,SAC,energy_harv,0,100079,1,0,0,809.656,0.64159,5.6,10.679,9.43,85.857,5060.6
SAC-energy_harv,SAC,energy_harv,0,100080,0,1,0,573.275,0.46077,3.9,8.254,8.957,64.0,5089.9
SAC-energy_harv,SAC,energy_harv,0,100081,1,0,0,953.256,0.77058,6.5,12.541,9.618,99.113,5082.9
SAC-energy_harv,SAC,energy_harv,0,100082,1,0,0,793.634,0.63717,5.4,10.256,8.391,94.577,5090.6
SAC-energy_harv,SAC,energy_harv,0,100083,1,0,0,738.925,0.60236,5.0,9.753,7.864,93.959,5095.0
SAC-energy_harv,SAC,energy_harv,0,100084,1,0,0,871.0,0.71084,5.95,11.954,10.165,85.683,5075.8
SAC-energy_harv,SAC,energy_harv,0,100085,1,0,0,786.427,0.62618,5.45,9.973,8.176,96.188,5055.6
SAC-energy_harv,SAC,energy_harv,0,100086,0,1,0,307.034,0.28465,1.75,2.293,7.735,39.695,5418.4
SAC-energy_harv,SAC,energy_harv,0,100087,1,0,0,774.631,0.6226,5.35,10.26,8.731,88.724,5058.8
SAC-energy_harv,SAC,energy_harv,0,100088,1,0,0,709.065,0.57821,4.8,10.33,9.119,77.753,5094.5
SAC-energy_harv,SAC,energy_harv,0,100089,1,0,0,934.357,0.73878,6.5,11.425,9.071,103.003,5051.5
SAC-energy_harv,SAC,energy_harv,0,100090,1,0,0,1012.968,0.82146,6.85,11.168,8.879,114.081,5098.4
SAC-energy_harv,SAC,energy_harv,0,100091,1,0,0,703.767,0.5542,4.95,9.231,7.545,93.276,5029.8
SAC-energy_harv,SAC,energy_harv,0,100092,1,0,0,751.439,0.60966,5.1,10.201,8.325,90.265,5091.3
SAC-energy_harv,SAC,energy_harv,0,100093,1,0,0,755.548,0.60539,5.2,9.875,9.047,83.51,5068.2
SAC-energy_harv,SAC,energy_harv,0,100094,1,0,0,847.025,0.68424,5.75,10.739,7.539,112.349,5092.9
SAC-energy_harv,SAC,energy_harv,0,100095,1,0,0,902.732,0.73623,6.1,11.516,7.532,119.854,5097.8
SAC-energy_harv,SAC,energy_harv,0,100096,1,0,0,837.053,0.66755,5.8,10.646,9.195,91.036,5056.0
SAC-energy_harv,SAC,energy_harv,0,100097,1,0,0,880.766,0.71775,5.95,10.129,8.155,108.008,5098.1
SAC-energy_harv,SAC,energy_harv,0,100098,1,0,0,823.676,0.66856,5.6,9.674,7.811,105.45,5087.8
SAC-energy_harv,SAC,energy_harv,0,100099,1,0,0,1163.304,0.9407,7.95,10.859,8.321,139.811,5077.6
SAC-energy_harv,SAC,energy_harv,0,100100,1,0,0,787.249,0.63499,5.4,10.595,7.98,98.657,5070.4
SAC-energy_harv,SAC,energy_harv,0,100101,1,0,0,891.821,0.72541,6.05,11.344,9.617,92.733,5091.2
SAC-energy_harv,SAC,energy_harv,0,100102,1,0,0,1051.258,0.85336,7.15,13.161,10.819,97.168,5087.5
SAC-energy_harv,SAC,energy_harv,0,100103,1,0,0,756.867,0.60017,5.3,10.227,9.007,84.035,5034.5
SAC-energy_harv,SAC,energy_harv,0,100104,1,0,0,820.34,0.67582,5.45,10.655,9.087,90.276,5130.2
SAC-energy_harv,SAC,energy_harv,0,100105,1,0,0,752.522,0.60372,5.2,9.956,9.044,83.203,5059.6
SAC-energy_harv,SAC,energy_harv,0,100106,1,0,0,955.579,0.78359,6.45,12.274,10.656,89.675,5098.6
SAC-energy_harv,SAC,energy_harv,0,100107,0,1,0,377.16,0.33768,2.25,4.022,8.604,43.835,5329.5
SAC-energy_harv,SAC,energy_harv,0,100108,1,0,0,875.048,0.71242,5.85,10.494,8.316,105.23,5122.1
SAC-energy_harv,SAC,energy_harv,0,100109,1,0,0,834.271,0.68242,5.55,11.088,10.199,81.801,5130.4
SAC-energy_harv,SAC,energy_harv,0,100110,1,0,0,1101.102,0.88819,7.45,12.04,8.27,133.139,5099.0
SAC-energy_harv,SAC,energy_harv,0,100111,0,1,0,326.45,0.29509,1.95,3.787,10.062,32.445,5321.9
SAC-energy_harv,SAC,energy_harv,0,100112,1,0,0,879.083,0.70857,5.95,10.667,8.496,103.467,5099.5
SAC-energy_harv,SAC,energy_harv,0,100113,1,0,0,715.298,0.57573,4.9,9.145,7.613,93.963,5075.9
SAC-energy_harv,SAC,energy_harv,0,100114,1,0,0,822.175,0.65219,5.7,10.722,8.18,100.505,5054.7
SAC-energy_harv,SAC,energy_harv,0,100115,1,0,0,734.475,0.58956,5.1,10.866,8.766,83.785,5046.9
SAC-energy_harv,SAC,energy_harv,0,100116,0,1,0,605.926,0.49115,4.05,3.692,9.065,66.841,5124.3
SAC-energy_harv,SAC,energy_harv,0,100117,1,0,0,780.641,0.62934,5.45,11.137,8.733,89.388,5035.6
SAC-energy_harv,SAC,energy_harv,0,100118,1,0,0,735.525,0.59867,5.0,10.613,8.486,86.673,5085.3
SAC-energy_harv,SAC,energy_harv,0,100119,1,0,0,728.649,0.59849,4.95,10.197,7.886,92.403,5083.5
SAC-energy_harv,SAC,energy_harv,0,100120,1,0,0,789.901,0.63366,5.4,9.776,8.456,93.413,5080.7
SAC-energy_harv,SAC,energy_harv,0,100121,1,0,0,782.974,0.62553,5.4,10.24,8.116,96.471,5063.3
SAC-energy_harv,SAC,energy_harv,0,100122,1,0,0,810.442,0.6394,5.65,9.853,8.641,93.786,5047.8
SAC-energy_harv,SAC,energy_harv,0,100123,0,1,0,474.135,0.40609,2.95,5.241,9.053,52.373,5254.7
SAC-energy_harv,SAC,energy_harv,0,100124,1,0,0,884.178,0.71511,6.05,11.311,9.122,96.929,5074.6
SAC-energy_harv,SAC,energy_harv,0,100125,0,1,0,243.303,0.22932,1.4,2.504,8.265,29.439,5388.6
SAC-energy_harv,SAC,energy_harv,0,100126,1,0,0,898.626,0.72558,6.1,11.462,8.626,104.17,5092.7
SAC-energy_harv,SAC,energy_harv,0,100127,1,0,0,792.717,0.62716,5.55,11.332,8.644,91.708,5036.1
SAC-energy_harv,SAC,energy_harv,0,100128,0,1,0,439.938,0.38256,2.75,6.125,8.526,51.6,5238.5
SAC-energy_harv,SAC,energy_harv,0,100129,1,0,0,878.08,0.69706,6.05,11.472,9.076,96.745,5066.8
SAC-energy_harv,SAC,energy_harv,0,100130,1,0,0,780.384,0.61515,5.45,10.033,8.1,96.349,5043.4
SAC-energy_harv,SAC,energy_harv,0,100131,1,0,0,1017.718,0.8177,6.9,11.669,8.285,122.845,5097.3
SAC-energy_harv,SAC,energy_harv,0,100132,1,0,0,808.667,0.65195,5.6,11.117,8.666,93.312,5052.4
SAC-energy_harv,SAC,energy_harv,0,100133,1,0,0,732.079,0.59623,5.0,10.468,7.926,92.36,5075.9
SAC-energy_harv,SAC,energy_harv,0,100134,0,1,0,566.839,0.48761,3.55,8.103,9.972,56.842,5237.7
SAC-energy_harv,SAC,energy_harv,0,100135,1,0,0,702.338,0.57075,4.8,9.465,7.889,89.031,5075.2
SAC-energy_harv,SAC,energy_harv,0,100136,1,0,0,907.142,0.70665,6.3,11.973,10.838,83.697,5059.6
SAC-energy_harv,SAC,energy_harv,0,100137,1,0,0,1100.168,0.88478,7.5,13.092,11.395,96.548,5086.0
SAC-energy_harv,SAC,energy_harv,0,100138,0,1,0,282.114,0.2698,1.55,2.804,8.268,34.122,5490.5
SAC-energy_harv,SAC,energy_harv,0,100139,1,0,0,828.051,0.67116,5.65,10.621,8.537,96.999,5079.6
SAC-energy_harv,SAC,energy_harv,0,100140,0,1,0,454.207,0.39736,2.75,4.352,7.88,57.643,5306.6
SAC-energy_harv,SAC,energy_harv,0,100141,1,0,0,694.632,0.54998,4.8,9.65,8.995,77.225,5063.3
SAC-energy_harv,SAC,energy_harv,0,100142,1,0,0,711.363,0.57259,4.9,10.48,8.179,86.974,5062.1
SAC-energy_harv,SAC,energy_harv,0,100143,1,0,0,629.054,0.50166,4.35,8.724,7.809,80.557,5059.7
SAC-energy_harv,SAC,energy_harv,0,100144,1,0,0,690.507,0.56317,4.7,9.174,7.597,90.89,5083.2
SAC-energy_harv,SAC,energy_harv,0,100145,1,0,0,749.463,0.60277,5.05,9.011,8.422,88.992,5110.8
SAC-energy_harv,SAC,energy_harv,0,100146,1,0,0,812.993,0.66468,5.55,10.881,8.28,98.192,5074.3
SAC-energy_harv,SAC,energy_harv,0,100147,1,0,0,849.8,0.68328,5.8,10.152,9.371,90.68,5084.5
SAC-energy_harv,SAC,energy_harv,0,100148,1,0,0,914.599,0.74213,6.1,10.83,8.724,104.842,5128.2
SAC-energy_harv,SAC,energy_harv,0,100149,1,0,0,837.743,0.65881,5.8,10.414,8.832,94.854,5062.2
SAC-energy_harv,SAC,energy_harv,0,100150,1,0,0,696.431,0.56068,4.8,9.938,9.058,76.888,5062.7
SAC-energy_harv,SAC,energy_harv,0,100151,1,0,0,750.758,0.60558,5.15,9.906,8.246,91.049,5071.2
SAC-energy_harv,SAC,energy_harv,0,100152,0,1,0,556.632,0.49375,3.45,5.555,7.9,70.459,5245.3
SAC-energy_harv,SAC,energy_harv,0,100153,1,0,0,837.838,0.67019,5.7,9.396,8.949,93.624,5093.1
SAC-energy_harv,SAC,energy_harv,0,100154,1,0,0,751.596,0.58841,5.3,10.168,8.276,90.819,5026.8
SAC-energy_harv,SAC,energy_harv,0,100155,1,0,0,675.577,0.54449,4.6,8.711,8.362,80.794,5087.5
SAC-energy_harv,SAC,energy_harv,0,100156,0,1,0,437.579,0.38327,2.7,5.978,8.31,52.66,5265.0
SAC-energy_harv,SAC,energy_harv,0,100157,1,0,0,979.466,0.78909,6.65,11.412,9.876,99.175,5092.5
SAC-energy_harv,SAC,energy_harv,0,100158,1,0,0,737.105,0.58355,5.05,9.689,8.77,84.052,5081.2
SAC-energy_harv,SAC,energy_harv,0,100159,1,0,0,750.937,0.61181,5.1,10.638,8.307,90.401,5087.3
SAC-energy_harv,SAC,energy_harv,0,100160,1,0,0,979.517,0.7903,6.7,11.846,8.584,114.107,5077.1
SAC-energy_harv,SAC,energy_harv,0,100161,1,0,0,910.92,0.73962,6.2,11.725,9.016,101.035,5084.8
SAC-energy_harv,SAC,energy_harv,0,100162,1,0,0,740.78,0.58758,5.05,9.896,9.181,80.684,5090.3
SAC-energy_harv,SAC,energy_harv,0,100163,1,0,0,827.018,0.66808,5.65,10.349,9.207,89.821,5080.4
SAC-energy_harv,SAC,energy_harv,0,100164,1,0,0,914.566,0.7332,6.25,11.771,9.548,95.787,5080.8
SAC-energy_harv,SAC,energy_harv,0,100165,1,0,0,723.822,0.59223,4.9,9.727,7.827,92.475,5093.7
SAC-energy_harv,SAC,energy_harv,0,100166,1,0,0,834.063,0.67248,5.7,10.904,8.452,98.68,5078.4
SAC-energy_harv,SAC,energy_harv,0,100167,1,0,0,789.513,0.63315,5.35,9.136,8.696,90.794,5099.9
SAC-energy_harv,SAC,energy_harv,0,100168,1,0,0,904.161,0.72446,6.1,9.901,8.828,102.424,5108.6
SAC-energy_harv,SAC,energy_harv,0,100169,1,0,0,718.339,0.57546,4.95,9.413,8.158,88.049,5064.7
SAC-energy_harv,SAC,energy_harv,0,100170,1,0,0,796.756,0.63607,5.55,10.461,7.95,100.223,5043.9
SAC-energy_harv,SAC,energy_harv,0,100171,1,0,0,951.743,0.74944,6.6,9.956,8.252,115.336,5058.7
SAC-energy_harv,SAC,energy_harv,0,100172,1,0,0,894.913,0.7291,6.05,11.203,8.797,101.728,5096.6
SAC-energy_harv,SAC,energy_harv,0,100173,1,0,0,903.54,0.733,6.1,9.951,9.102,99.271,5103.4
SAC-energy_harv,SAC,energy_harv,0,100174,1,0,0,657.227,0.51419,4.65,8.961,7.649,85.919,5020.9
SAC-energy_harv,SAC,energy_harv,0,100175,1,0,0,898.583,0.73051,6.1,11.965,9.783,91.847,5090.4
SAC-energy_harv,SAC,energy_harv,0,100176,1,0,0,881.947,0.71488,5.9,10.002,8.567,102.953,5121.5
SAC-energy_harv,SAC,energy_harv,0,100177,1,0,0,711.626,0.58179,4.8,9.125,8.088,87.988,5102.4
SAC-energy_harv,SAC,energy_harv,0,100178,1,0,0,827.64,0.66213,5.7,10.108,7.551,109.614,5065.0
SAC-energy_harv,SAC,energy_harv,0,100179,1,0,0,909.648,0.73482,6.25,12.045,10.152,89.605,5068.1
SAC-energy_harv,SAC,energy_harv,0,100180,1,0,0,744.977,0.60293,5.1,9.518,7.932,93.917,5073.7
SAC-energy_harv,SAC,energy_harv,0,100181,1,0,0,714.408,0.58249,4.9,10.29,8.764,81.512,5066.7
SAC-energy_harv,SAC,energy_harv,0,100182,1,0,0,856.209,0.67431,6.0,10.686,8.323,102.875,5038.1
SAC-energy_harv,SAC,energy_harv,0,100183,1,0,0,960.354,0.7706,6.55,12.953,10.261,93.594,5084.2
SAC-energy_harv,SAC,energy_harv,0,100184,0,1,0,593.915,0.49373,3.9,5.52,8.328,71.312,5151.7
SAC-energy_harv,SAC,energy_harv,0,100185,1,0,0,766.778,0.62006,5.25,10.819,8.052,95.226,5074.4
SAC-energy_harv,SAC,energy_harv,0,100186,1,0,0,773.613,0.62539,5.25,10.888,8.821,87.699,5092.0
SAC-energy_harv,SAC,energy_harv,0,100187,1,0,0,866.932,0.69207,5.95,11.184,9.124,95.019,5074.3
SAC-energy_harv,SAC,energy_harv,0,100188,1,0,0,712.685,0.57274,4.85,7.639,7.177,99.298,5090.6
SAC-energy_harv,SAC,energy_harv,0,100189,1,0,0,699.626,0.56639,4.75,8.96,7.6,92.053,5092.3
SAC-energy_harv,SAC,energy_harv,0,100190,1,0,0,690.165,0.56598,4.65,9.165,7.866,87.741,5103.0
SAC-energy_harv,SAC,energy_harv,0,100191,0,1,0,263.561,0.24693,1.5,2.457,7.798,33.801,5417.3
SAC-energy_harv,SAC,energy_harv,0,100192,1,0,0,888.35,0.72073,5.95,10.227,8.535,104.088,5119.0
SAC-energy_harv,SAC,energy_harv,0,100193,1,0,0,932.487,0.74516,6.4,11.357,8.356,111.597,5073.7
SAC-energy_harv,SAC,energy_harv,0,100194,1,0,0,870.52,0.71359,5.9,11.73,10.109,86.117,5089.6
SAC-energy_harv,SAC,energy_harv,0,100195,1,0,0,903.751,0.73015,6.15,9.917,7.92,114.103,5086.6
SAC-energy_harv,SAC,energy_harv,0,100196,1,0,0,904.526,0.71091,6.3,11.925,10.254,88.209,5050.0
SAC-energy_harv,SAC,energy_harv,0,100197,0,1,0,339.414,0.29596,2.1,3.533,7.744,43.832,5259.3
SAC-energy_harv,SAC,energy_harv,0,100198,1,0,0,887.669,0.70985,6.05,9.958,9.256,95.902,5089.7
SAC-energy_harv,SAC,energy_harv,0,100199,1,0,0,704.945,0.58439,4.7,9.554,7.993,88.2,5119.2
SAC-energy_harv,SAC,energy_harv,1,100000,1,0,0,1072.704,0.85331,7.25,12.656,9.237,116.128,5108.1
SAC-energy_harv,SAC,energy_harv,1,100001,1,0,0,832.671,0.66409,5.7,9.976,9.015,92.365,5080.6
SAC-energy_harv,SAC,energy_harv,1,100002,1,0,0,720.549,0.57885,5.0,8.961,7.502,96.051,5049.0
SAC-energy_harv,SAC,energy_harv,1,100003,0,1,0,423.504,0.35323,2.75,4.425,8.219,51.527,5171.9
SAC-energy_harv,SAC,energy_harv,1,100004,1,0,0,1073.778,0.87259,7.1,10.499,9.385,114.408,5145.4
SAC-energy_harv,SAC,energy_harv,1,100005,1,0,0,832.178,0.67724,5.65,10.342,8.165,101.916,5088.9
SAC-energy_harv,SAC,energy_harv,1,100006,1,0,0,797.826,0.65175,5.3,9.43,8.278,96.377,5133.9
SAC-energy_harv,SAC,energy_harv,1,100007,1,0,0,840.207,0.67695,5.65,11.447,10.155,82.74,5112.8
SAC-energy_harv,SAC,energy_harv,1,100008,1,0,0,1010.324,0.81394,6.85,10.082,7.34,137.649,5097.2
SAC-energy_harv,SAC,energy_harv,1,100009,1,0,0,666.344,0.54056,4.55,8.926,7.79,85.544,5078.3
SAC-energy_harv,SAC,energy_harv,1,100010,0,1,0,632.645,0.51818,4.2,6.914,7.373,85.803,5134.4
SAC-energy_harv,SAC,energy_harv,1,100011,1,0,0,730.973,0.59545,4.9,9.23,7.931,92.164,5114.6
SAC-energy_harv,SAC,energy_harv,1,100012,0,1,0,252.354,0.22402,1.55,1.988,9.32,27.076,5266.3
SAC-energy_harv,SAC,energy_harv,1,100013,1,0,0,691.828,0.55352,4.85,9.211,7.38,93.743,5030.3
SAC-energy_harv,SAC,energy_harv,1,100014,0,1,0,344.86,0.27776,2.3,3.813,8.825,39.076,5130.5
SAC-energy_harv,SAC,energy_harv,1,100015,1,0,0,877.535,0.69231,6.05,11.043,9.791,89.629,5070.7
SAC-energy_harv,SAC,energy_harv,1,100016,1,0,0,900.801,0.72099,6.15,10.256,8.596,104.798,5084.5
SAC-energy_harv,SAC,energy_harv,1,100017,1,0,0,732.375,0.58105,5.0,10.044,7.793,93.979,5089.1
SAC-energy_harv,SAC,energy_harv,1,100018,1,0,0,801.199,0.6215,5.65,10.59,9.017,88.854,5031.1
SAC-energy_harv,SAC,energy_harv,1,100019,1,0,0,829.16,0.67343,5.6,10.631,9.673,85.721,5101.0
SAC-energy_harv,SAC,energy_harv,1,100020,1,0,0,693.207,0.56436,4.75,9.671,7.819,88.658,5068.7
SAC-energy_harv,SAC,energy_harv,1,100021,0,1,0,177.458,0.17373,0.95,1.06,8.23,21.563,5541.6
SAC-energy_harv,SAC,energy_harv,1,100022,1,0,0,803.9,0.63888,5.55,11.133,8.664,92.785,5064.5
SAC-energy_harv,SAC,energy_harv,1,100023,0,1,0,667.055,0.55611,4.35,7.007,8.437,79.062,5164.4
SAC-energy_harv,SAC,energy_harv,1,100024,1,0,0,1473.886,1.23506,9.75,13.863,9.114,161.711,5129.5
SAC-energy_harv,SAC,energy_harv,1,100025,1,0,0,1068.463,0.88395,6.95,12.281,9.6,111.293,5172.8
SAC-energy_harv,SAC,energy_harv,1,100026,1,0,0,999.583,0.83099,6.65,11.616,9.501,105.207,5123.2
SAC-energy_harv,SAC,energy_harv,1,100027,1,0,0,804.709,0.64172,5.65,13.151,9.666,83.252,5026.7
SAC-energy_harv,SAC,energy_harv,1,100028,1,0,0,675.218,0.54354,4.6,8.795,7.748,87.144,5087.5
SAC-energy_harv,SAC,energy_harv,1,100029,1,0,0,817.538,0.66862,5.35,10.083,9.057,90.267,5165.1
SAC-energy_harv,SAC,energy_harv,1,100030,1,0,0,1061.789,0.84615,7.2,11.658,9.276,114.468,5099.8
SAC-energy_harv,SAC,energy_harv,1,100031,1,0,0,779.776,0.64992,5.1,10.496,8.038,97.014,5156.9
SAC-energy_harv,SAC,energy_harv,1,100032,0,1,0,466.277,0.37549,3.15,5.023,7.982,58.418,5104.2
SAC-energy_harv,SAC,energy_harv,1,100033,1,0,0,753.104,0.61402,5.05,10.277,8.528,88.313,5113.8
SAC-energy_harv,SAC,energy_harv,1,100034,1,0,0,1103.169,0.88337,7.4,9.411,7.85,140.523,5121.4
SAC-energy_harv,SAC,energy_harv,1,100035,1,0,0,834.24,0.6545,5.75,10.558,8.919,93.532,5072.7
SAC-energy_harv,SAC,energy_harv,1,100036,1,0,0,1107.419,0.90567,7.3,14.879,10.5,105.47,5148.4
SAC-energy_harv,SAC,energy_harv,1,100037,0,1,0,528.823,0.42455,3.65,6.632,8.231,64.25,5061.3
SAC-energy_harv,SAC,energy_harv,1,100038,1,0,0,980.485,0.77449,6.65,12.606,9.882,99.221,5103.4
SAC-energy_harv,SAC,energy_harv,1,100039,1,0,0,832.692,0.67785,5.55,10.008,8.568,97.182,5127.8
SAC-energy_harv,SAC,energy_harv,1,100040,0,1,0,439.07,0.34848,2.95,4.747,10.951,40.094,5121.3
SAC-energy_harv,SAC,energy_harv,1,100041,1,0,0,780.506,0.63533,5.2,9.667,7.696,101.415,5129.4
SAC-energy_harv,SAC,energy_harv,1,100042,1,0,0,855.325,0.69281,5.7,10.001,7.881,108.527,5129.5
SAC-energy_harv,SAC,energy_harv,1,100043,1,0,0,644.282,0.52084,4.45,8.571,7.344,87.724,5057.0
SAC-energy_harv,SAC,energy_harv,1,100044,1,0,0,773.404,0.6263,5.25,12.029,10.63,72.757,5091.2
SAC-energy_harv,SAC,energy_harv,1,100045,1,0,0,932.547,0.78574,6.1,10.731,8.206,113.637,5153.2
SAC-energy_harv,SAC,energy_harv,1,100046,1,0,0,631.426,0.50391,4.4,8.569,7.34,86.031,5043.7
SAC-energy_harv,SAC,energy_harv,1,100047,1,0,0,1196.442,0.96616,8.0,13.373,8.979,133.253,5124.2
SAC-energy_harv,SAC,energy_harv,1,100048,1,0,0,733.307,0.59896,4.9,9.737,8.494,86.332,5121.6
SAC-energy_harv,SAC,energy_harv,1,100049,1,0,0,696.972,0.5621,4.75,8.695,7.661,90.978,5085.6
SAC-energy_harv,SAC,energy_harv,1,100050,1,0,0,994.993,0.78874,6.75,11.845,9.061,109.808,5101.7
SAC-energy_harv,SAC,energy_harv,1,100051,1,0,0,1320.429,1.06261,8.8,14.008,10.669,123.763,5132.5
SAC-energy_harv,SAC,energy_harv,1,100052,1,0,0,664.409,0.53834,4.5,8.539,7.616,87.235,5097.2
SAC-energy_harv,SAC,energy_harv,1,100053,1,0,0,743.398,0.59153,5.15,10.907,9.208,80.737,5056.5
SAC-energy_harv,SAC,energy_harv,1,100054,1,0,0,768.247,0.64362,5.0,9.294,7.938,96.779,5167.0
SAC-energy_harv,SAC,energy_harv,1,100055,1,0,0,1005.767,0.83563,6.6,10.818,8.521,118.031,5151.5
SAC-energy_harv,SAC,energy_harv,1,100056,1,0,0,945.515,0.7753,6.25,10.834,8.489,111.377,5142.6
SAC-energy_harv,SAC,energy_harv,1,100057,1,0,0,736.845,0.59202,4.95,9.022,7.79,94.592,5117.2
SAC-energy_harv,SAC,energy_harv,1,100058,1,0,0,717.469,0.58943,4.75,8.861,7.642,93.888,5139.1
SAC-energy_harv,SAC,energy_harv,1,100059,1,0,0,1113.131,0.92,7.4,13.43,8.522,130.619,5126.7
SAC-energy_harv,SAC,energy_harv,1,100060,0,1,0,396.233,0.32184,2.6,4.571,10.335,38.34,5162.3
SAC-energy_harv,SAC,energy_harv,1,100061,1,0,0,687.3,0.54749,4.85,9.366,8.108,84.768,5017.3
SAC-energy_harv,SAC,energy_harv,1,100062,1,0,0,807.954,0.66353,5.3,9.413,7.732,104.488,5158.6
SAC-energy_harv,SAC,energy_harv,1,100063,1,0,0,861.699,0.70294,5.75,8.693,7.751,111.167,5124.2
SAC-energy_harv,SAC,energy_harv,1,100064,1,0,0,1367.096,1.14304,8.95,11.838,8.763,156.009,5154.4
SAC-energy_harv,SAC,energy_harv,1,100065,1,0,0,718.045,0.58558,4.8,8.762,7.861,91.344,5121.4
SAC-energy_harv,SAC,energy_harv,1,100066,1,0,0,859.83,0.6879,5.85,10.077,9.127,94.211,5091.9
SAC-energy_harv,SAC,energy_harv,1,100067,1,0,0,775.305,0.61432,5.4,12.059,8.907,87.048,5046.7
SAC-energy_harv,SAC,energy_harv,1,100068,1,0,0,745.275,0.5989,5.2,10.585,8.563,87.034,5037.3
SAC-energy_harv,SAC,energy_harv,1,100069,1,0,0,805.799,0.64223,5.6,9.977,9.012,89.41,5049.3
SAC-energy_harv,SAC,energy_harv,1,100070,1,0,0,952.645,0.77273,6.4,11.269,9.473,100.56,5112.2
SAC-energy_harv,SAC,energy_harv,1,100071,1,0,0,725.94,0.58358,4.95,9.395,8.226,88.25,5086.6
SAC-energy_harv,SAC,energy_harv,1,100072,1,0,0,723.882,0.57279,5.05,9.018,7.937,91.198,5043.4
SAC-energy_harv,SAC,energy_harv,1,100073,1,0,0,955.935,0.77195,6.4,8.959,8.545,111.867,5122.2
SAC-energy_harv,SAC,energy_harv,1,100074,0,1,0,839.624,0.68457,5.6,10.088,10.228,82.087,5124.8
SAC-energy_harv,SAC,energy_harv,1,100075,1,0,0,749.925,0.60918,5.05,9.421,8.097,92.62,5106.2
SAC-energy_harv,SAC,energy_harv,1,100076,0,1,0,259.309,0.24386,1.5,2.36,7.909,32.785,5375.4
SAC-energy_harv,SAC,energy_harv,1,100077,1,0,0,641.833,0.50991,4.5,9.764,7.922,81.021,5032.1
SAC-energy_harv,SAC,energy_harv,1,100078,1,0,0,1038.593,0.87292,6.75,12.715,10.244,101.383,5167.8
SAC-energy_harv,SAC,energy_harv,1,100079,1,0,0,825.638,0.66092,5.6,12.078,9.43,87.551,5098.2
SAC-energy_harv,SAC,energy_harv,1,100080,0,1,0,566.265,0.45503,3.9,8.171,8.957,63.217,5065.5
SAC-energy_harv,SAC,energy_harv,1,100081,1,0,0,942.554,0.75328,6.4,11.028,9.618,98.001,5096.2
SAC-energy_harv,SAC,energy_harv,1,100082,1,0,0,857.315,0.68914,5.75,10.797,8.391,102.166,5120.6
SAC-energy_harv,SAC,energy_harv,1,100083,1,0,0,694.088,0.56886,4.6,8.892,7.864,88.258,5136.1
SAC-energy_harv,SAC,energy_harv,1,100084,1,0,0,965.832,0.79204,6.5,11.816,10.165,95.012,5101.5
SAC-energy_harv,SAC,energy_harv,1,100085,0,1,0,417.688,0.34877,2.7,3.725,8.176,51.087,5182.4
SAC-energy_harv,SAC,energy_harv,1,100086,1,0,0,663.59,0.53826,4.5,8.437,7.735,85.793,5093.8
SAC-energy_harv,SAC,energy_harv,1,100087,1,0,0,1187.938,0.95234,8.1,11.817,8.731,136.063,5085.7
SAC-energy_harv,SAC,energy_harv,1,100088,1,0,0,870.132,0.73057,5.7,10.827,9.119,95.415,5150.3
SAC-energy_harv,SAC,energy_harv,1,100089,1,0,0,780.646,0.6,5.5,9.826,9.071,86.058,5036.0
SAC-energy_harv,SAC,energy_harv,1,100090,1,0,0,910.295,0.7375,6.15,10.812,8.879,102.517,5101.2
SAC-energy_harv,SAC,energy_harv,1,100091,1,0,0,733.564,0.58527,5.1,9.269,7.545,97.225,5048.2
SAC-energy_harv,SAC,energy_harv,1,100092,1,0,0,754.745,0.60925,5.1,9.693,8.325,90.662,5102.7
SAC-energy_harv,SAC,energy_harv,1,100093,1,0,0,833.867,0.66275,5.65,10.468,9.047,92.167,5104.2
SAC-energy_harv,SAC,energy_harv,1,100094,1,0,0,834.725,0.67708,5.65,9.841,7.539,110.718,5097.0
SAC-energy_harv,SAC,energy_harv,1,100095,1,0,0,889.35,0.71586,6.1,10.961,7.532,118.077,5073.0
SAC-energy_harv,SAC,energy_harv,1,100096,1,0,0,980.294,0.77607,6.65,10.882,9.195,106.614,5102.2
SAC-energy_harv,SAC,energy_harv,1,100097,0,1,0,561.412,0.47003,3.6,4.844,8.155,68.846,5199.5
SAC-energy_harv,SAC,energy_harv,1,100098,1,0,0,740.071,0.60174,5.05,9.37,7.811,94.747,5078.7
SAC-energy_harv,SAC,energy_harv,1,100099,1,0,0,739.99,0.59792,5.0,9.822,8.321,88.936,5101.6
SAC-energy_harv,SAC,energy_harv,1,100100,1,0,0,746.735,0.59927,5.15,9.918,7.98,93.58,5062.8
SAC-energy_harv,SAC,energy_harv,1,100101,1,0,0,1060.409,0.8634,7.1,10.426,9.617,110.263,5117.4
SAC-energy_harv,SAC,energy_harv,1,100102,1,0,0,983.783,0.7822,6.75,11.576,10.819,90.931,5077.5
SAC-energy_harv,SAC,energy_harv,1,100103,1,0,0,739.453,0.59015,5.1,11.259,9.007,82.101,5064.4
SAC-energy_harv,SAC,energy_harv,1,100104,1,0,0,807.853,0.66975,5.3,10.805,9.087,88.902,5153.5
SAC-energy_harv,SAC,energy_harv,1,100105,1,0,0,859.015,0.68918,5.8,10.173,9.044,94.977,5106.9
SAC-energy_harv,SAC,energy_harv,1,100106,1,0,0,933.369,0.75968,6.2,10.907,10.656,87.591,5135.4
SAC-energy_harv,SAC,energy_harv,1,100107,1,0,0,778.486,0.63396,5.2,9.774,8.604,90.479,5122.4
SAC-energy_harv,SAC,energy_harv,1,100108,1,0,0,944.112,0.77199,6.25,11.022,8.316,113.535,5140.4
SAC-energy_harv,SAC,energy_harv,1,100109,1,0,0,860.431,0.70826,5.65,11.192,10.199,84.366,5155.3
SAC-energy_harv,SAC,energy_harv,1,100110,1,0,0,778.471,0.61883,5.4,9.425,8.27,94.128,5054.4
SAC-energy_harv,SAC,energy_harv,1,100111,1,0,0,1208.988,0.98728,8.0,12.786,10.062,120.159,5142.8
SAC-energy_harv,SAC,energy_harv,1,100112,1,0,0,865.65,0.70271,5.8,10.348,8.496,101.886,5118.5
SAC-energy_harv,SAC,energy_harv,1,100113,0,1,0,545.153,0.44592,3.7,7.224,7.613,71.612,5088.0
SAC-energy_harv,SAC,energy_harv,1,100114,1,0,0,800.925,0.63232,5.6,10.217,8.18,97.908,5041.5
SAC-energy_harv,SAC,energy_harv,1,100115,0,1,0,312.755,0.29561,1.75,3.066,8.766,35.678,5452.8
SAC-energy_harv,SAC,energy_harv,1,100116,1,0,0,1116.862,0.93485,7.25,14.989,9.065,123.203,5171.3
SAC-energy_harv,SAC,energy_harv,1,100117,0,1,0,297.54,0.24677,1.95,2.746,8.733,34.07,5156.9
SAC-energy_harv,SAC,energy_harv,1,100118,1,0,0,739.111,0.5962,5.1,10.446,8.486,87.096,5057.3
SAC-energy_harv,SAC,energy_harv,1,100119,1,0,0,682.727,0.55615,4.6,9.19,7.886,86.579,5104.8
SAC-energy_harv,SAC,energy_harv,1,100120,1,0,0,660.768,0.53332,4.45,8.819,8.456,78.142,5110.2
SAC-energy_harv,SAC,energy_harv,1,100121,1,0,0,770.559,0.61414,5.35,9.941,8.116,94.941,5051.1
SAC-energy_harv,SAC,energy_harv,1,100122,1,0,0,764.689,0.59238,5.35,10.053,8.641,88.491,5047.2
SAC-energy_harv,SAC,energy_harv,1,100123,1,0,0,831.26,0.68036,5.65,11.278,9.053,91.821,5083.1
SAC-energy_harv,SAC,energy_harv,1,100124,1,0,0,980.098,0.80049,6.55,10.734,9.122,107.444,5120.7
SAC-energy_harv,SAC,energy_harv,1,100125,0,1,0,271.448,0.25558,1.55,2.628,8.265,32.845,5407.2
SAC-energy_harv,SAC,energy_harv,1,100126,1,0,0,790.102,0.63872,5.35,10.024,8.626,91.59,5097.5
SAC-energy_harv,SAC,energy_harv,1,100127,1,0,0,763.503,0.61207,5.35,11.354,8.644,88.328,5029.8
SAC-energy_harv,SAC,energy_harv,1,100128,1,0,0,943.32,0.75827,6.55,12.461,8.526,110.641,5046.5
SAC-energy_harv,SAC,energy_harv,1,100129,1,0,0,906.57,0.72078,6.3,12.166,9.076,99.884,5051.1
SAC-energy_harv,SAC,energy_harv,1,100130,1,0,0,753.224,0.59566,5.3,10.11,8.1,92.996,5027.3
SAC-energy_harv,SAC,energy_harv,1,100131,1,0,0,1107.773,0.90413,7.35,12.715,8.285,133.716,5136.4
SAC-energy_harv,SAC,energy_harv,1,100132,1,0,0,880.202,0.70641,6.1,9.898,8.666,101.566,5050.6
SAC-energy_harv,SAC,energy_harv,1,100133,1,0,0,796.684,0.64268,5.5,10.797,7.926,100.511,5056.8
SAC-energy_harv,SAC,energy_harv,1,100134,0,1,0,250.346,0.24356,1.35,2.079,9.972,25.104,5527.0
SAC-energy_harv,SAC,energy_harv,1,100135,1,0,0,676.486,0.54934,4.55,8.887,7.889,85.754,5109.7
SAC-energy_harv,SAC,energy_harv,1,100136,1,0,0,942.925,0.7555,6.4,13.789,10.838,86.999,5096.5
SAC-energy_harv,SAC,energy_harv,1,100137,1,0,0,1314.816,1.06552,8.8,15.505,11.395,115.385,5120.4
SAC-energy_harv,SAC,energy_harv,1,100138,0,1,0,309.364,0.28879,1.75,2.609,8.268,37.419,5432.3
SAC-energy_harv,SAC,energy_harv,1,100139,1,0,0,917.736,0.77066,6.05,11.404,8.537,107.505,5138.6
SAC-energy_harv,SAC,energy_harv,1,100140,1,0,0,647.742,0.52193,4.4,8.853,7.88,82.205,5092.1
SAC-energy_harv,SAC,energy_harv,1,100141,1,0,0,798.616,0.64958,5.3,11.417,8.995,88.785,5137.6
SAC-energy_harv,SAC,energy_harv,1,100142,1,0,0,777.476,0.63364,5.25,10.299,8.179,95.057,5099.5
SAC-energy_harv,SAC,energy_harv,1,100143,1,0,0,749.903,0.60972,5.0,9.027,7.809,96.033,5128.0
SAC-energy_harv,SAC,energy_harv,1,100144,1,0,0,682.81,0.55658,4.55,8.404,7.597,89.877,5128.6
SAC-energy_harv,SAC,energy_harv,1,100145,1,0,0,797.057,0.64341,5.35,10.042,8.422,94.644,5115.5
SAC-energy_harv,SAC,energy_harv,1,100146,1,0,0,824.539,0.67507,5.55,10.458,8.28,99.587,5103.2
SAC-energy_harv,SAC,energy_harv,1,100147,1,0,0,1160.701,0.9384,7.75,12.786,9.371,123.855,5127.2
SAC-energy_harv,SAC,energy_harv,1,100148,1,0,0,940.606,0.76577,6.2,10.659,8.724,107.823,5152.0
SAC-energy_harv,SAC,energy_harv,1,100149,1,0,0,819.498,0.6428,5.75,11.067,8.832,92.788,5036.5
SAC-energy_harv,SAC,energy_harv,1,100150,1,0,0,685.702,0.56182,4.65,9.986,9.058,75.703,5088.3
SAC-energy_harv,SAC,energy_harv,1,100151,1,0,0,687.002,0.55599,4.65,8.801,8.246,83.317,5099.0
SAC-energy_harv,SAC,energy_harv,1,100152,1,0,0,748.147,0.60775,5.05,9.779,7.9,94.702,5101.3
SAC-energy_harv,SAC,energy_harv,1,100153,0,1,0,791.313,0.64272,5.25,7.477,8.949,88.425,5138.7
SAC-energy_harv,SAC,energy_harv,1,100154,1,0,0,771.958,0.60709,5.45,10.578,8.276,93.28,5022.6
SAC-energy_harv,SAC,energy_harv,1,100155,1,0,0,738.302,0.60758,4.85,9.702,8.362,88.296,5154.4
SAC-energy_harv,SAC,energy_harv,1,100156,1,0,0,794.823,0.65526,5.35,10.275,8.31,95.652,5100.8
SAC-energy_harv,SAC,energy_harv,1,100157,1,0,0,938.92,0.79289,6.15,12.743,9.876,95.07,5148.0
SAC-energy_harv,SAC,energy_harv,1,100158,1,0,0,896.452,0.71451,6.05,11.808,8.77,102.222,5111.1
SAC-energy_harv,SAC,energy_harv,1,100159,1,0,0,1010.135,0.86587,6.55,11.682,8.307,121.604,5163.1
SAC-energy_harv,SAC,energy_harv,1,100160,0,1,0,682.766,0.57052,4.4,6.289,8.584,79.537,5188.8
SAC-energy_harv,SAC,energy_harv,1,100161,1,0,0,868.9,0.70213,5.9,10.582,9.016,96.374,5091.7
SAC-energy_harv,SAC,energy_harv,1,100162,1,0,0,949.853,0.76264,6.35,12.074,9.181,103.455,5127.8
SAC-energy_harv,SAC,energy_harv,1,100163,1,0,0,891.625,0.71137,6.05,10.162,9.207,96.838,5098.8
SAC-energy_harv,SAC,energy_harv,1,100164,1,0,0,1276.789,1.07101,8.45,15.897,9.548,133.724,5129.9
SAC-energy_harv,SAC,energy_harv,1,100165,1,0,0,818.578,0.66878,5.5,10.008,7.827,104.581,5109.7
SAC-energy_harv,SAC,energy_harv,1,100166,1,0,0,716.268,0.58436,4.95,10.872,8.452,84.743,5050.6
SAC-energy_harv,SAC,energy_harv,1,100167,1,0,0,836.176,0.66706,5.65,9.978,8.696,96.16,5107.9
SAC-energy_harv,SAC,energy_harv,1,100168,1,0,0,941.141,0.77391,6.2,11.02,8.828,106.613,5148.2
SAC-energy_harv,SAC,energy_harv,1,100169,1,0,0,792.566,0.62637,5.4,9.709,8.158,97.147,5094.0
SAC-energy_harv,SAC,energy_harv,1,100170,1,0,0,848.845,0.67549,5.85,9.57,7.95,106.775,5067.8
SAC-energy_harv,SAC,energy_harv,1,100171,0,1,0,392.049,0.31831,2.65,4.688,8.252,47.51,5100.7
SAC-energy_harv,SAC,energy_harv,1,100172,1,0,0,769.228,0.62275,5.3,10.562,8.797,87.44,5059.2
SAC-energy_harv,SAC,energy_harv,1,100173,1,0,0,1039.35,0.83666,6.95,11.536,9.102,114.192,5126.1
SAC-energy_harv,SAC,energy_harv,1,100174,1,0,0,740.777,0.58438,5.1,9.281,7.649,96.842,5073.6
SAC-energy_harv,SAC,energy_harv,1,100175,1,0,0,977.801,0.79699,6.5,11.371,9.783,99.945,5132.6
SAC-energy_harv,SAC,energy_harv,1,100176,1,0,0,1061.736,0.86721,6.95,10.879,8.567,123.94,5164.5
SAC-energy_harv,SAC,energy_harv,1,100177,1,0,0,859.83,0.70767,5.7,9.706,8.088,106.313,5134.5
SAC-energy_harv,SAC,energy_harv,1,100178,0,1,0,493.138,0.40425,3.3,5.181,7.551,65.312,5115.6
SAC-energy_harv,SAC,energy_harv,1,100179,0,1,0,335.544,0.27171,2.2,3.526,10.152,33.053,5164.8
SAC-energy_harv,SAC,energy_harv,1,100180,1,0,0,703.183,0.57414,4.7,8.936,7.932,88.648,5119.6
SAC-energy_harv,SAC,energy_harv,1,100181,1,0,0,709.104,0.57178,4.9,10.478,8.764,80.907,5055.4
SAC-energy_harv,SAC,energy_harv,1,100182,1,0,0,773.417,0.59917,5.45,9.646,8.323,92.927,5033.0
SAC-energy_harv,SAC,energy_harv,1,100183,1,0,0,1162.287,0.976,7.65,14.47,10.261,113.275,5140.2
SAC-energy_harv,SAC,energy_harv,1,100184,1,0,0,707.366,0.58186,4.65,9.792,8.328,84.935,5153.2
SAC-energy_harv,SAC,energy_harv,1,100185,1,0,0,787.314,0.63677,5.4,10.272,8.052,97.776,5070.7
SAC-energy_harv,SAC,energy_harv,1,100186,1,0,0,1016.789,0.86001,6.65,10.909,8.821,115.266,5152.2
SAC-energy_harv,SAC,energy_harv,1,100187,1,0,0,847.773,0.67139,5.9,12.251,9.124,92.919,5049.8
SAC-energy_harv,SAC,energy_harv,1,100188,0,1,0,282.17,0.2361,1.85,2.558,7.177,39.315,5152.9
SAC-energy_harv,SAC,energy_harv,1,100189,1,0,0,815.126,0.66464,5.4,9.49,7.6,107.25,5140.1
SAC-energy_harv,SAC,energy_harv,1,100190,1,0,0,751.668,0.61187,5.0,9.209,7.866,95.56,5132.4
SAC-energy_harv,SAC,energy_harv,1,100191,1,0,0,670.095,0.54229,4.65,8.952,7.798,85.937,5044.4
SAC-energy_harv,SAC,energy_harv,1,100192,1,0,0,923.407,0.75595,6.05,10.258,8.535,108.195,5161.5
SAC-energy_harv,SAC,energy_harv,1,100193,0,1,0,499.032,0.40353,3.45,6.849,8.356,59.723,5053.3
SAC-energy_harv,SAC,energy_harv,1,100194,1,0,0,824.497,0.66355,5.5,10.34,10.109,81.564,5131.5
SAC-energy_harv,SAC,energy_harv,1,100195,1,0,0,748.209,0.60341,5.15,9.825,7.92,94.465,5064.4
SAC-energy_harv,SAC,energy_harv,1,100196,0,1,0,370.716,0.31594,2.35,4.434,10.254,36.152,5217.1
SAC-energy_harv,SAC,energy_harv,1,100197,1,0,0,756.836,0.61975,5.0,8.531,7.744,97.738,5144.3
SAC-energy_harv,SAC,energy_harv,1,100198,1,0,0,1031.301,0.82131,6.95,11.919,9.256,111.42,5113.9
SAC-energy_harv,SAC,energy_harv,1,100199,1,0,0,932.569,0.77318,6.1,9.969,7.993,116.679,5158.9
SAC-energy_harv,SAC,energy_harv,2,100000,1,0,0,721.243,0.57237,5.0,10.169,9.237,78.08,5056.0
SAC-energy_harv,SAC,energy_harv,2,100001,1,0,0,1042.8,0.84937,7.05,12.858,9.015,115.674,5094.5
SAC-energy_harv,SAC,energy_harv,2,100002,1,0,0,715.921,0.58275,4.85,8.99,7.502,95.434,5091.9
SAC-energy_harv,SAC,energy_harv,2,100003,1,0,0,731.197,0.5805,5.05,9.633,8.219,88.964,5064.0
SAC-energy_harv,SAC,energy_harv,2,100004,1,0,0,785.558,0.64496,5.25,11.291,9.385,83.699,5117.5
SAC-energy_harv,SAC,energy_harv,2,100005,1,0,0,768.265,0.61747,5.2,10.027,8.165,94.088,5099.4
SAC-energy_harv,SAC,energy_harv,2,100006,1,0,0,686.073,0.56489,4.6,9.42,8.278,82.878,5110.3
SAC-energy_harv,SAC,energy_harv,2,100007,1,0,0,920.937,0.74734,6.3,12.948,10.155,90.69,5071.1
SAC-energy_harv,SAC,energy_harv,2,100008,1,0,0,822.558,0.66407,5.65,9.906,7.34,112.067,5066.7
SAC-energy_harv,SAC,energy_harv,2,100009,0,1,0,365.772,0.33322,2.1,3.222,7.79,46.957,5408.4
SAC-energy_harv,SAC,energy_harv,2,100010,1,0,0,706.88,0.56265,4.9,9.077,7.373,95.871,5054.1
SAC-energy_harv,SAC,energy_harv,2,100011,1,0,0,687.278,0.5625,4.7,9.48,7.931,86.654,5070.0
SAC-energy_harv,SAC,energy_harv,2,100012,1,0,0,845.921,0.67203,5.85,10.845,9.32,90.762,5061.8
SAC-energy_harv,SAC,energy_harv,2,100013,0,1,0,205.177,0.18485,1.2,1.27,7.38,27.802,5371.5
SAC-energy_harv,SAC,energy_harv,2,100014,1,0,0,646.069,0.51705,4.5,9.819,8.825,73.205,5041.2
SAC-energy_harv,SAC,energy_harv,2,100015,1,0,0,890.185,0.73365,6.05,12.61,9.791,90.921,5078.4
SAC-energy_harv,SAC,energy_harv,2,100016,1,0,0,848.721,0.67168,5.8,11.59,8.596,98.74,5086.4
SAC-energy_harv,SAC,energy_harv,2,100017,1,0,0,702.214,0.55206,4.9,8.566,7.793,90.109,5046.2
SAC-energy_harv,SAC,energy_harv,2,100018,1,0,0,840.751,0.68497,5.7,11.017,9.017,93.241,5089.8
SAC-energy_harv,SAC,energy_harv,2,100019,1,0,0,711.749,0.57242,4.9,10.747,9.673,73.583,5066.3
SAC-energy_harv,SAC,energy_harv,2,100020,1,0,0,664.919,0.54632,4.5,8.976,7.819,85.04,5091.1
SAC-energy_harv,SAC,energy_harv,2,100021,1,0,0,847.235,0.70366,5.55,10.759,8.23,102.947,5156.6
SAC-energy_harv,SAC,energy_harv,2,100022,1,0,0,754.929,0.58865,5.3,10.198,8.664,87.133,5038.4
SAC-energy_harv,SAC,energy_harv,2,100023,1,0,0,639.042,0.51665,4.4,9.2,8.437,75.742,5061.1
SAC-energy_harv,SAC,energy_harv,2,100024,1,0,0,966.385,0.79875,6.45,12.216,9.114,106.029,5115.5
SAC-energy_harv,SAC,energy_harv,2,100025,1,0,0,871.39,0.73271,5.7,11.999,9.6,90.766,5153.1
SAC-energy_harv,SAC,energy_harv,2,100026,1,0,0,724.859,0.5828,5.0,10.759,9.501,76.292,5062.8
SAC-energy_harv,SAC,energy_harv,2,100027,1,0,0,921.275,0.75015,6.25,12.346,9.666,95.312,5090.4
SAC-energy_harv,SAC,energy_harv,2,100028,1,0,0,734.124,0.59786,5.05,10.213,7.748,94.746,5059.3
SAC-energy_harv,SAC,energy_harv,2,100029,1,0,0,746.954,0.60794,5.05,10.26,9.057,82.474,5096.2
SAC-energy_harv,SAC,energy_harv,2,100030,1,0,0,640.073,0.50152,4.5,9.88,9.276,69.004,5030.7
SAC-energy_harv,SAC,energy_harv,2,100031,0,1,0,281.699,0.27127,1.55,2.519,8.038,35.047,5483.5
SAC-energy_harv,SAC,energy_harv,2,100032,1,0,0,709.68,0.55665,5.0,9.853,7.982,88.912,5026.6
SAC-energy_harv,SAC,energy_harv,2,100033,1,0,0,599.158,0.47768,4.15,9.03,8.528,70.261,5057.2
SAC-energy_harv,SAC,energy_harv,2,100034,1,0,0,632.948,0.50727,4.4,8.552,7.85,80.626,5044.2
SAC-energy_harv,SAC,energy_harv,2,100035,1,0,0,702.622,0.55046,4.9,9.894,8.919,78.775,5047.8
SAC-energy_harv,SAC,energy_harv,2,100036,1,0,0,905.196,0.72664,6.2,12.038,10.5,86.211,5076.9
SAC-energy_harv,SAC,energy_harv,2,100037,0,1,0,428.048,0.34717,2.85,5.338,8.231,52.006,5132.1
SAC-energy_harv,SAC,energy_harv,2,100038,1,0,0,630.76,0.49529,4.45,10.389,9.882,63.831,5024.0
SAC-energy_harv,SAC,energy_harv,2,100039,0,1,0,295.898,0.27494,1.7,2.73,8.568,34.534,5397.9
SAC-energy_harv,SAC,energy_harv,2,100040,1,0,0,827.246,0.68246,5.6,12.345,10.951,75.541,5087.3
SAC-energy_harv,SAC,energy_harv,2,100041,1,0,0,649.7,0.53125,4.35,8.942,7.696,84.419,5117.1
SAC-energy_harv,SAC,energy_harv,2,100042,1,0,0,647.997,0.51524,4.45,8.294,7.881,82.22,5074.9
SAC-energy_harv,SAC,energy_harv,2,100043,1,0,0,790.376,0.64428,5.4,10.331,7.344,107.615,5073.2
SAC-energy_harv,SAC,energy_harv,2,100044,1,0,0,795.064,0.65003,5.4,11.998,10.63,74.794,5087.5
SAC-energy_harv,SAC,energy_harv,2,100045,1,0,0,747.11,0.60873,5.1,9.805,8.206,91.04,5077.2
SAC-energy_harv,SAC,energy_harv,2,100046,1,0,0,725.863,0.59327,4.95,8.908,7.34,98.898,5075.6
SAC-energy_harv,SAC,energy_harv,2,100047,1,0,0,820.912,0.67335,5.45,10.528,8.979,91.429,5132.7
SAC-energy_harv,SAC,energy_harv,2,100048,1,0,0,777.096,0.64356,5.15,10.906,8.494,91.487,5132.7
SAC-energy_harv,SAC,energy_harv,2,100049,1,0,0,672.873,0.54805,4.6,9.474,7.661,87.832,5073.3
SAC-energy_harv,SAC,energy_harv,2,100050,1,0,0,577.844,0.45688,4.05,9.27,9.061,63.771,5033.9
SAC-energy_harv,SAC,energy_harv,2,100051,1,0,0,724.727,0.57508,4.95,10.786,10.669,67.928,5087.4
SAC-energy_harv,SAC,energy_harv,2,100052,1,0,0,675.781,0.54503,4.65,9.091,7.616,88.728,5063.9
SAC-energy_harv,SAC,energy_harv,2,100053,0,1,0,461.593,0.37714,3.1,6.897,9.208,50.132,5111.2
SAC-energy_harv,SAC,energy_harv,2,100054,1,0,0,692.257,0.55871,4.65,9.429,7.938,87.206,5115.5
SAC-energy_harv,SAC,energy_harv,2,100055,1,0,0,1101.766,0.88332,7.5,10.294,8.521,129.296,5088.1
SAC-energy_harv,SAC,energy_harv,2,100056,1,0,0,792.008,0.64335,5.4,10.247,8.489,93.294,5079.3
SAC-energy_harv,SAC,energy_harv,2,100057,1,0,0,558.27,0.44974,3.85,7.989,7.79,71.668,5059.3
SAC-energy_harv,SAC,energy_harv,2,100058,1,0,0,635.117,0.52703,4.2,9.125,7.642,83.111,5135.0
SAC-energy_harv,SAC,energy_harv,2,100059,0,1,0,291.454,0.26112,1.7,2.705,8.522,34.2,5379.3
SAC-energy_harv,SAC,energy_harv,2,100060,1,0,0,702.396,0.57036,4.8,11.295,10.335,67.965,5075.0
SAC-energy_harv,SAC,energy_harv,2,100061,1,0,0,748.903,0.60794,5.15,10.462,8.108,92.366,5061.7
SAC-energy_harv,SAC,energy_harv,2,100062,1,0,0,765.643,0.62379,5.15,8.918,7.732,99.016,5107.8
SAC-energy_harv,SAC,energy_harv,2,100063,1,0,0,622.636,0.51795,4.15,8.905,7.751,80.326,5118.1
SAC-energy_harv,SAC,energy_harv,2,100064,1,0,0,941.004,0.75668,6.35,12.04,8.763,107.385,5105.2
SAC-energy_harv,SAC,energy_harv,2,100065,1,0,0,687.083,0.56708,4.55,9.4,7.861,87.405,5135.9
SAC-energy_harv,SAC,energy_harv,2,100066,1,0,0,824.254,0.66102,5.7,11.358,9.127,90.313,5053.2
SAC-energy_harv,SAC,energy_harv,2,100067,1,0,0,787.56,0.61404,5.55,10.894,8.907,88.424,5028.3
SAC-energy_harv,SAC,energy_harv,2,100068,1,0,0,853.745,0.69176,5.8,10.973,8.563,99.701,5089.7
SAC-energy_harv,SAC,energy_harv,2,100069,1,0,0,774.749,0.64737,5.25,11.145,9.012,85.965,5078.8
SAC-energy_harv,SAC,energy_harv,2,100070,1,0,0,767.512,0.61303,5.3,10.984,9.473,81.018,5060.1
SAC-energy_harv,SAC,energy_harv,2,100071,1,0,0,684.89,0.5541,4.75,9.873,8.226,83.26,5046.3
SAC-energy_harv,SAC,energy_harv,2,100072,1,0,0,712.378,0.57139,4.9,9.035,7.937,89.749,5066.5
SAC-energy_harv,SAC,energy_harv,2,100073,1,0,0,649.661,0.52342,4.45,9.269,8.545,76.026,5072.5
SAC-energy_harv,SAC,energy_harv,2,100074,1,0,0,842.607,0.69088,5.75,12.415,10.228,82.379,5072.0
SAC-energy_harv,SAC,energy_harv,2,100075,1,0,0,800.487,0.65589,5.4,10.889,8.097,98.865,5099.5
SAC-energy_harv,SAC,energy_harv,2,100076,0,1,0,248.82,0.23775,1.4,2.342,7.909,31.459,5432.6
SAC-energy_harv,SAC,energy_harv,2,100077,1,0,0,695.512,0.54939,4.85,9.112,7.922,87.798,5044.8
SAC-energy_harv,SAC,energy_harv,2,100078,1,0,0,862.225,0.71911,5.65,12.069,10.244,84.167,5154.3
SAC-energy_harv,SAC,energy_harv,2,100079,1,0,0,769.984,0.60815,5.3,10.411,9.43,81.65,5073.5
SAC-energy_harv,SAC,energy_harv,2,100080,0,1,0,479.819,0.3923,3.25,7.186,8.957,53.567,5093.0
SAC-energy_harv,SAC,energy_harv,2,100081,1,0,0,882.676,0.73647,5.95,12.229,9.618,91.775,5090.9
SAC-energy_harv,SAC,energy_harv,2,100082,1,0,0,1117.295,0.91459,7.5,10.529,8.391,133.148,5109.1
SAC-energy_harv,SAC,energy_harv,2,100083,1,0,0,709.886,0.58339,4.85,9.814,7.864,90.267,5069.6
SAC-energy_harv,SAC,energy_harv,2,100084,1,0,0,739.418,0.59806,5.05,12.103,10.165,72.739,5077.5
SAC-energy_harv,SAC,energy_harv,2,100085,1,0,0,607.367,0.48435,4.25,8.882,8.176,74.287,5033.6
SAC-energy_harv,SAC,energy_harv,2,100086,1,0,0,667.302,0.53933,4.6,9.109,7.735,86.273,5058.7
SAC-energy_harv,SAC,energy_harv,2,100087,1,0,0,672.418,0.54288,4.65,9.98,8.731,77.017,5051.9
SAC-energy_harv,SAC,energy_harv,2,100088,1,0,0,776.984,0.64802,5.1,10.73,9.119,85.2,5150.5
SAC-energy_harv,SAC,energy_harv,2,100089,1,0,0,713.353,0.57395,4.95,10.417,9.071,78.64,5048.0
SAC-energy_harv,SAC,energy_harv,2,100090,0,1,0,399.856,0.3423,2.5,4.291,8.879,45.032,5242.2
SAC-energy_harv,SAC,energy_harv,2,100091,1,0,0,687.801,0.5431,4.8,8.713,7.545,91.16,5043.5
SAC-energy_harv,SAC,energy_harv,2,100092,1,0,0,730.965,0.59706,4.95,9.998,8.325,87.805,5093.1
SAC-energy_harv,SAC,energy_harv,2,100093,1,0,0,653.356,0.52277,4.5,9.759,9.047,72.215,5064.7
SAC-energy_harv,SAC,energy_harv,2,100094,1,0,0,841.795,0.68881,5.65,10.136,7.539,111.656,5109.8
SAC-energy_harv,SAC,energy_harv,2,100095,0,1,0,484.824,0.44176,2.85,5.577,7.532,64.369,5353.3
SAC-energy_harv,SAC,energy_harv,2,100096,1,0,0,630.047,0.50759,4.4,10.098,9.195,68.522,5033.2
SAC-energy_harv,SAC,energy_harv,2,100097,1,0,0,707.838,0.58069,4.85,9.843,8.155,86.802,5065.1
SAC-energy_harv,SAC,energy_harv,2,100098,1,0,0,700.171,0.5611,4.85,9.865,7.811,89.638,5054.0
SAC-energy_harv,SAC,energy_harv,2,100099,1,0,0,718.437,0.56113,5.0,9.366,8.321,86.345,5055.4
SAC-energy_harv,SAC,energy_harv,2,100100,1,0,0,747.445,0.60043,5.15,10.38,7.98,93.669,5063.4
SAC-energy_harv,SAC,energy_harv,2,100101,1,0,0,757.174,0.60796,5.2,11.032,9.617,78.732,5068.4
SAC-energy_harv,SAC,energy_harv,2,100102,1,0,0,897.913,0.75962,6.0,13.084,10.819,82.994,5103.5
SAC-energy_harv,SAC,energy_harv,2,100103,1,0,0,705.794,0.54852,5.0,10.162,9.007,78.364,5021.4
SAC-energy_harv,SAC,energy_harv,2,100104,1,0,0,812.056,0.67284,5.35,10.812,9.087,89.364,5144.4
SAC-energy_harv,SAC,energy_harv,2,100105,1,0,0,614.951,0.48998,4.3,9.72,9.044,67.992,5034.4
SAC-energy_harv,SAC,energy_harv,2,100106,1,0,0,1147.227,0.99382,7.3,14.636,10.656,107.66,5199.3
SAC-energy_harv,SAC,energy_harv,2,100107,0,1,0,560.72,0.47455,3.7,8.62,8.604,65.17,5131.2
SAC-energy_harv,SAC,energy_harv,2,100108,1,0,0,769.653,0.63929,5.05,9.435,8.316,92.555,5153.1
SAC-energy_harv,SAC,energy_harv,2,100109,1,0,0,861.353,0.71915,5.6,12.113,10.199,84.457,5170.8
SAC-energy_harv,SAC,energy_harv,2,100110,0,1,0,321.862,0.28051,1.95,2.866,8.27,38.918,5306.1
SAC-energy_harv,SAC,energy_harv,2,100111,1,0,0,1227.633,1.01555,8.05,14.137,10.062,122.012,5156.4
SAC-energy_harv,SAC,energy_harv,2,100112,1,0,0,785.291,0.64244,5.3,10.228,8.496,92.428,5097.4
SAC-energy_harv,SAC,energy_harv,2,100113,0,1,0,494.484,0.41116,3.25,6.876,7.613,64.956,5147.6
SAC-energy_harv,SAC,energy_harv,2,100114,1,0,0,759.458,0.6055,5.25,9.644,8.18,92.839,5059.4
SAC-energy_harv,SAC,energy_harv,2,100115,1,0,0,681.032,0.54619,4.7,9.477,8.766,77.689,5062.4
SAC-energy_harv,SAC,energy_harv,2,100116,1,0,0,845.589,0.67206,5.75,10.451,9.065,93.279,5095.5
SAC-energy_harv,SAC,energy_harv,2,100117,0,1,0,526.414,0.42415,3.7,7.613,8.733,60.277,5018.1
SAC-energy_harv,SAC,energy_harv,2,100118,1,0,0,708.525,0.5866,4.8,10.245,8.486,83.492,5085.7
SAC-energy_harv,SAC,energy_harv,2,100119,1,0,0,664.442,0.5475,4.55,9.364,7.886,84.261,5064.7
SAC-energy_harv,SAC,energy_harv,2,100120,1,0,0,656.768,0.52324,4.55,9.445,8.456,77.669,5055.4
SAC-energy_harv,SAC,energy_harv,2,100121,1,0,0,790.074,0.6316,5.45,9.901,8.116,97.345,5062.4
SAC-energy_harv,SAC,energy_harv,2,100122,1,0,0,742.188,0.58967,5.1,10.088,8.641,85.888,5073.7
SAC-energy_harv,SAC,energy_harv,2,100123,1,0,0,1070.441,0.85461,7.3,11.751,9.053,118.24,5088.5
SAC-energy_harv,SAC,energy_harv,2,100124,0,1,0,228.58,0.20444,1.35,1.637,9.122,25.058,5352.6
SAC-energy_harv,SAC,energy_harv,2,100125,1,0,0,792.483,0.6422,5.45,11.091,8.265,95.889,5063.4
SAC-energy_harv,SAC,energy_harv,2,100126,0,1,0,260.123,0.23542,1.5,1.905,8.626,30.154,5401.2
SAC-energy_harv,SAC,energy_harv,2,100127,0,1,0,450.93,0.36794,3.1,6.622,8.644,52.167,5062.9
SAC-energy_harv,SAC,energy_harv,2,100128,0,1,0,1013.028,0.86057,6.6,8.06,8.526,118.817,5156.7
SAC-energy_harv,SAC,energy_harv,2,100129,0,1,0,409.406,0.3465,2.65,5.578,9.076,45.107,5174.7
SAC-energy_harv,SAC,energy_harv,2,100130,1,0,0,718.396,0.57072,5.0,9.771,8.1,88.696,5047.5
SAC-energy_harv,SAC,energy_harv,2,100131,0,1,0,475.755,0.41522,2.85,3.817,8.285,57.427,5330.1
SAC-energy_harv,SAC,energy_harv,2,100132,1,0,0,685.135,0.55626,4.75,10.364,8.666,79.058,5043.6
SAC-energy_harv,SAC,energy_harv,2,100133,1,0,0,755.94,0.63559,5.05,9.769,7.926,95.371,5108.3
SAC-energy_harv,SAC,energy_harv,2,100134,1,0,0,1323.151,1.09942,8.85,14.598,9.972,132.684,5111.2
SAC-energy_harv,SAC,energy_harv,2,100135,1,0,0,661.534,0.53696,4.55,9.404,7.889,83.859,5062.0
SAC-energy_harv,SAC,energy_harv,2,100136,1,0,0,904.059,0.7189,6.2,11.869,10.838,83.413,5077.8
SAC-energy_harv,SAC,energy_harv,2,100137,1,0,0,795.436,0.64946,5.4,12.492,11.395,69.806,5086.1
SAC-energy_harv,SAC,energy_harv,2,100138,1,0,0,722.791,0.59572,4.85,9.949,8.268,87.424,5108.7
SAC-energy_harv,SAC,energy_harv,2,100139,1,0,0,842.338,0.66891,5.8,10.685,8.537,98.673,5070.6
SAC-energy_harv,SAC,energy_harv,2,100140,1,0,0,700.115,0.57806,4.75,10.228,7.88,88.851,5082.6
SAC-energy_harv,SAC,energy_harv,2,100141,1,0,0,735.293,0.57909,5.05,10.106,8.995,81.745,5078.5
SAC-energy_harv,SAC,energy_harv,2,100142,1,0,0,748.479,0.60045,5.15,10.191,8.179,91.512,5067.2
SAC-energy_harv,SAC,energy_harv,2,100143,1,0,0,621.851,0.49721,4.25,8.552,7.809,79.635,5083.2
SAC-energy_harv,SAC,energy_harv,2,100144,1,0,0,609.121,0.50138,4.1,8.622,7.597,80.177,5102.6
SAC-energy_harv,SAC,energy_harv,2,100145,0,1,0,314.07,0.27364,1.9,3.363,8.422,37.293,5309.4
SAC-energy_harv,SAC,energy_harv,2,100146,0,1,0,310.67,0.29756,1.7,2.669,8.28,37.522,5498.8
SAC-energy_harv,SAC,energy_harv,2,100147,1,0,0,685.318,0.55611,4.7,10.06,9.371,73.128,5067.5
SAC-energy_harv,SAC,energy_harv,2,100148,1,0,0,789.732,0.65501,5.2,10.087,8.724,90.529,5145.7
SAC-energy_harv,SAC,energy_harv,2,100149,1,0,0,761.517,0.5982,5.3,10.023,8.832,86.223,5052.9
SAC-energy_harv,SAC,energy_harv,2,100150,1,0,0,634.004,0.50736,4.4,9.935,9.058,69.996,5051.6
SAC-energy_harv,SAC,energy_harv,2,100151,1,0,0,643.973,0.52528,4.45,9.568,8.246,78.098,5049.4
SAC-energy_harv,SAC,energy_harv,2,100152,1,0,0,751.668,0.61024,5.15,9.68,7.9,95.147,5070.3
SAC-energy_harv,SAC,energy_harv,2,100153,1,0,0,636.817,0.5073,4.4,9.304,8.949,71.161,5060.0
SAC-energy_harv,SAC,energy_harv,2,100154,1,0,0,768.073,0.60533,5.35,9.977,8.276,92.81,5049.3
SAC-energy_harv,SAC,energy_harv,2,100155,0,1,0,423.06,0.35033,2.75,5.253,8.362,50.595,5175.2
SAC-energy_harv,SAC,energy_harv,2,100156,0,1,0,449.446,0.40155,2.7,6.084,8.31,54.088,5314.6
SAC-energy_harv,SAC,energy_harv,2,100157,1,0,0,737.528,0.5941,5.05,11.004,9.876,74.678,5076.3
SAC-energy_harv,SAC,energy_harv,2,100158,1,0,0,867.307,0.68947,5.85,9.739,8.77,98.899,5112.4
SAC-energy_harv,SAC,energy_harv,2,100159,1,0,0,726.658,0.5886,4.95,9.401,8.307,87.478,5085.1
SAC-energy_harv,SAC,energy_harv,2,100160,1,0,0,886.107,0.72192,6.05,11.109,8.584,103.225,5075.0
SAC-energy_harv,SAC,energy_harv,2,100161,1,0,0,829.84,0.68947,5.6,11.325,9.016,92.042,5090.6
SAC-energy_harv,SAC,energy_harv,2,100162,1,0,0,749.184,0.59672,5.1,10.645,9.181,81.599,5092.4
SAC-energy_harv,SAC,energy_harv,2,100163,1,0,0,660.64,0.53724,4.55,10.261,9.207,71.751,5057.0
SAC-energy_harv,SAC,energy_harv,2,100164,1,0,0,778.312,0.62866,5.4,11.708,9.548,81.516,5048.3
SAC-energy_harv,SAC,energy_harv,2,100165,0,1,0,326.808,0.30966,1.8,3.356,7.827,41.753,5487.9
SAC-energy_harv,SAC,energy_harv,2,100166,1,0,0,828.732,0.68258,5.6,11.102,8.452,98.049,5092.5
SAC-energy_harv,SAC,energy_harv,2,100167,1,0,0,604.287,0.48951,4.1,9.082,8.696,69.493,5090.9
SAC-energy_harv,SAC,energy_harv,2,100168,1,0,0,977.881,0.79219,6.6,10.379,8.828,110.775,5103.0
SAC-energy_harv,SAC,energy_harv,2,100169,1,0,0,641.506,0.51265,4.45,8.975,8.158,78.631,5050.6
SAC-energy_harv,SAC,energy_harv,2,100170,0,1,0,430.889,0.35454,2.85,5.344,7.95,54.201,5136.9
SAC-energy_harv,SAC,energy_harv,2,100171,1,0,0,745.622,0.59373,5.15,9.675,8.252,90.358,5062.2
SAC-energy_harv,SAC,energy_harv,2,100172,1,0,0,840.004,0.71112,5.6,12.81,8.797,95.486,5108.6
SAC-energy_harv,SAC,energy_harv,2,100173,1,0,0,591.64,0.48014,4.05,9.635,9.102,65.003,5070.7
SAC-energy_harv,SAC,energy_harv,2,100174,1,0,0,717.665,0.56628,4.95,9.0,7.649,93.82,5068.8
SAC-energy_harv,SAC,energy_harv,2,100175,1,0,0,836.521,0.68389,5.65,11.518,9.783,85.504,5095.6
SAC-energy_harv,SAC,energy_harv,2,100176,0,1,0,506.995,0.43783,3.1,4.903,8.567,59.183,5289.4
SAC-energy_harv,SAC,energy_harv,2,100177,1,0,0,668.046,0.54786,4.5,9.406,8.088,82.6,5102.6
SAC-energy_harv,SAC,energy_harv,2,100178,1,0,0,781.085,0.62665,5.45,9.893,7.551,103.448,5036.3
SAC-energy_harv,SAC,energy_harv,2,100179,1,0,0,796.134,0.65385,5.4,11.573,10.152,78.424,5085.0
SAC-energy_harv,SAC,energy_harv,2,100180,1,0,0,685.382,0.54726,4.75,9.175,7.932,86.404,5054.4
SAC-energy_harv,SAC,energy_harv,2,100181,1,0,0,701.514,0.57136,4.8,10.347,8.764,80.041,5073.0
SAC-energy_harv,SAC,energy_harv,2,100182,1,0,0,747.74,0.60318,5.15,10.043,8.323,89.842,5062.0
SAC-energy_harv,SAC,energy_harv,2,100183,1,0,0,941.793,0.76461,6.35,12.428,10.261,91.786,5104.4
SAC-energy_harv,SAC,energy_harv,2,100184,1,0,0,745.209,0.60905,4.95,9.288,8.328,89.479,5133.6
SAC-energy_harv,SAC,energy_harv,2,100185,1,0,0,757.809,0.62234,5.1,9.931,8.052,94.112,5103.0
SAC-energy_harv,SAC,energy_harv,2,100186,1,0,0,703.406,0.57116,4.8,9.984,8.821,79.74,5080.3
SAC-energy_harv,SAC,energy_harv,2,100187,1,0,0,751.911,0.60311,5.2,10.892,9.124,82.412,5057.9
SAC-energy_harv,SAC,energy_harv,2,100188,1,0,0,536.552,0.43594,3.65,7.648,7.177,74.758,5086.0
SAC-energy_harv,SAC,energy_harv,2,100189,1,0,0,647.665,0.52568,4.4,8.307,7.6,85.217,5088.7
SAC-energy_harv,SAC,energy_harv,2,100190,1,0,0,644.934,0.53612,4.25,8.983,7.866,81.991,5142.8
SAC-energy_harv,SAC,energy_harv,2,100191,1,0,0,753.71,0.6191,5.15,10.199,7.798,96.66,5071.6
SAC-energy_harv,SAC,energy_harv,2,100192,0,1,0,467.975,0.41093,2.8,4.47,8.535,54.832,5330.2
SAC-energy_harv,SAC,energy_harv,2,100193,0,1,0,461.762,0.36852,3.2,6.356,8.356,55.262,5053.3
SAC-energy_harv,SAC,energy_harv,2,100194,0,1,0,359.677,0.31231,2.2,3.023,10.109,35.581,5285.4
SAC-energy_harv,SAC,energy_harv,2,100195,1,0,0,809.207,0.66814,5.45,9.827,7.92,102.166,5097.7
SAC-energy_harv,SAC,energy_harv,2,100196,1,0,0,1349.986,1.10507,9.2,15.078,10.254,131.65,5079.7
SAC-energy_harv,SAC,energy_harv,2,100197,1,0,0,650.407,0.53468,4.35,8.572,7.744,83.994,5116.8
SAC-energy_harv,SAC,energy_harv,2,100198,1,0,0,638.812,0.51936,4.35,9.691,9.256,69.016,5080.8
SAC-energy_harv,SAC,energy_harv,2,100199,1,0,0,672.207,0.56448,4.4,9.395,7.993,84.104,5153.0
SAC-energy_harv,SAC,energy_harv,3,100000,1,0,0,941.954,0.77565,6.2,11.375,9.237,101.973,5146.6
SAC-energy_harv,SAC,energy_harv,3,100001,1,0,0,947.16,0.79152,6.1,11.437,9.015,105.065,5189.3
SAC-energy_harv,SAC,energy_harv,3,100002,1,0,0,748.09,0.61459,4.95,9.635,7.502,99.722,5138.6
SAC-energy_harv,SAC,energy_harv,3,100003,1,0,0,833.083,0.68674,5.45,10.884,8.219,101.36,5160.4
SAC-energy_harv,SAC,energy_harv,3,100004,1,0,0,955.376,0.81265,6.05,11.751,9.385,101.793,5217.6
SAC-energy_harv,SAC,energy_harv,3,100005,1,0,0,775.264,0.64797,4.95,9.789,8.165,94.945,5208.0
SAC-energy_harv,SAC,energy_harv,3,100006,1,0,0,881.236,0.73867,5.6,10.141,8.278,106.453,5217.5
SAC-energy_harv,SAC,energy_harv,3,100007,1,0,0,855.775,0.70108,5.55,11.253,10.155,84.273,5183.0
SAC-energy_harv,SAC,energy_harv,3,100008,1,0,0,804.909,0.65235,5.35,9.24,7.34,109.663,5134.4
SAC-energy_harv,SAC,energy_harv,3,100009,1,0,0,738.167,0.599,4.85,9.374,7.79,94.764,5158.9
SAC-energy_harv,SAC,energy_harv,3,100010,1,0,0,755.875,0.61153,5.15,8.985,7.373,102.516,5081.8
SAC-energy_harv,SAC,energy_harv,3,100011,1,0,0,868.901,0.7149,5.6,10.346,7.931,109.554,5194.4
SAC-energy_harv,SAC,energy_harv,3,100012,1,0,0,892.033,0.73667,5.9,11.439,9.32,95.709,5137.1
SAC-energy_harv,SAC,energy_harv,3,100013,1,0,0,780.699,0.62279,5.3,8.78,7.38,105.786,5096.1
SAC-energy_harv,SAC,energy_harv,3,100014,1,0,0,787.314,0.65945,5.15,10.579,8.825,89.21,5153.1
SAC-energy_harv,SAC,energy_harv,3,100015,0,1,0,401.234,0.3488,2.55,4.43,9.791,40.981,5203.0
SAC-energy_harv,SAC,energy_harv,3,100016,1,0,0,818.501,0.6631,5.4,9.826,8.596,95.224,5151.1
SAC-energy_harv,SAC,energy_harv,3,100017,1,0,0,814.773,0.66827,5.35,9.946,7.793,104.552,5154.8
SAC-energy_harv,SAC,energy_harv,3,100018,1,0,0,1068.595,0.85466,7.25,12.733,9.017,118.509,5097.1
SAC-energy_harv,SAC,energy_harv,3,100019,1,0,0,938.872,0.76494,6.25,11.473,9.673,97.064,5129.8
SAC-energy_harv,SAC,energy_harv,3,100020,1,0,0,686.858,0.5548,4.8,9.671,7.819,87.846,5032.8
SAC-energy_harv,SAC,energy_harv,3,100021,1,0,0,873.603,0.73291,5.55,10.891,8.23,106.151,5217.8
SAC-energy_harv,SAC,energy_harv,3,100022,1,0,0,968.11,0.77911,6.55,10.875,8.664,111.738,5100.3
SAC-energy_harv,SAC,energy_harv,3,100023,1,0,0,896.693,0.75739,5.7,10.926,8.437,106.28,5212.6
SAC-energy_harv,SAC,energy_harv,3,100024,1,0,0,1176.77,0.94987,7.8,12.761,9.114,129.112,5142.8
SAC-energy_harv,SAC,energy_harv,3,100025,1,0,0,986.719,0.84555,6.3,11.731,9.6,102.779,5197.5
SAC-energy_harv,SAC,energy_harv,3,100026,1,0,0,947.618,0.76901,6.35,11.58,9.501,99.738,5118.0
SAC-energy_harv,SAC,energy_harv,3,100027,1,0,0,950.564,0.78254,6.35,12.206,9.666,98.342,5118.2
SAC-energy_harv,SAC,energy_harv,3,100028,1,0,0,779.175,0.63303,5.1,8.88,7.748,100.561,5166.2
SAC-energy_harv,SAC,energy_harv,3,100029,1,0,0,966.793,0.81536,6.25,11.663,9.057,106.747,5176.4
SAC-energy_harv,SAC,energy_harv,3,100030,1,0,0,774.827,0.65138,5.05,10.671,9.276,83.532,5160.3
SAC-energy_harv,SAC,energy_harv,3,100031,0,1,0,284.65,0.27254,1.6,2.748,8.038,35.414,5434.5
SAC-energy_harv,SAC,energy_harv,3,100032,1,0,0,698.254,0.57408,4.65,9.678,7.982,87.481,5123.6
SAC-energy_harv,SAC,energy_harv,3,100033,1,0,0,864.614,0.71437,5.7,10.27,8.528,101.389,5144.8
SAC-energy_harv,SAC,energy_harv,3,100034,1,0,0,833.213,0.70136,5.35,10.705,7.85,106.136,5192.2
SAC-energy_harv,SAC,energy_harv,3,100035,1,0,0,933.371,0.76933,6.2,11.572,8.919,104.646,5127.3
SAC-energy_harv,SAC,energy_harv,3,100036,0,1,0,802.599,0.65128,5.3,5.425,10.5,76.439,5149.1
SAC-energy_harv,SAC,energy_harv,3,100037,1,0,0,870.502,0.70071,5.85,9.557,8.231,105.762,5113.6
SAC-energy_harv,SAC,energy_harv,3,100038,0,1,0,350.866,0.27449,2.5,4.701,9.882,35.506,5004.4
SAC-energy_harv,SAC,energy_harv,3,100039,0,1,0,354.398,0.29472,2.35,3.874,8.568,41.361,5126.9
SAC-energy_harv,SAC,energy_harv,3,100040,0,1,0,452.952,0.36124,3.1,5.859,10.951,41.362,5080.9
SAC-energy_harv,SAC,energy_harv,3,100041,0,1,0,523.514,0.45807,3.3,5.288,7.696,68.023,5215.4
SAC-energy_harv,SAC,energy_harv,3,100042,0,1,0,379.468,0.30481,2.6,4.869,7.881,48.148,5074.0
SAC-energy_harv,SAC,energy_harv,3,100043,1,0,0,789.116,0.65219,5.1,8.153,7.344,107.444,5186.5
SAC-energy_harv,SAC,energy_harv,3,100044,1,0,0,735.836,0.60939,4.85,11.568,10.63,69.223,5144.6
SAC-energy_harv,SAC,energy_harv,3,100045,0,1,0,876.08,0.72071,5.8,6.052,8.206,106.756,5136.4
SAC-energy_harv,SAC,energy_harv,3,100046,0,1,0,562.687,0.4554,3.8,5.718,7.34,76.665,5099.9
SAC-energy_harv,SAC,energy_harv,3,100047,1,0,0,1066.285,0.88864,6.9,12.538,8.979,118.757,5179.3
SAC-energy_harv,SAC,energy_harv,3,100048,1,0,0,969.298,0.80761,6.25,10.558,8.494,114.115,5186.8
SAC-energy_harv,SAC,energy_harv,3,100049,1,0,0,874.505,0.71724,5.7,9.984,7.661,114.152,5171.7
SAC-energy_harv,SAC,energy_harv,3,100050,1,0,0,841.999,0.69558,5.55,10.436,9.061,92.923,5142.9
SAC-energy_harv,SAC,energy_harv,3,100051,1,0,0,943.939,0.76421,6.35,12.155,10.669,88.475,5108.6
SAC-energy_harv,SAC,energy_harv,3,100052,0,1,0,468.481,0.38757,3.05,5.621,7.616,61.51,5168.8
SAC-energy_harv,SAC,energy_harv,3,100053,1,0,0,989.88,0.79768,6.6,11.573,9.208,107.506,5131.0
SAC-energy_harv,SAC,energy_harv,3,100054,1,0,0,886.527,0.74155,5.75,10.735,7.938,111.679,5174.0
SAC-energy_harv,SAC,energy_harv,3,100055,1,0,0,900.503,0.74609,5.9,10.88,8.521,105.677,5155.1
SAC-energy_harv,SAC,energy_harv,3,100056,1,0,0,826.205,0.6936,5.25,10.375,8.489,97.323,5216.1
SAC-energy_harv,SAC,energy_harv,3,100057,1,0,0,802.421,0.67432,5.2,9.639,7.79,103.01,5173.1
SAC-energy_harv,SAC,energy_harv,3,100058,1,0,0,905.887,0.75132,5.85,10.456,7.642,118.544,5186.4
SAC-energy_harv,SAC,energy_harv,3,100059,1,0,0,763.005,0.63679,4.95,9.442,8.522,89.534,5173.0
SAC-energy_harv,SAC,energy_harv,3,100060,1,0,0,1224.52,0.99671,8.15,14.118,10.335,118.487,5129.8
SAC-energy_harv,SAC,energy_harv,3,100061,1,0,0,781.572,0.6351,5.2,9.87,8.108,96.395,5131.1
SAC-energy_harv,SAC,energy_harv,3,100062,1,0,0,764.975,0.64721,4.95,9.908,7.732,98.93,5173.6
SAC-energy_harv,SAC,energy_harv,3,100063,1,0,0,811.058,0.67197,5.2,9.738,7.751,104.634,5203.0
SAC-energy_harv,SAC,energy_harv,3,100064,1,0,0,962.342,0.80717,6.15,10.186,8.763,109.82,5203.6
SAC-energy_harv,SAC,energy_harv,3,100065,1,0,0,815.193,0.6809,5.25,10.066,7.861,103.702,5190.1
SAC-energy_harv,SAC,energy_harv,3,100066,1,0,0,892.986,0.72883,5.85,11.103,9.127,97.844,5162.8
SAC-energy_harv,SAC,energy_harv,3,100067,1,0,0,996.776,0.79371,6.8,12.267,8.907,111.914,5088.4
SAC-energy_harv,SAC,energy_harv,3,100068,1,0,0,881.279,0.71747,5.95,10.52,8.563,102.916,5101.3
SAC-energy_harv,SAC,energy_harv,3,100069,1,0,0,898.489,0.74415,5.9,9.968,9.012,99.695,5151.3
SAC-energy_harv,SAC,energy_harv,3,100070,1,0,0,833.732,0.70627,5.35,10.495,9.473,88.008,5190.5
SAC-energy_harv,SAC,energy_harv,3,100071,1,0,0,807.659,0.66678,5.25,10.2,8.226,98.184,5174.6
SAC-energy_harv,SAC,energy_harv,3,100072,1,0,0,876.952,0.70869,5.95,10.753,7.937,110.483,5092.6
SAC-energy_harv,SAC,energy_harv,3,100073,1,0,0,922.982,0.75486,6.05,10.452,8.545,108.011,5160.1
SAC-energy_harv,SAC,energy_harv,3,100074,1,0,0,1118.415,0.90821,7.35,13.647,10.228,109.344,5157.9
SAC-energy_harv,SAC,energy_harv,3,100075,1,0,0,831.054,0.67551,5.45,9.367,8.097,102.64,5162.7
SAC-energy_harv,SAC,energy_harv,3,100076,0,1,0,267.949,0.24845,1.55,2.363,7.909,33.877,5380.8
SAC-energy_harv,SAC,energy_harv,3,100077,1,0,0,865.541,0.67872,6.15,9.676,7.922,109.261,5008.4
SAC-energy_harv,SAC,energy_harv,3,100078,1,0,0,931.746,0.78721,6.0,12.183,10.244,90.953,5184.4
SAC-energy_harv,SAC,energy_harv,3,100079,1,0,0,985.079,0.78563,6.65,11.728,9.43,104.459,5108.9
SAC-energy_harv,SAC,energy_harv,3,100080,1,0,0,873.482,0.70026,5.95,11.271,8.957,97.515,5087.7
SAC-energy_harv,SAC,energy_harv,3,100081,0,1,0,416.152,0.34528,2.7,4.923,9.618,43.269,5177.4
SAC-energy_harv,SAC,energy_harv,3,100082,1,0,0,814.344,0.66669,5.3,9.513,8.391,97.045,5174.9
SAC-energy_harv,SAC,energy_harv,3,100083,0,1,0,697.874,0.58772,4.4,3.987,7.864,88.739,5232.2
SAC-energy_harv,SAC,energy_harv,3,100084,1,0,0,1083.282,0.89389,7.0,13.698,10.165,106.566,5187.4
SAC-energy_harv,SAC,energy_harv,3,100085,1,0,0,838.618,0.69889,5.45,10.525,8.176,102.571,5170.2
SAC-energy_harv,SAC,energy_harv,3,100086,1,0,0,792.465,0.65022,5.15,9.729,7.735,102.454,5177.5
SAC-energy_harv,SAC,energy_harv,3,100087,1,0,0,768.83,0.62546,5.15,9.909,8.731,88.06,5115.9
SAC-energy_harv,SAC,energy_harv,3,100088,1,0,0,1017.513,0.85196,6.6,10.994,9.119,111.576,5174.2
SAC-energy_harv,SAC,energy_harv,3,100089,0,1,0,229.424,0.16217,1.85,3.293,9.071,25.292,4803.8
SAC-energy_harv,SAC,energy_harv,3,100090,1,0,0,880.021,0.70984,5.8,10.357,8.879,99.108,5155.0
SAC-energy_harv,SAC,energy_harv,3,100091,0,1,0,948.471,0.78116,6.15,9.995,7.545,125.709,5180.6
SAC-energy_harv,SAC,energy_harv,3,100092,1,0,0,891.192,0.72775,5.8,10.779,8.325,107.052,5176.6
SAC-energy_harv,SAC,energy_harv,3,100093,1,0,0,1124.667,0.92298,7.45,11.837,9.047,124.309,5135.7
SAC-energy_harv,SAC,energy_harv,3,100094,1,0,0,823.997,0.66314,5.55,9.515,7.539,109.295,5109.6
SAC-energy_harv,SAC,energy_harv,3,100095,0,1,0,1739.797,1.39969,11.7,8.276,7.532,230.989,5114.2
SAC-energy_harv,SAC,energy_harv,3,100096,0,1,0,473.838,0.37298,3.35,6.672,9.195,51.533,5017.9
SAC-energy_harv,SAC,energy_harv,3,100097,1,0,0,888.566,0.73384,5.75,11.357,8.155,108.964,5183.1
SAC-energy_harv,SAC,energy_harv,3,100098,1,0,0,789.739,0.6508,5.15,10.085,7.811,101.105,5167.0
SAC-energy_harv,SAC,energy_harv,3,100099,0,1,0,392.424,0.30118,2.8,5.687,8.321,47.163,5009.6
SAC-energy_harv,SAC,energy_harv,3,100100,1,0,0,833.814,0.69383,5.4,9.222,7.98,104.492,5178.6
SAC-energy_harv,SAC,energy_harv,3,100101,1,0,0,789.135,0.66108,5.1,10.256,9.617,82.056,5180.1
SAC-energy_harv,SAC,energy_harv,3,100102,1,0,0,1339.498,1.06847,8.95,14.473,10.819,123.81,5130.5
SAC-energy_harv,SAC,energy_harv,3,100103,1,0,0,879.992,0.69955,5.95,10.974,9.007,97.705,5106.8
SAC-energy_harv,SAC,energy_harv,3,100104,1,0,0,924.342,0.78416,6.0,11.865,9.087,101.721,5165.5
SAC-energy_harv,SAC,energy_harv,3,100105,0,1,0,448.332,0.35966,3.1,6.369,9.044,49.57,5055.8
SAC-energy_harv,SAC,energy_harv,3,100106,1,0,0,1380.355,1.11654,9.15,14.903,10.656,129.538,5140.4
SAC-energy_harv,SAC,energy_harv,3,100107,1,0,0,842.125,0.72058,5.45,10.255,8.604,97.876,5168.9
SAC-energy_harv,SAC,energy_harv,3,100108,1,0,0,958.304,0.79559,6.25,11.73,8.316,115.242,5164.2
SAC-energy_harv,SAC,energy_harv,3,100109,1,0,0,976.125,0.83417,6.25,12.602,10.199,95.71,5191.7
SAC-energy_harv,SAC,energy_harv,3,100110,1,0,0,846.1,0.67603,5.65,10.211,8.27,102.306,5131.5
SAC-energy_harv,SAC,energy_harv,3,100111,0,1,0,399.548,0.3759,2.25,4.185,10.062,39.71,5440.1
SAC-energy_harv,SAC,energy_harv,3,100112,1,0,0,815.398,0.68598,5.15,9.81,8.496,95.972,5229.5
SAC-energy_harv,SAC,energy_harv,3,100113,1,0,0,753.139,0.62436,4.9,9.784,7.613,98.933,5169.4
SAC-energy_harv,SAC,energy_harv,3,100114,1,0,0,833.702,0.66943,5.6,9.127,8.18,101.915,5115.0
SAC-energy_harv,SAC,energy_harv,3,100115,0,1,0,289.193,0.25841,1.75,2.786,8.766,32.99,5299.9
SAC-energy_harv,SAC,energy_harv,3,100116,0,1,0,443.325,0.34606,3.1,5.091,9.065,48.904,5043.8
SAC-energy_harv,SAC,energy_harv,3,100117,1,0,0,854.68,0.70031,5.7,11.266,8.733,97.866,5122.0
SAC-energy_harv,SAC,energy_harv,3,100118,1,0,0,828.284,0.69099,5.5,10.437,8.486,97.604,5124.9
SAC-energy_harv,SAC,energy_harv,3,100119,1,0,0,828.156,0.68983,5.3,10.018,7.886,105.022,5203.9
SAC-energy_harv,SAC,energy_harv,3,100120,1,0,0,933.021,0.76832,6.2,10.646,8.456,110.338,5126.2
SAC-energy_harv,SAC,energy_harv,3,100121,1,0,0,808.203,0.65433,5.4,9.926,8.116,99.579,5123.4
SAC-energy_harv,SAC,energy_harv,3,100122,1,0,0,768.938,0.64023,5.0,9.737,8.641,88.983,5168.8
SAC-energy_harv,SAC,energy_harv,3,100123,1,0,0,1327.482,1.07725,8.9,13.434,9.053,146.633,5116.0
SAC-energy_harv,SAC,energy_harv,3,100124,1,0,0,1173.709,0.94701,7.85,12.486,9.122,128.669,5123.0
SAC-energy_harv,SAC,energy_harv,3,100125,1,0,0,902.472,0.74257,6.1,11.2,8.265,109.198,5093.6
SAC-energy_harv,SAC,energy_harv,3,100126,1,0,0,847.519,0.70977,5.5,10.399,8.626,98.246,5171.7
SAC-energy_harv,SAC,energy_harv,3,100127,1,0,0,819.545,0.65357,5.6,10.72,8.644,94.812,5084.9
SAC-energy_harv,SAC,energy_harv,3,100128,1,0,0,945.909,0.77392,6.35,11.849,8.526,110.944,5110.3
SAC-energy_harv,SAC,energy_harv,3,100129,1,0,0,851.163,0.66807,5.9,10.918,9.076,93.779,5061.2
SAC-energy_harv,SAC,energy_harv,3,100130,1,0,0,712.033,0.54763,5.15,9.405,8.1,87.91,4980.0
SAC-energy_harv,SAC,energy_harv,3,100131,1,0,0,865.249,0.70929,5.6,10.556,8.285,104.441,5186.9
SAC-energy_harv,SAC,energy_harv,3,100132,1,0,0,782.167,0.65216,5.05,10.218,8.666,90.254,5184.4
SAC-energy_harv,SAC,energy_harv,3,100133,1,0,0,878.699,0.72099,5.9,10.011,7.926,110.858,5108.8
SAC-energy_harv,SAC,energy_harv,3,100134,1,0,0,1059.773,0.87244,7.05,13.433,9.972,106.273,5127.4
SAC-energy_harv,SAC,energy_harv,3,100135,1,0,0,1432.532,1.15726,9.6,10.024,7.889,181.594,5118.7
SAC-energy_harv,SAC,energy_harv,3,100136,1,0,0,1391.663,1.10132,9.4,13.628,10.838,128.401,5111.2
SAC-energy_harv,SAC,energy_harv,3,100137,1,0,0,1316.39,1.04247,8.85,14.739,11.395,115.523,5120.9
SAC-energy_harv,SAC,energy_harv,3,100138,1,0,0,1427.993,1.20085,9.35,14.181,8.268,172.72,5151.3
SAC-energy_harv,SAC,energy_harv,3,100139,1,0,0,791.734,0.63836,5.5,10.387,8.537,92.745,5046.2
SAC-energy_harv,SAC,energy_harv,3,100140,1,0,0,878.099,0.72912,5.65,10.695,7.88,111.439,5193.7
SAC-energy_harv,SAC,energy_harv,3,100141,1,0,0,969.315,0.78084,6.45,11.315,8.995,107.762,5135.1
SAC-energy_harv,SAC,energy_harv,3,100142,1,0,0,836.645,0.67133,5.7,10.401,8.179,102.292,5087.9
SAC-energy_harv,SAC,energy_harv,3,100143,1,0,0,898.628,0.73217,5.9,10.167,7.809,115.079,5158.2
SAC-energy_harv,SAC,energy_harv,3,100144,1,0,0,766.714,0.64091,4.9,9.526,7.597,100.921,5205.8
SAC-energy_harv,SAC,energy_harv,3,100145,1,0,0,1065.289,0.88107,6.95,11.91,8.422,126.494,5166.0
SAC-energy_harv,SAC,energy_harv,3,100146,0,1,0,855.339,0.69787,5.8,9.004,8.28,103.307,5090.4
SAC-energy_harv,SAC,energy_harv,3,100147,1,0,0,936.356,0.78237,6.05,11.699,9.371,99.916,5181.5
SAC-energy_harv,SAC,energy_harv,3,100148,1,0,0,845.867,0.70656,5.4,10.289,8.724,96.963,5208.1
SAC-energy_harv,SAC,energy_harv,3,100149,1,0,0,805.814,0.62692,5.75,9.948,8.832,91.238,5003.6
SAC-energy_harv,SAC,energy_harv,3,100150,1,0,0,868.404,0.71995,5.7,10.908,9.058,95.874,5153.1
SAC-energy_harv,SAC,energy_harv,3,100151,0,1,0,202.388,0.15115,1.5,2.419,8.246,24.545,4944.7
SAC-energy_harv,SAC,energy_harv,3,100152,1,0,0,726.034,0.60277,4.7,9.284,7.9,91.902,5180.8
SAC-energy_harv,SAC,energy_harv,3,100153,1,0,0,901.524,0.7359,6.0,10.312,8.949,100.74,5128.2
SAC-energy_harv,SAC,energy_harv,3,100154,1,0,0,676.036,0.52711,4.75,9.832,8.276,81.689,5034.7
SAC-energy_harv,SAC,energy_harv,3,100155,1,0,0,889.984,0.73406,5.8,10.58,8.362,106.436,5169.7
SAC-energy_harv,SAC,energy_harv,3,100156,1,0,0,802.002,0.67353,5.25,10.178,8.31,96.515,5152.7
SAC-energy_harv,SAC,energy_harv,3,100157,1,0,0,1152.687,0.94766,7.6,13.195,9.876,116.715,5146.5
SAC-energy_harv,SAC,energy_harv,3,100158,1,0,0,1106.82,0.89262,7.4,10.409,8.77,126.21,5124.7
SAC-energy_harv,SAC,energy_harv,3,100159,1,0,0,756.927,0.6177,5.15,10.313,8.307,91.122,5083.6
SAC-energy_harv,SAC,energy_harv,3,100160,1,0,0,800.373,0.64035,5.35,9.877,8.584,93.238,5128.1
SAC-energy_harv,SAC,energy_harv,3,100161,0,1,0,994.912,0.80857,6.55,7.2,9.016,110.351,5154.6
SAC-energy_harv,SAC,energy_harv,3,100162,1,0,0,1035.185,0.83625,6.85,11.138,9.181,112.75,5145.9
SAC-energy_harv,SAC,energy_harv,3,100163,1,0,0,828.753,0.68288,5.45,10.18,9.207,90.01,5149.3
SAC-energy_harv,SAC,energy_harv,3,100164,1,0,0,897.595,0.71889,6.1,11.267,9.548,94.01,5094.4
SAC-energy_harv,SAC,energy_harv,3,100165,0,1,0,365.746,0.29799,2.4,4.337,7.827,46.727,5160.1
SAC-energy_harv,SAC,energy_harv,3,100166,1,0,0,1134.157,0.93117,7.6,11.524,8.452,134.184,5111.6
SAC-energy_harv,SAC,energy_harv,3,100167,1,0,0,925.763,0.75916,6.1,10.871,8.696,106.462,5147.7
SAC-energy_harv,SAC,energy_harv,3,100168,1,0,0,1329.688,1.086,8.75,13.59,8.828,150.628,5151.5
SAC-energy_harv,SAC,energy_harv,3,100169,1,0,0,839.869,0.70638,5.4,10.522,8.158,102.945,5190.0
SAC-energy_harv,SAC,energy_harv,3,100170,1,0,0,748.605,0.60168,5.05,9.863,7.95,94.166,5107.2
SAC-energy_harv,SAC,energy_harv,3,100171,1,0,0,870.483,0.69785,5.9,10.379,8.252,105.489,5096.8
SAC-energy_harv,SAC,energy_harv,3,100172,1,0,0,779.872,0.66192,5.1,10.576,8.797,88.65,5149.7
SAC-energy_harv,SAC,energy_harv,3,100173,0,1,0,128.921,0.09055,1.05,1.313,9.102,14.164,4787.5
SAC-energy_harv,SAC,energy_harv,3,100174,0,1,0,149.572,0.11194,1.15,1.436,7.649,19.554,4873.5
SAC-energy_harv,SAC,energy_harv,3,100175,1,0,0,904.476,0.75725,5.8,11.406,9.783,92.45,5198.2
SAC-energy_harv,SAC,energy_harv,3,100176,0,1,0,370.429,0.29723,2.45,3.656,8.567,43.241,5149.8
SAC-energy_harv,SAC,energy_harv,3,100177,1,0,0,849.812,0.70399,5.5,10.345,8.088,105.074,5181.3
SAC-energy_harv,SAC,energy_harv,3,100178,1,0,0,814.944,0.65601,5.5,8.624,7.551,107.932,5104.6
SAC-energy_harv,SAC,energy_harv,3,100179,1,0,0,1264.459,1.01196,8.5,13.87,10.152,124.556,5115.4
SAC-energy_harv,SAC,energy_harv,3,100180,1,0,0,785.454,0.66814,5.05,10.073,7.932,99.02,5184.5
SAC-energy_harv,SAC,energy_harv,3,100181,1,0,0,835.878,0.69579,5.5,10.258,8.764,95.372,5145.6
SAC-energy_harv,SAC,energy_harv,3,100182,0,1,0,653.783,0.52574,4.45,7.015,8.323,78.553,5086.8
SAC-energy_harv,SAC,energy_harv,3,100183,1,0,0,1022.979,0.82727,6.9,12.522,10.261,99.698,5105.9
SAC-energy_harv,SAC,energy_harv,3,100184,1,0,0,1049.152,0.86983,6.85,12.23,8.328,125.974,5163.2
SAC-energy_harv,SAC,energy_harv,3,100185,1,0,0,660.508,0.5329,4.65,10.223,8.052,82.028,5017.1
SAC-energy_harv,SAC,energy_harv,3,100186,1,0,0,766.044,0.62377,5.15,10.326,8.821,86.841,5108.6
SAC-energy_harv,SAC,energy_harv,3,100187,1,0,0,882.735,0.70802,5.95,11.04,9.124,96.751,5110.2
SAC-energy_harv,SAC,energy_harv,3,100188,1,0,0,1124.098,0.93119,7.35,11.171,7.177,156.62,5160.3
SAC-energy_harv,SAC,energy_harv,3,100189,1,0,0,831.43,0.69943,5.4,10.379,7.6,109.395,5168.4
SAC-energy_harv,SAC,energy_harv,3,100190,0,1,0,230.263,0.18734,1.55,2.22,7.866,29.273,5106.1
SAC-energy_harv,SAC,energy_harv,3,100191,0,1,0,476.514,0.41672,3.05,6.342,7.798,61.111,5183.0
SAC-energy_harv,SAC,energy_harv,3,100192,1,0,0,889.397,0.75134,5.65,10.51,8.535,104.21,5214.3
SAC-energy_harv,SAC,energy_harv,3,100193,1,0,0,870.29,0.69904,5.85,10.486,8.356,104.154,5115.6
SAC-energy_harv,SAC,energy_harv,3,100194,1,0,0,822.519,0.70756,5.2,10.89,10.109,81.368,5216.3
SAC-energy_harv,SAC,energy_harv,3,100195,1,0,0,780.736,0.6333,5.2,9.611,7.92,98.572,5130.5
SAC-energy_harv,SAC,energy_harv,3,100196,1,0,0,977.772,0.77267,6.65,12.528,10.254,95.352,5097.4
SAC-energy_harv,SAC,energy_harv,3,100197,1,0,0,955.517,0.80953,6.15,11.318,7.744,123.396,5183.8
SAC-energy_harv,SAC,energy_harv,3,100198,1,0,0,871.526,0.7112,5.8,10.524,9.256,94.158,5128.1
SAC-energy_harv,SAC,energy_harv,3,100199,0,1,0,337.537,0.28391,2.15,3.54,7.993,42.231,5211.5
SAC-energy_harv,SAC,energy_harv,4,100000,1,0,0,939.537,0.80669,6.05,12.095,9.237,101.712,5178.9
SAC-energy_harv,SAC,energy_harv,4,100001,1,0,0,854.896,0.71116,5.65,10.661,9.015,94.831,5135.5
SAC-energy_harv,SAC,energy_harv,4,100002,0,1,0,478.523,0.38066,3.35,5.863,7.502,63.788,5033.1
SAC-energy_harv,SAC,energy_harv,4,100003,1,0,0,720.01,0.57256,5.0,9.395,8.219,87.603,5051.1
SAC-energy_harv,SAC,energy_harv,4,100004,1,0,0,969.982,0.79037,6.45,10.436,9.385,103.349,5132.0
SAC-energy_harv,SAC,energy_harv,4,100005,1,0,0,725.517,0.59159,4.9,9.37,8.165,88.853,5098.4
SAC-energy_harv,SAC,energy_harv,4,100006,1,0,0,717.155,0.58811,4.8,8.775,8.278,86.632,5115.2
SAC-energy_harv,SAC,energy_harv,4,100007,1,0,0,986.875,0.78886,6.75,11.637,10.155,97.183,5079.8
SAC-energy_harv,SAC,energy_harv,4,100008,1,0,0,648.632,0.5131,4.6,8.009,7.34,88.371,5011.0
SAC-energy_harv,SAC,energy_harv,4,100009,0,1,0,296.576,0.26785,1.75,2.837,7.79,38.074,5348.9
SAC-energy_harv,SAC,energy_harv,4,100010,1,0,0,1547.675,1.26103,10.4,10.443,7.373,209.905,5109.6
SAC-energy_harv,SAC,energy_harv,4,100011,0,1,0,599.673,0.50167,3.9,6.587,7.931,75.609,5168.7
SAC-energy_harv,SAC,energy_harv,4,100012,1,0,0,1110.193,0.89057,7.6,12.624,9.32,119.116,5078.1
SAC-energy_harv,SAC,energy_harv,4,100013,1,0,0,618.133,0.48481,4.45,8.273,7.38,83.758,4982.3
SAC-energy_harv,SAC,energy_harv,4,100014,1,0,0,730.181,0.5618,5.2,10.034,8.825,82.736,5013.3
SAC-energy_harv,SAC,energy_harv,4,100015,1,0,0,927.973,0.73744,6.45,11.253,9.791,94.781,5049.6
SAC-energy_harv,SAC,energy_harv,4,100016,1,0,0,792.302,0.67175,5.2,10.46,8.596,92.176,5142.9
SAC-energy_harv,SAC,energy_harv,4,100017,1,0,0,768.253,0.6082,5.25,9.324,7.793,98.583,5087.0
SAC-energy_harv,SAC,energy_harv,4,100018,1,0,0,723.596,0.56063,5.15,10.355,9.017,80.248,5010.7
SAC-energy_harv,SAC,energy_harv,4,100019,1,0,0,926.879,0.76889,6.15,11.059,9.673,95.824,5129.2
SAC-energy_harv,SAC,energy_harv,4,100020,1,0,0,658.171,0.52617,4.65,8.838,7.819,84.177,5013.9
SAC-energy_harv,SAC,energy_harv,4,100021,0,1,0,196.364,0.19235,1.05,1.124,8.23,23.86,5543.7
SAC-energy_harv,SAC,energy_harv,4,100022,1,0,0,739.49,0.58466,5.1,9.964,8.664,85.351,5067.8
SAC-energy_harv,SAC,energy_harv,4,100023,1,0,0,755.267,0.61599,5.1,9.433,8.437,89.517,5099.6
SAC-energy_harv,SAC,energy_harv,4,100024,0,1,0,471.995,0.41053,2.95,5.302,9.114,51.786,5237.5
SAC-energy_harv,SAC,energy_harv,4,100025,1,0,0,1013.499,0.83994,6.7,12.064,9.6,105.568,5138.8
SAC-energy_harv,SAC,energy_harv,4,100026,1,0,0,755.27,0.61125,5.15,10.141,9.501,79.493,5083.5
SAC-energy_harv,SAC,energy_harv,4,100027,1,0,0,809.051,0.65323,5.7,12.534,9.666,83.702,5016.0
SAC-energy_harv,SAC,energy_harv,4,100028,1,0,0,665.784,0.53368,4.6,8.438,7.748,85.926,5059.3
SAC-energy_harv,SAC,energy_harv,4,100029,1,0,0,871.135,0.70137,5.85,9.889,9.057,96.185,5116.0
SAC-energy_harv,SAC,energy_harv,4,100030,1,0,0,747.809,0.57856,5.25,10.138,9.276,80.619,5040.1
SAC-energy_harv,SAC,energy_harv,4,100031,1,0,0,771.421,0.62408,5.25,9.302,8.038,95.974,5087.9
SAC-energy_harv,SAC,energy_harv,4,100032,1,0,0,626.846,0.48287,4.5,8.749,7.982,78.534,4995.8
SAC-energy_harv,SAC,energy_harv,4,100033,1,0,0,736.998,0.59298,5.05,9.579,8.528,86.424,5074.9
SAC-energy_harv,SAC,energy_harv,4,100034,1,0,0,829.211,0.6578,5.65,9.153,7.85,105.626,5092.6
SAC-energy_harv,SAC,energy_harv,4,100035,1,0,0,736.507,0.57425,5.15,10.049,8.919,82.574,5044.6
SAC-energy_harv,SAC,energy_harv,4,100036,1,0,0,1166.978,0.98043,7.65,13.709,10.5,111.143,5148.3
SAC-energy_harv,SAC,energy_harv,4,100037,1,0,0,668.565,0.51947,4.8,9.15,8.231,81.228,4992.9
SAC-energy_harv,SAC,energy_harv,4,100038,1,0,0,1399.818,1.12147,9.35,13.613,9.882,141.656,5129.6
SAC-energy_harv,SAC,energy_harv,4,100039,1,0,0,789.55,0.63453,5.35,9.726,8.568,92.147,5098.1
SAC-energy_harv,SAC,energy_harv,4,100040,0,1,0,1103.165,0.90612,7.3,12.373,10.951,100.737,5137.8
SAC-energy_harv,SAC,energy_harv,4,100041,1,0,0,861.336,0.69985,5.75,9.836,7.696,111.918,5124.7
SAC-energy_harv,SAC,energy_harv,4,100042,0,1,0,563.27,0.44613,3.85,7.116,7.881,71.47,5086.2
SAC-energy_harv,SAC,energy_harv,4,100043,1,0,0,701.738,0.56406,4.85,8.357,7.344,95.547,5056.6
SAC-energy_harv,SAC,energy_harv,4,100044,1,0,0,1290.61,1.09308,8.4,14.23,10.63,121.412,5161.5
SAC-energy_harv,SAC,energy_harv,4,100045,1,0,0,775.722,0.63727,5.25,9.493,8.206,94.527,5091.7
SAC-energy_harv,SAC,energy_harv,4,100046,1,0,0,598.885,0.4768,4.25,8.294,7.34,81.597,5005.8
SAC-energy_harv,SAC,energy_harv,4,100047,1,0,0,810.632,0.66254,5.45,9.962,8.979,90.284,5107.2
SAC-energy_harv,SAC,energy_harv,4,100048,1,0,0,797.671,0.64723,5.4,9.543,8.494,93.909,5096.6
SAC-energy_harv,SAC,energy_harv,4,100049,0,1,0,480.271,0.39766,3.15,5.422,7.661,62.691,5155.5
SAC-energy_harv,SAC,energy_harv,4,100050,1,0,0,726.63,0.56479,5.1,9.737,9.061,80.191,5039.1
SAC-energy_harv,SAC,energy_harv,4,100051,1,0,0,834.774,0.65642,5.75,11.605,10.669,78.243,5072.8
SAC-energy_harv,SAC,energy_harv,4,100052,1,0,0,720.728,0.57726,4.95,8.399,7.616,94.629,5071.6
SAC-energy_harv,SAC,energy_harv,4,100053,0,1,0,500.973,0.40758,3.4,6.238,9.208,54.408,5088.8
SAC-energy_harv,SAC,energy_harv,4,100054,1,0,0,902.268,0.71873,6.15,9.216,7.938,113.662,5089.6
SAC-energy_harv,SAC,energy_harv,4,100055,1,0,0,732.347,0.5884,5.1,10.049,8.521,85.944,5040.9
SAC-energy_harv,SAC,energy_harv,4,100056,1,0,0,908.781,0.73697,6.1,10.285,8.489,107.05,5114.6
SAC-energy_harv,SAC,energy_harv,4,100057,1,0,0,675.243,0.54139,4.6,8.637,7.79,86.684,5087.9
SAC-energy_harv,SAC,energy_harv,4,100058,1,0,0,767.0,0.61837,5.2,8.716,7.642,100.369,5095.3
SAC-energy_harv,SAC,energy_harv,4,100059,1,0,0,786.299,0.62379,5.45,9.924,8.522,92.267,5056.5
SAC-energy_harv,SAC,energy_harv,4,100060,1,0,0,903.924,0.70211,6.3,11.694,10.335,87.466,5053.4
SAC-energy_harv,SAC,energy_harv,4,100061,1,0,0,650.979,0.51104,4.6,8.878,8.108,80.288,5020.9
SAC-energy_harv,SAC,energy_harv,4,100062,1,0,0,788.032,0.63578,5.3,8.435,7.732,101.912,5112.6
SAC-energy_harv,SAC,energy_harv,4,100063,1,0,0,734.517,0.60856,4.95,8.716,7.751,94.759,5095.6
SAC-energy_harv,SAC,energy_harv,4,100064,1,0,0,811.516,0.65459,5.55,10.407,8.763,92.608,5076.8
SAC-energy_harv,SAC,energy_harv,4,100065,1,0,0,718.323,0.57762,4.9,8.211,7.861,91.379,5084.6
SAC-energy_harv,SAC,energy_harv,4,100066,1,0,0,1015.598,0.80475,7.0,10.775,9.127,111.279,5068.4
SAC-energy_harv,SAC,energy_harv,4,100067,1,0,0,1216.304,0.96553,8.4,12.201,8.907,136.562,5062.3
SAC-energy_harv,SAC,energy_harv,4,100068,0,1,0,257.291,0.23658,1.55,2.478,8.563,30.047,5293.4
SAC-energy_harv,SAC,energy_harv,4,100069,1,0,0,845.86,0.68197,5.8,9.508,9.012,93.855,5071.1
SAC-energy_harv,SAC,energy_harv,4,100070,1,0,0,1019.391,0.82453,6.9,11.808,9.473,107.606,5097.8
SAC-energy_harv,SAC,energy_harv,4,100071,1,0,0,642.108,0.51407,4.45,8.677,8.226,78.059,5052.2
SAC-energy_harv,SAC,energy_harv,4,100072,1,0,0,640.191,0.49081,4.6,8.474,7.937,80.655,4996.2
SAC-energy_harv,SAC,energy_harv,4,100073,1,0,0,687.855,0.55429,4.7,9.282,8.545,80.495,5079.1
SAC-energy_harv,SAC,energy_harv,4,100074,0,1,0,809.102,0.64757,5.45,9.252,10.228,79.103,5112.1
SAC-energy_harv,SAC,energy_harv,4,100075,1,0,0,715.583,0.5972,4.85,9.294,8.097,88.379,5082.1
SAC-energy_harv,SAC,energy_harv,4,100076,0,1,0,266.637,0.2474,1.6,2.754,7.909,33.711,5297.0
SAC-energy_harv,SAC,energy_harv,4,100077,0,1,0,545.229,0.41987,3.95,6.359,7.922,68.827,4978.0
SAC-energy_harv,SAC,energy_harv,4,100078,1,0,0,1207.732,1.00733,7.9,12.418,10.244,117.894,5157.5
SAC-energy_harv,SAC,energy_harv,4,100079,0,1,0,484.165,0.37747,3.45,6.373,9.43,51.341,5006.3
SAC-energy_harv,SAC,energy_harv,4,100080,1,0,0,1001.034,0.79862,6.85,10.548,8.957,111.755,5080.5
SAC-energy_harv,SAC,energy_harv,4,100081,1,0,0,810.685,0.64443,5.65,10.579,9.618,84.29,5044.2
SAC-energy_harv,SAC,energy_harv,4,100082,0,1,0,573.111,0.47767,3.75,6.134,8.391,68.297,5156.4
SAC-energy_harv,SAC,energy_harv,4,100083,1,0,0,775.42,0.6293,5.3,9.598,7.864,98.6,5074.6
SAC-energy_harv,SAC,energy_harv,4,100084,1,0,0,952.725,0.75826,6.5,11.33,10.165,93.723,5087.8
SAC-energy_harv,SAC,energy_harv,4,100085,1,0,0,659.894,0.52348,4.6,9.078,8.176,80.712,5043.7
SAC-energy_harv,SAC,energy_harv,4,100086,0,1,0,270.305,0.24603,1.6,2.151,7.735,34.947,5337.8
SAC-energy_harv,SAC,energy_harv,4,100087,1,0,0,710.243,0.5519,5.05,9.902,8.731,81.349,5012.0
SAC-energy_harv,SAC,energy_harv,4,100088,1,0,0,1171.339,0.98878,7.65,12.415,9.119,128.443,5155.2
SAC-energy_harv,SAC,energy_harv,4,100089,1,0,0,769.351,0.58878,5.5,10.019,9.071,84.813,5008.1
SAC-energy_harv,SAC,energy_harv,4,100090,1,0,0,884.38,0.71684,6.05,10.83,8.879,99.599,5073.8
SAC-energy_harv,SAC,energy_harv,4,100091,0,1,0,375.489,0.29762,2.6,4.655,7.545,49.767,5058.6
SAC-energy_harv,SAC,energy_harv,4,100092,1,0,0,710.386,0.57627,4.85,8.988,8.325,85.333,5078.9
SAC-energy_harv,SAC,energy_harv,4,100093,1,0,0,778.974,0.61424,5.4,10.175,9.047,86.1,5058.7
SAC-energy_harv,SAC,energy_harv,4,100094,1,0,0,848.005,0.67831,5.85,9.241,7.539,112.479,5062.7
SAC-energy_harv,SAC,energy_harv,4,100095,0,1,0,1309.422,1.05118,8.95,11.05,7.532,173.849,5079.5
SAC-energy_harv,SAC,energy_harv,4,100096,1,0,0,814.032,0.63658,5.65,10.485,9.195,88.532,5059.7
SAC-energy_harv,SAC,energy_harv,4,100097,1,0,0,1102.983,0.88997,7.5,10.088,8.155,135.258,5089.2
SAC-energy_harv,SAC,energy_harv,4,100098,1,0,0,623.186,0.51009,4.3,8.969,7.811,79.782,5051.3
SAC-energy_harv,SAC,energy_harv,4,100099,1,0,0,702.823,0.56041,4.85,9.667,8.321,84.469,5062.7
SAC-energy_harv,SAC,energy_harv,4,100100,1,0,0,705.255,0.56139,4.95,8.94,7.98,88.382,5029.0
SAC-energy_harv,SAC,energy_harv,4,100101,1,0,0,1097.481,0.88278,7.4,11.834,9.617,114.118,5108.3
SAC-energy_harv,SAC,energy_harv,4,100102,1,0,0,1017.091,0.8038,7.0,11.843,10.819,94.01,5072.1
SAC-energy_harv,SAC,energy_harv,4,100103,0,1,0,368.092,0.29471,2.55,4.588,9.007,40.869,5051.9
SAC-energy_harv,SAC,energy_harv,4,100104,1,0,0,948.569,0.77646,6.35,11.521,9.087,104.387,5116.6
SAC-energy_harv,SAC,energy_harv,4,100105,1,0,0,825.94,0.6512,5.7,10.714,9.044,91.32,5068.2
SAC-energy_harv,SAC,energy_harv,4,100106,1,0,0,984.253,0.80212,6.6,12.405,10.656,92.366,5115.1
SAC-energy_harv,SAC,energy_harv,4,100107,1,0,0,753.243,0.63516,5.05,9.82,8.604,87.546,5100.7
SAC-energy_harv,SAC,energy_harv,4,100108,1,0,0,788.71,0.63867,5.25,9.511,8.316,94.847,5132.9
SAC-energy_harv,SAC,energy_harv,4,100109,1,0,0,1029.823,0.84388,6.8,11.491,10.199,100.975,5145.6
SAC-energy_harv,SAC,energy_harv,4,100110,1,0,0,680.588,0.5401,4.8,9.596,8.27,82.293,5019.8
SAC-energy_harv,SAC,energy_harv,4,100111,0,1,0,339.438,0.31682,1.95,4.022,10.062,33.736,5397.7
SAC-energy_harv,SAC,energy_harv,4,100112,1,0,0,772.264,0.64465,5.1,9.66,8.496,90.895,5136.0
SAC-energy_harv,SAC,energy_harv,4,100113,0,1,0,620.312,0.50557,4.2,6.457,7.613,81.485,5093.5
SAC-energy_harv,SAC,energy_harv,4,100114,1,0,0,747.564,0.585,5.3,9.256,8.18,91.385,5014.9
SAC-energy_harv,SAC,energy_harv,4,100115,1,0,0,695.405,0.54895,4.95,9.563,8.766,79.328,5003.8
SAC-energy_harv,SAC,energy_harv,4,100116,1,0,0,849.875,0.67601,5.75,9.91,9.065,93.751,5105.7
SAC-energy_harv,SAC,energy_harv,4,100117,1,0,0,774.121,0.59481,5.55,10.167,8.733,88.641,4999.9
SAC-energy_harv,SAC,energy_harv,4,100118,1,0,0,717.778,0.58859,4.9,9.57,8.486,84.582,5074.9
SAC-energy_harv,SAC,energy_harv,4,100119,1,0,0,759.55,0.61779,5.2,8.915,7.886,96.322,5072.9
SAC-energy_harv,SAC,energy_harv,4,100120,1,0,0,668.88,0.52781,4.65,9.24,8.456,79.101,5051.8
SAC-energy_harv,SAC,energy_harv,4,100121,1,0,0,651.234,0.50972,4.65,8.71,8.116,80.239,5001.9
SAC-energy_harv,SAC,energy_harv,4,100122,0,1,0,475.764,0.37099,3.35,6.265,8.641,55.056,5029.7
SAC-energy_harv,SAC,energy_harv,4,100123,1,0,0,875.95,0.70035,6.1,11.889,9.053,96.757,5044.8
SAC-energy_harv,SAC,energy_harv,4,100124,1,0,0,967.125,0.76635,6.7,11.96,9.122,106.022,5058.3
SAC-energy_harv,SAC,energy_harv,4,100125,0,1,0,259.859,0.2507,1.45,2.553,8.265,31.443,5449.3
SAC-energy_harv,SAC,energy_harv,4,100126,1,0,0,741.085,0.59721,5.1,9.496,8.626,85.908,5064.4
SAC-energy_harv,SAC,energy_harv,4,100127,1,0,0,939.588,0.76611,6.35,9.874,8.644,108.699,5097.2
SAC-energy_harv,SAC,energy_harv,4,100128,1,0,0,896.26,0.72191,6.2,11.686,8.526,105.121,5053.4
SAC-energy_harv,SAC,energy_harv,4,100129,1,0,0,823.831,0.64728,5.8,10.662,9.076,90.768,5028.7
SAC-energy_harv,SAC,energy_harv,4,100130,1,0,0,561.599,0.43951,4.0,8.778,8.1,69.337,5005.1
SAC-energy_harv,SAC,energy_harv,4,100131,1,0,0,1080.454,0.8919,7.15,11.975,8.285,130.418,5135.1
SAC-energy_harv,SAC,energy_harv,4,100132,1,0,0,713.784,0.55954,5.0,9.384,8.666,82.363,5039.9
SAC-energy_harv,SAC,energy_harv,4,100133,1,0,0,706.998,0.57245,4.95,9.464,7.926,89.196,5028.4
SAC-energy_harv,SAC,energy_harv,4,100134,1,0,0,847.302,0.68827,5.8,12.221,9.972,84.966,5072.5
SAC-energy_harv,SAC,energy_harv,4,100135,1,0,0,842.618,0.67274,5.75,9.321,7.889,106.814,5086.3
SAC-energy_harv,SAC,energy_harv,4,100136,1,0,0,812.413,0.63181,5.75,12.011,10.838,74.957,5021.5
SAC-energy_harv,SAC,energy_harv,4,100137,1,0,0,1092.897,0.86663,7.55,13.699,11.395,95.91,5063.1
SAC-energy_harv,SAC,energy_harv,4,100138,0,1,0,269.742,0.26054,1.5,2.614,8.268,32.626,5456.6
SAC-energy_harv,SAC,energy_harv,4,100139,1,0,0,721.142,0.57159,5.05,9.52,8.537,84.476,5036.1
SAC-energy_harv,SAC,energy_harv,4,100140,0,1,0,415.345,0.35709,2.6,4.292,7.88,52.711,5240.1
SAC-energy_harv,SAC,energy_harv,4,100141,0,1,0,411.38,0.32722,2.85,5.106,8.995,45.735,5055.4
SAC-energy_harv,SAC,energy_harv,4,100142,1,0,0,727.215,0.58056,5.05,9.124,8.179,88.912,5051.9
SAC-energy_harv,SAC,energy_harv,4,100143,1,0,0,826.159,0.66534,5.55,8.814,7.809,105.799,5115.9
SAC-energy_harv,SAC,energy_harv,4,100144,1,0,0,661.817,0.54045,4.45,8.015,7.597,87.113,5107.9
SAC-energy_harv,SAC,energy_harv,4,100145,1,0,0,737.329,0.59483,4.95,9.725,8.422,87.552,5116.5
SAC-energy_harv,SAC,energy_harv,4,100146,1,0,0,733.191,0.60458,5.05,9.961,8.28,88.554,5054.1
SAC-energy_harv,SAC,energy_harv,4,100147,1,0,0,820.532,0.65519,5.6,10.772,9.371,87.557,5086.3
SAC-energy_harv,SAC,energy_harv,4,100148,1,0,0,790.49,0.65838,5.2,10.308,8.724,90.615,5144.5
SAC-energy_harv,SAC,energy_harv,4,100149,0,1,0,441.529,0.35198,2.95,4.734,8.832,49.992,5131.2
SAC-energy_harv,SAC,energy_harv,4,100150,1,0,0,1145.036,0.96495,7.5,12.351,9.058,126.415,5149.3
SAC-energy_harv,SAC,energy_harv,4,100151,1,0,0,699.753,0.5575,4.8,8.48,8.246,84.863,5077.1
SAC-energy_harv,SAC,energy_harv,4,100152,1,0,0,792.975,0.64298,5.4,9.281,7.9,100.376,5084.6
SAC-energy_harv,SAC,energy_harv,4,100153,1,0,0,792.453,0.63262,5.4,10.177,8.949,88.552,5090.0
SAC-energy_harv,SAC,energy_harv,4,100154,1,0,0,574.312,0.44105,4.15,9.024,8.276,69.397,4983.8
SAC-energy_harv,SAC,energy_harv,4,100155,0,1,0,486.206,0.39744,3.25,5.336,8.362,58.147,5120.3
SAC-energy_harv,SAC,energy_harv,4,100156,0,1,0,507.522,0.43589,3.25,5.944,8.31,61.077,5191.4
SAC-energy_harv,SAC,energy_harv,4,100157,0,1,0,520.218,0.43407,3.4,6.241,9.876,52.674,5160.1
SAC-energy_harv,SAC,energy_harv,4,100158,0,1,0,629.947,0.50044,4.3,6.808,8.77,71.833,5087.8
SAC-energy_harv,SAC,energy_harv,4,100159,1,0,0,721.775,0.58272,5.0,9.433,8.307,86.89,5051.4
SAC-energy_harv,SAC,energy_harv,4,100160,1,0,0,828.513,0.65387,5.8,10.509,8.584,96.516,5038.0
SAC-energy_harv,SAC,energy_harv,4,100161,1,0,0,763.495,0.61174,5.3,10.35,9.016,84.683,5048.4
SAC-energy_harv,SAC,energy_harv,4,100162,1,0,0,1448.624,1.1498,9.85,13.519,9.181,157.78,5096.1
SAC-energy_harv,SAC,energy_harv,4,100163,1,0,0,926.832,0.74358,6.3,10.934,9.207,100.662,5093.0
SAC-energy_harv,SAC,energy_harv,4,100164,1,0,0,631.509,0.50827,4.5,10.767,9.548,66.141,4993.7
SAC-energy_harv,SAC,energy_harv,4,100165,1,0,0,732.361,0.61363,4.95,9.164,7.827,93.566,5085.4
SAC-energy_harv,SAC,energy_harv,4,100166,0,1,0,381.281,0.32314,2.55,4.607,8.452,45.11,5102.9
SAC-energy_harv,SAC,energy_harv,4,100167,1,0,0,703.092,0.56197,4.8,9.541,8.696,80.855,5084.6
SAC-energy_harv,SAC,energy_harv,4,100168,0,1,0,654.529,0.5287,4.35,6.307,8.828,74.146,5137.5
SAC-energy_harv,SAC,energy_harv,4,100169,1,0,0,681.568,0.53849,4.75,9.232,8.158,83.542,5046.5
SAC-energy_harv,SAC,energy_harv,4,100170,1,0,0,648.04,0.49476,4.7,9.104,7.95,81.516,4978.8
SAC-energy_harv,SAC,energy_harv,4,100171,0,1,0,368.65,0.29095,2.55,4.145,8.252,44.675,5062.0
SAC-energy_harv,SAC,energy_harv,4,100172,1,0,0,795.909,0.64708,5.5,10.593,8.797,90.473,5051.3
SAC-energy_harv,SAC,energy_harv,4,100173,1,0,0,807.911,0.64279,5.55,10.342,9.102,88.764,5073.9
SAC-energy_harv,SAC,energy_harv,4,100174,1,0,0,974.493,0.79598,6.45,11.133,7.649,127.395,5139.3
SAC-energy_harv,SAC,energy_harv,4,100175,1,0,0,882.632,0.70333,6.05,11.358,9.783,90.217,5077.7
SAC-energy_harv,SAC,energy_harv,4,100176,1,0,0,860.581,0.70085,5.75,9.566,8.567,100.458,5121.5
SAC-energy_harv,SAC,energy_harv,4,100177,1,0,0,716.239,0.58942,4.8,9.161,8.088,88.559,5112.6
SAC-energy_harv,SAC,energy_harv,4,100178,0,1,0,448.078,0.37169,2.95,4.668,7.551,59.344,5144.4
SAC-energy_harv,SAC,energy_harv,4,100179,0,1,0,705.403,0.56129,4.75,8.535,10.152,69.486,5115.4
SAC-energy_harv,SAC,energy_harv,4,100180,1,0,0,760.086,0.60519,5.2,9.06,7.932,95.822,5081.8
SAC-energy_harv,SAC,energy_harv,4,100181,0,1,0,288.071,0.26195,1.7,3.237,8.764,32.868,5346.7
SAC-energy_harv,SAC,energy_harv,4,100182,1,0,0,703.175,0.54307,5.0,9.133,8.323,84.488,5015.1
SAC-energy_harv,SAC,energy_harv,4,100183,1,0,0,1054.92,0.83535,7.35,13.665,10.261,102.811,5045.7
SAC-energy_harv,SAC,energy_harv,4,100184,0,1,0,633.44,0.53423,4.1,6.749,8.328,76.058,5174.3
SAC-energy_harv,SAC,energy_harv,4,100185,1,0,0,761.055,0.61093,5.35,10.015,8.052,94.515,5022.7
SAC-energy_harv,SAC,energy_harv,4,100186,1,0,0,806.034,0.64844,5.5,10.353,8.821,91.374,5083.6
SAC-energy_harv,SAC,energy_harv,4,100187,0,1,0,414.13,0.34276,2.8,5.634,9.124,45.39,5091.5
SAC-energy_harv,SAC,energy_harv,4,100188,1,0,0,665.977,0.5357,4.55,7.696,7.177,92.79,5080.3
SAC-energy_harv,SAC,energy_harv,4,100189,1,0,0,813.467,0.65351,5.5,9.173,7.6,107.032,5102.8
SAC-energy_harv,SAC,energy_harv,4,100190,1,0,0,719.224,0.5842,4.85,8.766,7.866,91.435,5104.2
SAC-energy_harv,SAC,energy_harv,4,100191,0,1,0,272.257,0.26447,1.5,2.554,7.798,34.916,5476.6
SAC-energy_harv,SAC,energy_harv,4,100192,1,0,0,842.821,0.69318,5.6,9.623,8.535,98.753,5129.4
SAC-energy_harv,SAC,energy_harv,4,100193,0,1,0,373.335,0.3004,2.5,4.391,8.356,44.68,5122.5
SAC-energy_harv,SAC,energy_harv,4,100194,1,0,0,950.421,0.76654,6.4,11.77,10.109,94.021,5110.0
SAC-energy_harv,SAC,energy_harv,4,100195,1,0,0,749.673,0.6048,5.25,9.702,7.92,94.65,5026.8
SAC-energy_harv,SAC,energy_harv,4,100196,1,0,0,1344.241,1.06478,9.2,14.518,10.254,131.09,5083.3
SAC-energy_harv,SAC,energy_harv,4,100197,0,1,0,556.003,0.462,3.65,5.783,7.744,71.802,5152.1
SAC-energy_harv,SAC,energy_harv,4,100198,1,0,0,841.504,0.67211,5.7,10.562,9.256,90.915,5102.1
SAC-energy_harv,SAC,energy_harv,4,100199,1,0,0,837.501,0.68563,5.6,9.765,7.993,104.785,5118.6
A*+PD,A*+PD,map-based,,100000,1,0,0,894.629,0.7057,6.05,9.619,9.237,96.85,5110.2
A*+PD,A*+PD,map-based,,100001,1,0,0,854.047,0.67864,5.7,9.033,9.015,94.737,5135.1
A*+PD,A*+PD,map-based,,100002,1,0,0,739.768,0.58218,5.0,7.751,7.502,98.613,5112.5
A*+PD,A*+PD,map-based,,100003,1,0,0,798.63,0.62706,5.4,8.416,8.219,97.168,5112.8
A*+PD,A*+PD,map-based,,100004,1,0,0,913.453,0.73971,6.0,9.58,9.385,97.326,5161.1
A*+PD,A*+PD,map-based,,100005,1,0,0,783.317,0.62836,5.15,7.975,8.165,95.932,5162.9
A*+PD,A*+PD,map-based,,100006,1,0,0,797.351,0.63951,5.3,8.264,8.278,96.32,5139.7
A*+PD,A*+PD,map-based,,100007,1,0,0,946.762,0.75727,6.25,10.087,10.155,93.233,5155.5
A*+PD,A*+PD,map-based,,100008,1,0,0,719.449,0.56728,4.85,7.409,7.34,98.02,5117.2
A*+PD,A*+PD,map-based,,100009,1,0,0,768.636,0.61411,5.1,7.916,7.79,98.676,5145.0
A*+PD,A*+PD,map-based,,100010,1,0,0,712.739,0.56516,4.8,7.407,7.373,96.666,5116.5
A*+PD,A*+PD,map-based,,100011,1,0,0,813.81,0.66129,5.3,8.224,7.931,102.608,5177.7
A*+PD,A*+PD,map-based,,100012,1,0,0,847.314,0.66343,5.75,9.162,9.32,90.911,5106.4
A*+PD,A*+PD,map-based,,100013,1,0,0,727.355,0.57091,4.95,7.671,7.38,98.558,5098.9
A*+PD,A*+PD,map-based,,100014,1,0,0,822.459,0.63618,5.7,9.029,8.825,93.192,5067.6
A*+PD,A*+PD,map-based,,100015,1,0,0,898.599,0.70579,6.1,9.775,9.791,91.781,5104.3
A*+PD,A*+PD,map-based,,100016,1,0,0,847.951,0.67302,5.65,8.783,8.596,98.65,5139.1
A*+PD,A*+PD,map-based,,100017,1,0,0,736.131,0.57363,5.05,7.745,7.793,94.461,5085.6
A*+PD,A*+PD,map-based,,100018,1,0,0,835.679,0.64621,5.8,9.128,9.017,92.678,5064.7
A*+PD,A*+PD,map-based,,100019,1,0,0,901.818,0.70777,6.1,9.717,9.673,93.233,5112.2
A*+PD,A*+PD,map-based,,100020,1,0,0,779.851,0.61403,5.25,8.154,7.819,99.74,5120.8
A*+PD,A*+PD,map-based,,100021,1,0,0,839.664,0.68408,5.45,8.492,8.23,102.027,5183.5
A*+PD,A*+PD,map-based,,100022,1,0,0,823.137,0.64794,5.6,8.835,8.664,95.005,5098.1
A*+PD,A*+PD,map-based,,100023,1,0,0,816.847,0.65293,5.4,8.39,8.437,96.816,5152.7
A*+PD,A*+PD,map-based,,100024,1,0,0,868.665,0.68358,5.85,9.206,9.114,95.308,5120.3
A*+PD,A*+PD,map-based,,100025,1,0,0,892.723,0.72452,5.8,9.329,9.6,92.988,5183.2
A*+PD,A*+PD,map-based,,100026,1,0,0,869.657,0.68128,5.9,9.375,9.501,91.532,5106.8
A*+PD,A*+PD,map-based,,100027,1,0,0,910.826,0.72123,6.1,9.693,9.666,94.231,5129.2
A*+PD,A*+PD,map-based,,100028,1,0,0,767.705,0.61842,5.05,7.757,7.748,99.08,5160.0
A*+PD,A*+PD,map-based,,100029,1,0,0,855.384,0.69439,5.6,8.91,9.057,94.446,5167.0
A*+PD,A*+PD,map-based,,100030,1,0,0,847.652,0.66182,5.8,9.216,9.276,91.383,5090.1
A*+PD,A*+PD,map-based,,100031,1,0,0,777.911,0.62145,5.15,7.965,8.038,96.782,5150.0
A*+PD,A*+PD,map-based,,100032,1,0,0,762.659,0.59764,5.2,8.146,7.982,95.55,5095.8
A*+PD,A*+PD,map-based,,100033,1,0,0,827.93,0.65266,5.6,8.787,8.528,97.088,5110.3
A*+PD,A*+PD,map-based,,100034,1,0,0,785.527,0.62199,5.25,8.183,7.85,100.061,5133.7
A*+PD,A*+PD,map-based,,100035,1,0,0,859.657,0.6705,5.9,9.262,8.919,96.381,5084.1
A*+PD,A*+PD,map-based,,100036,1,0,0,974.036,0.77277,6.6,10.874,10.5,92.767,5104.5
A*+PD,A*+PD,map-based,,100037,1,0,0,765.917,0.60032,5.25,8.219,8.231,93.056,5084.0
A*+PD,A*+PD,map-based,,100038,1,0,0,893.111,0.70106,6.05,9.809,9.882,90.379,5109.0
A*+PD,A*+PD,map-based,,100039,1,0,0,843.478,0.67164,5.6,8.664,8.568,98.441,5145.3
A*+PD,A*+PD,map-based,,100040,1,0,0,958.506,0.74362,6.6,10.762,10.951,87.527,5079.9
A*+PD,A*+PD,map-based,,100041,1,0,0,780.847,0.62745,5.15,7.932,7.696,101.459,5155.3
A*+PD,A*+PD,map-based,,100042,1,0,0,780.802,0.61517,5.25,8.149,7.881,99.071,5123.1
A*+PD,A*+PD,map-based,,100043,1,0,0,736.481,0.58119,4.95,7.57,7.344,100.277,5123.3
A*+PD,A*+PD,map-based,,100044,1,0,0,992.168,0.80131,6.5,10.74,10.63,93.337,5167.4
A*+PD,A*+PD,map-based,,100045,1,0,0,819.337,0.64914,5.5,8.507,8.206,99.842,5124.2
A*+PD,A*+PD,map-based,,100046,1,0,0,692.196,0.53937,4.75,7.276,7.34,94.311,5085.0
A*+PD,A*+PD,map-based,,100047,1,0,0,855.524,0.68591,5.65,8.921,8.979,95.284,5153.5
A*+PD,A*+PD,map-based,,100048,1,0,0,838.271,0.68106,5.45,8.502,8.494,98.689,5181.4
A*+PD,A*+PD,map-based,,100049,1,0,0,763.057,0.60902,5.05,7.736,7.661,99.604,5151.0
A*+PD,A*+PD,map-based,,100050,1,0,0,862.77,0.68255,5.8,9.239,9.061,95.216,5121.5
A*+PD,A*+PD,map-based,,100051,1,0,0,956.917,0.74901,6.5,10.528,10.669,89.691,5104.5
A*+PD,A*+PD,map-based,,100052,1,0,0,740.751,0.59166,5.0,7.767,7.616,97.258,5109.9
A*+PD,A*+PD,map-based,,100053,1,0,0,837.47,0.65475,5.7,9.048,9.208,90.954,5100.9
A*+PD,A*+PD,map-based,,100054,1,0,0,767.781,0.60654,5.15,8.053,7.938,96.72,5127.0
A*+PD,A*+PD,map-based,,100055,1,0,0,829.72,0.66053,5.55,8.732,8.521,97.371,5129.6
A*+PD,A*+PD,map-based,,100056,1,0,0,826.82,0.66246,5.45,8.475,8.489,97.395,5157.9
A*+PD,A*+PD,map-based,,100057,1,0,0,792.118,0.62698,5.3,8.14,7.79,101.688,5131.5
A*+PD,A*+PD,map-based,,100058,1,0,0,747.039,0.60446,4.95,7.691,7.642,97.757,5143.4
A*+PD,A*+PD,map-based,,100059,1,0,0,810.283,0.64412,5.4,8.534,8.522,95.082,5137.9
A*+PD,A*+PD,map-based,,100060,1,0,0,912.829,0.71255,6.25,10.233,10.335,88.327,5089.0
A*+PD,A*+PD,map-based,,100061,1,0,0,779.656,0.61742,5.25,8.133,8.108,96.159,5117.5
A*+PD,A*+PD,map-based,,100062,1,0,0,785.95,0.63117,5.2,8.036,7.732,101.642,5149.1
A*+PD,A*+PD,map-based,,100063,1,0,0,775.181,0.62692,5.15,8.036,7.751,100.005,5137.9
A*+PD,A*+PD,map-based,,100064,1,0,0,843.475,0.6798,5.6,8.942,8.763,96.255,5140.8
A*+PD,A*+PD,map-based,,100065,1,0,0,746.274,0.59223,5.0,7.66,7.861,94.935,5127.4
A*+PD,A*+PD,map-based,,100066,1,0,0,879.833,0.69383,5.95,9.372,9.127,96.403,5110.4
A*+PD,A*+PD,map-based,,100067,1,0,0,818.457,0.64068,5.6,8.942,8.907,91.893,5088.9
A*+PD,A*+PD,map-based,,100068,1,0,0,794.63,0.62661,5.35,8.341,8.563,92.797,5119.9
A*+PD,A*+PD,map-based,,100069,1,0,0,843.375,0.6624,5.7,9.023,9.012,93.579,5113.6
A*+PD,A*+PD,map-based,,100070,1,0,0,877.913,0.69219,5.9,9.359,9.473,92.672,5123.9
A*+PD,A*+PD,map-based,,100071,1,0,0,799.388,0.63294,5.35,8.286,8.226,97.179,5130.8
A*+PD,A*+PD,map-based,,100072,1,0,0,758.863,0.59684,5.2,8.075,7.937,95.606,5082.7
A*+PD,A*+PD,map-based,,100073,1,0,0,822.406,0.65212,5.5,8.581,8.545,96.241,5131.8
A*+PD,A*+PD,map-based,,100074,1,0,0,942.419,0.74883,6.35,10.313,10.228,92.137,5114.8
A*+PD,A*+PD,map-based,,100075,1,0,0,784.429,0.63132,5.15,7.93,8.097,96.882,5164.5
A*+PD,A*+PD,map-based,,100076,1,0,0,762.809,0.60371,5.1,7.896,7.909,96.444,5133.1
A*+PD,A*+PD,map-based,,100077,1,0,0,761.98,0.58852,5.3,8.229,7.922,96.188,5060.6
A*+PD,A*+PD,map-based,,100078,1,0,0,956.207,0.77147,6.25,10.116,10.244,93.341,5172.9
A*+PD,A*+PD,map-based,,100079,1,0,0,856.585,0.66497,5.9,9.39,9.43,90.833,5078.9
A*+PD,A*+PD,map-based,,100080,1,0,0,829.655,0.6507,5.65,8.871,8.957,92.622,5098.0
A*+PD,A*+PD,map-based,,100081,1,0,0,914.526,0.72069,6.15,9.767,9.618,95.086,5122.7
A*+PD,A*+PD,map-based,,100082,1,0,0,818.064,0.64944,5.45,8.533,8.391,97.488,5139.3
A*+PD,A*+PD,map-based,,100083,1,0,0,783.801,0.63656,5.1,7.814,7.864,99.666,5179.7
A*+PD,A*+PD,map-based,,100084,1,0,0,927.467,0.73911,6.15,9.994,10.165,91.238,5147.6
A*+PD,A*+PD,map-based,,100085,1,0,0,796.334,0.62799,5.35,8.386,8.176,97.4,5124.5
A*+PD,A*+PD,map-based,,100086,1,0,0,764.894,0.60669,5.1,7.844,7.735,98.89,5138.0
A*+PD,A*+PD,map-based,,100087,1,0,0,828.662,0.64751,5.65,8.792,8.731,94.913,5097.3
A*+PD,A*+PD,map-based,,100088,1,0,0,860.804,0.68948,5.7,9.113,9.119,94.392,5148.4
A*+PD,A*+PD,map-based,,100089,1,0,0,808.392,0.62169,5.65,8.945,9.071,89.117,5052.7
A*+PD,A*+PD,map-based,,100090,1,0,0,844.788,0.67509,5.6,8.803,8.879,95.14,5147.0
A*+PD,A*+PD,map-based,,100091,1,0,0,746.799,0.58035,5.2,8.023,7.545,98.98,5055.8
A*+PD,A*+PD,map-based,,100092,1,0,0,804.327,0.64046,5.35,8.282,8.325,96.618,5141.4
A*+PD,A*+PD,map-based,,100093,1,0,0,840.611,0.66003,5.7,8.96,9.047,92.912,5106.9
A*+PD,A*+PD,map-based,,100094,1,0,0,724.973,0.57472,4.85,7.51,7.539,96.16,5131.1
A*+PD,A*+PD,map-based,,100095,1,0,0,763.541,0.61501,5.05,7.872,7.532,101.374,5147.8
A*+PD,A*+PD,map-based,,100096,1,0,0,833.202,0.65235,5.7,9.196,9.195,90.617,5089.0
A*+PD,A*+PD,map-based,,100097,1,0,0,808.552,0.64429,5.4,8.452,8.155,99.152,5132.7
A*+PD,A*+PD,map-based,,100098,1,0,0,753.79,0.59172,5.1,7.812,7.811,96.503,5111.6
A*+PD,A*+PD,map-based,,100099,1,0,0,782.219,0.61613,5.3,8.194,8.321,94.011,5106.8
A*+PD,A*+PD,map-based,,100100,1,0,0,770.017,0.6049,5.2,7.994,7.98,96.498,5115.3
A*+PD,A*+PD,map-based,,100101,1,0,0,885.898,0.70563,5.95,9.653,9.617,92.117,5121.2
A*+PD,A*+PD,map-based,,100102,1,0,0,982.073,0.76658,6.7,10.789,10.819,90.773,5096.6
A*+PD,A*+PD,map-based,,100103,1,0,0,816.655,0.63203,5.65,8.975,9.007,90.673,5071.1
A*+PD,A*+PD,map-based,,100104,1,0,0,865.942,0.69219,5.75,9.191,9.087,95.294,5143.4
A*+PD,A*+PD,map-based,,100105,1,0,0,846.008,0.67265,5.65,8.96,9.044,93.539,5133.3
A*+PD,A*+PD,map-based,,100106,1,0,0,960.021,0.76093,6.45,10.589,10.656,90.092,5122.0
A*+PD,A*+PD,map-based,,100107,1,0,0,819.135,0.65173,5.45,8.507,8.604,95.204,5141.1
A*+PD,A*+PD,map-based,,100108,1,0,0,808.184,0.64147,5.4,8.376,8.316,97.189,5133.2
A*+PD,A*+PD,map-based,,100109,1,0,0,974.162,0.7854,6.4,10.246,10.199,95.518,5162.2
A*+PD,A*+PD,map-based,,100110,1,0,0,818.481,0.63847,5.6,8.662,8.27,98.966,5090.7
A*+PD,A*+PD,map-based,,100111,1,0,0,925.097,0.74084,6.1,9.88,10.062,91.944,5157.4
A*+PD,A*+PD,map-based,,100112,1,0,0,857.687,0.69484,5.6,8.735,8.496,100.949,5173.4
A*+PD,A*+PD,map-based,,100113,1,0,0,733.952,0.57714,4.95,7.599,7.613,96.413,5117.6
A*+PD,A*+PD,map-based,,100114,1,0,0,766.72,0.59885,5.25,8.152,8.18,93.726,5088.4
A*+PD,A*+PD,map-based,,100115,1,0,0,805.196,0.62749,5.5,8.656,8.766,91.853,5094.8
A*+PD,A*+PD,map-based,,100116,1,0,0,845.22,0.67065,5.65,8.957,9.065,93.238,5132.3
A*+PD,A*+PD,map-based,,100117,1,0,0,814.964,0.63316,5.6,8.795,8.733,93.318,5083.6
A*+PD,A*+PD,map-based,,100118,1,0,0,832.367,0.66748,5.5,8.622,8.486,98.085,5152.4
A*+PD,A*+PD,map-based,,100119,1,0,0,762.944,0.61283,5.05,7.828,7.886,96.752,5148.1
A*+PD,A*+PD,map-based,,100120,1,0,0,810.288,0.63844,5.45,8.571,8.456,95.824,5122.4
A*+PD,A*+PD,map-based,,100121,1,0,0,766.58,0.60193,5.2,8.135,8.116,94.451,5105.8
A*+PD,A*+PD,map-based,,100122,1,0,0,792.047,0.62002,5.4,8.555,8.641,91.657,5096.5
A*+PD,A*+PD,map-based,,100123,1,0,0,855.515,0.6794,5.75,9.208,9.053,94.5,5120.1
A*+PD,A*+PD,map-based,,100124,1,0,0,882.653,0.69022,6.0,9.493,9.122,96.762,5103.4
A*+PD,A*+PD,map-based,,100125,1,0,0,778.771,0.6127,5.25,8.217,8.265,94.23,5118.2
A*+PD,A*+PD,map-based,,100126,1,0,0,826.347,0.65862,5.5,8.676,8.626,95.792,5139.7
A*+PD,A*+PD,map-based,,100127,1,0,0,805.564,0.62436,5.55,8.695,8.644,93.194,5079.2
A*+PD,A*+PD,map-based,,100128,1,0,0,794.113,0.62124,5.4,8.513,8.526,93.14,5102.5
A*+PD,A*+PD,map-based,,100129,1,0,0,827.082,0.64134,5.7,9.079,9.076,91.126,5078.3
A*+PD,A*+PD,map-based,,100130,1,0,0,757.944,0.58482,5.3,8.209,8.1,93.579,5050.0
A*+PD,A*+PD,map-based,,100131,1,0,0,803.546,0.64634,5.35,8.468,8.285,96.993,5135.6
A*+PD,A*+PD,map-based,,100132,1,0,0,829.813,0.65223,5.6,8.876,8.666,95.752,5116.4
A*+PD,A*+PD,map-based,,100133,1,0,0,782.191,0.61752,5.25,8.164,7.926,98.682,5126.0
A*+PD,A*+PD,map-based,,100134,1,0,0,889.054,0.69712,6.05,9.812,9.972,89.153,5099.9
A*+PD,A*+PD,map-based,,100135,1,0,0,811.65,0.65817,5.3,8.249,7.889,102.888,5172.8
A*+PD,A*+PD,map-based,,100136,1,0,0,956.533,0.74349,6.6,10.808,10.838,88.254,5074.6
A*+PD,A*+PD,map-based,,100137,1,0,0,1001.987,0.7751,6.95,11.532,11.395,87.932,5065.8
A*+PD,A*+PD,map-based,,100138,1,0,0,824.32,0.65927,5.45,8.484,8.268,99.704,5152.2
A*+PD,A*+PD,map-based,,100139,1,0,0,810.107,0.63891,5.45,8.386,8.537,94.897,5121.5
A*+PD,A*+PD,map-based,,100140,1,0,0,810.971,0.65704,5.3,8.147,7.88,102.92,5171.4
A*+PD,A*+PD,map-based,,100141,1,0,0,819.204,0.6426,5.55,8.841,8.995,91.074,5109.1
A*+PD,A*+PD,map-based,,100142,1,0,0,782.725,0.61791,5.25,8.181,8.179,95.699,5127.5
A*+PD,A*+PD,map-based,,100143,1,0,0,742.502,0.58444,5.0,7.727,7.809,95.085,5120.4
A*+PD,A*+PD,map-based,,100144,1,0,0,740.429,0.58843,4.95,7.553,7.597,97.461,5131.4
A*+PD,A*+PD,map-based,,100145,1,0,0,806.195,0.63881,5.4,8.412,8.422,95.729,5128.8
A*+PD,A*+PD,map-based,,100146,1,0,0,788.851,0.63208,5.2,8.123,8.28,95.276,5157.8
A*+PD,A*+PD,map-based,,100147,1,0,0,856.467,0.67164,5.8,9.251,9.371,91.391,5110.1
A*+PD,A*+PD,map-based,,100148,1,0,0,854.288,0.69304,5.55,8.683,8.724,97.929,5183.5
A*+PD,A*+PD,map-based,,100149,1,0,0,832.126,0.6434,5.8,9.086,8.832,94.218,5055.7
A*+PD,A*+PD,map-based,,100150,1,0,0,859.026,0.67923,5.75,9.126,9.058,94.839,5131.1
A*+PD,A*+PD,map-based,,100151,1,0,0,770.604,0.6113,5.15,8.069,8.246,93.456,5133.0
A*+PD,A*+PD,map-based,,100152,1,0,0,768.983,0.61277,5.1,7.886,7.9,97.339,5147.2
A*+PD,A*+PD,map-based,,100153,1,0,0,873.188,0.6899,5.85,9.196,8.949,97.574,5129.5
A*+PD,A*+PD,map-based,,100154,1,0,0,761.95,0.58359,5.35,8.281,8.276,92.07,5045.0
A*+PD,A*+PD,map-based,,100155,1,0,0,800.517,0.63373,5.35,8.306,8.362,95.736,5133.8
A*+PD,A*+PD,map-based,,100156,1,0,0,802.621,0.63678,5.35,8.326,8.31,96.59,5138.5
A*+PD,A*+PD,map-based,,100157,1,0,0,901.771,0.70848,6.1,9.777,9.876,91.308,5111.6
A*+PD,A*+PD,map-based,,100158,1,0,0,824.293,0.64964,5.55,8.854,8.77,93.994,5120.0
A*+PD,A*+PD,map-based,,100159,1,0,0,821.176,0.64902,5.5,8.533,8.307,98.857,5130.0
A*+PD,A*+PD,map-based,,100160,1,0,0,823.259,0.64917,5.55,8.772,8.584,95.904,5117.1
A*+PD,A*+PD,map-based,,100161,1,0,0,843.408,0.66231,5.7,8.959,9.016,93.547,5113.8
A*+PD,A*+PD,map-based,,100162,1,0,0,899.996,0.70943,6.05,9.665,9.181,98.025,5123.4
A*+PD,A*+PD,map-based,,100163,1,0,0,866.733,0.68224,5.85,9.313,9.207,94.135,5115.4
A*+PD,A*+PD,map-based,,100164,1,0,0,864.604,0.68083,5.85,9.469,9.548,90.554,5110.0
A*+PD,A*+PD,map-based,,100165,1,0,0,775.193,0.62499,5.1,7.85,7.827,99.038,5159.2
A*+PD,A*+PD,map-based,,100166,1,0,0,788.632,0.61894,5.35,8.463,8.452,93.305,5105.9
A*+PD,A*+PD,map-based,,100167,1,0,0,833.515,0.66199,5.55,8.671,8.696,95.854,5140.3
A*+PD,A*+PD,map-based,,100168,1,0,0,831.741,0.65286,5.65,8.903,8.828,94.22,5103.1
A*+PD,A*+PD,map-based,,100169,1,0,0,769.988,0.61047,5.15,8.066,8.158,94.38,5131.4
A*+PD,A*+PD,map-based,,100170,1,0,0,736.749,0.56698,5.15,7.927,7.95,92.675,5051.9
A*+PD,A*+PD,map-based,,100171,1,0,0,761.685,0.59466,5.25,8.253,8.252,92.304,5074.1
A*+PD,A*+PD,map-based,,100172,1,0,0,843.821,0.67378,5.6,8.812,8.797,95.92,5145.0
A*+PD,A*+PD,map-based,,100173,1,0,0,859.637,0.68637,5.7,9.065,9.102,94.447,5146.8
A*+PD,A*+PD,map-based,,100174,1,0,0,738.128,0.57234,5.1,7.853,7.649,96.495,5072.8
A*+PD,A*+PD,map-based,,100175,1,0,0,923.277,0.72842,6.2,10.002,9.783,94.372,5125.2
A*+PD,A*+PD,map-based,,100176,1,0,0,823.25,0.66968,5.4,8.535,8.567,96.101,5162.4
A*+PD,A*+PD,map-based,,100177,1,0,0,771.525,0.61329,5.15,8.068,8.088,95.394,5134.6
A*+PD,A*+PD,map-based,,100178,1,0,0,715.82,0.56318,4.85,7.418,7.551,94.804,5107.4
A*+PD,A*+PD,map-based,,100179,1,0,0,923.406,0.71729,6.35,10.213,10.152,90.961,5082.0
A*+PD,A*+PD,map-based,,100180,1,0,0,765.89,0.60174,5.2,7.951,7.932,96.553,5103.8
A*+PD,A*+PD,map-based,,100181,1,0,0,812.567,0.64157,5.45,8.609,8.764,92.712,5127.4
A*+PD,A*+PD,map-based,,100182,1,0,0,756.611,0.58088,5.3,8.253,8.323,90.908,5048.8
A*+PD,A*+PD,map-based,,100183,1,0,0,934.128,0.73636,6.3,10.211,10.261,91.038,5116.3
A*+PD,A*+PD,map-based,,100184,1,0,0,819.591,0.65679,5.4,8.393,8.328,98.41,5158.8
A*+PD,A*+PD,map-based,,100185,1,0,0,811.491,0.64002,5.45,8.563,8.052,100.779,5125.1
A*+PD,A*+PD,map-based,,100186,1,0,0,834.136,0.65921,5.6,8.854,8.821,94.56,5125.1
A*+PD,A*+PD,map-based,,100187,1,0,0,843.909,0.65514,5.8,9.171,9.124,92.495,5083.6
A*+PD,A*+PD,map-based,,100188,1,0,0,721.365,0.57229,4.85,7.364,7.177,100.508,5120.3
A*+PD,A*+PD,map-based,,100189,1,0,0,777.733,0.62823,5.1,7.841,7.6,102.33,5165.4
A*+PD,A*+PD,map-based,,100190,1,0,0,794.891,0.64446,5.2,7.924,7.866,101.055,5168.9
A*+PD,A*+PD,map-based,,100191,1,0,0,753.274,0.59978,5.0,7.668,7.798,96.604,5145.8
A*+PD,A*+PD,map-based,,100192,1,0,0,854.002,0.69848,5.5,8.599,8.535,100.063,5198.7
A*+PD,A*+PD,map-based,,100193,1,0,0,792.892,0.62186,5.4,8.445,8.356,94.891,5097.9
A*+PD,A*+PD,map-based,,100194,1,0,0,914.222,0.72917,6.1,9.95,10.109,90.44,5134.2
A*+PD,A*+PD,map-based,,100195,1,0,0,753.194,0.59138,5.15,7.933,7.92,95.094,5089.3
A*+PD,A*+PD,map-based,,100196,1,0,0,890.857,0.68713,6.2,10.169,10.254,86.876,5060.1
A*+PD,A*+PD,map-based,,100197,1,0,0,758.592,0.60988,5.0,7.689,7.744,97.965,5156.7
A*+PD,A*+PD,map-based,,100198,1,0,0,868.673,0.68358,5.85,9.255,9.256,93.85,5120.3
A*+PD,A*+PD,map-based,,100199,1,0,0,784.111,0.64141,5.05,7.787,7.993,98.105,5198.6
